gene,model_name,recommended,bmd,bmdl,bmdu,aic,p_value1,p_value2,p_value3,p_value4,bmr,loglikelihood
AAMP_2,Polynomial 2,True,5.510551929473877,2.1930935252709696,7.103494824553337,17.237472268322346,0.0016206704080393708,0.462510297897452,0.462510297897452,0.5997583410952996,1.0 Standard Deviation,-5.618736134161173
AAR2_25893,Hill,True,0.4014936475894903,0.06819727683319149,2.516198378572967,59.121214274894974,0.0059462159468463005,0.24785129491044866,0.24785129491044866,0.9268979191822581,1.0 Standard Deviation,-25.560607137447487
AATF_26432,Hill,True,0.9115902769179527,0.16933024604432023,9.48404853367884,39.03773119875166,0.0021158569707862007,0.2006028301363021,0.2006028301363021,0.34416247288839286,1.0 Standard Deviation,-15.518865599375829
ABCA7_19998,Linear,True,6.509376764297485,3.774457020959851,23.37737569792512,44.438046839544874,0.028379930400428632,0.10368380368683316,0.10368380368683316,0.25383756287335324,1.0 Standard Deviation,-19.219023419772437
ABCB7_19494,Power,True,4.286141183388854,2.8275094471832416,9.860931846526812,40.463657652460384,0.017439767216473334,0.3441489454354151,0.3441489454354151,0.4572695661461801,1.0 Standard Deviation,-17.231828826230192
ABCB9_91718,Power,True,5.831112379542699,3.5150316215481174,16.9363952907247,20.732795274298454,0.02120646585014052,0.22863501987178114,0.22863501987178114,0.11951782113979648,1.0 Standard Deviation,-7.366397637149228
ABCC1_15868,Linear,True,1.788318157196045,1.0272330566980543,2.909579598870589,7.6550920356537775,8.438923265963183e-06,0.008046623233895156,0.1139209454252047,0.6114995689259628,1.0 Standard Deviation,0.17245398217311125
ABCC6_20229,Linear,True,4.8149049282073975,3.0786588551472343,10.920822060729996,46.2170656198639,0.04295525010838952,0.3670531897649353,0.3670531897649353,0.5678339087619941,1.0 Standard Deviation,-20.10853280993195
ABCE1_32,Linear,True,5.069742202758789,3.1940176950151358,12.159246702040104,37.34939370101346,0.021412039452906484,0.2493231692515765,0.2493231692515765,0.25389976319680585,1.0 Standard Deviation,-15.67469685050673
ABCF2_92347,Polynomial 2,True,6.469675302505493,3.0820767492524275,9.117858478417936,34.402675417336894,0.010062736352463353,0.3149024998261507,0.3149024998261507,0.3414781580423035,1.0 Standard Deviation,-14.201337708668447
ABHD1_88958,Linear,True,4.772051572799683,3.0589204304407316,10.726741649674755,55.3893404914721,0.004159288681113038,0.12467035224726053,0.12467035224726053,0.10973268829002614,1.0 Standard Deviation,-24.69467024573605
ABI1_18228,Polynomial 2,True,5.292255878448486,2.211593809956475,6.719400471218295,2.9676568033423654,0.0001537362517288754,0.1177896543288085,0.1177896543288085,0.527598260763182,1.0 Standard Deviation,1.5161715983288173
ABRAXAS1_16175,Linear,True,3.073837161064148,2.1757727199165866,5.156678970516031,41.18104354395486,0.00042443564518224175,0.2161058912830992,0.2161058912830992,0.2347585573003721,1.0 Standard Deviation,-17.59052177197743
ABT1_21258,Linear,True,8.041074275970459,8.021815857731497,8.069839857531054,24.511745866481878,0.0033596358925751524,0.016386657655025783,0.16400576034486813,0.30370429058662607,1.0 Standard Deviation,-8.255872933240939
ACACA_91723,Linear,True,0.9572696685791016,0.9224952053979594,0.9627097430248309,15.238608503918805,5.695648060966008e-07,0.0015045171515093436,0.7916482172757202,0.9148234448456103,1.0 Standard Deviation,-3.6193042519594023
ADCY7_26803,Linear,True,2.826312780380249,2.0291586598203497,4.585435222988305,40.87776880871375,0.00025871729193027715,0.27923294849096103,0.27923294849096103,0.2675042776069141,1.0 Standard Deviation,-17.438884404356877
ADGRL1_23280,Power,True,2.7576055239065216,1.9874891267156383,9.595565405864962,-9.58875757173214,0.0008579614202915975,0.6009608415529455,0.6009608415529455,0.559484238570852,1.0 Standard Deviation,7.79437878586607
AEN_18198,Linear,True,2.6853346824645996,1.9422866011895419,4.278536654456924,27.986974984176364,0.0006071024379965539,0.38362377326472563,0.38362377326472563,0.9479074612686618,1.0 Standard Deviation,-10.993487492088182
AFG1L_23517,Hill,True,0.2256688141628454,0.057731608640819346,0.9658285729282158,20.106978432270477,0.00080310939025241,0.42895710897114514,0.42895710897114514,0.9353855892827769,1.0 Standard Deviation,-6.0534892161352385
ALG1_13319,Polynomial 2,True,6.933698654174805,3.4072563110395655,10.373898322768369,23.07380319315836,0.01825802566384538,0.25948545276000234,0.25948545276000234,0.30917382179648467,1.0 Standard Deviation,-8.53690159657918
ALKBH1_88236,Power,True,5.1378611483905745,3.2237184518946513,10.22199862052882,-4.399728197120867,0.03036131307389711,0.5718160240968606,0.5718160240968606,0.1280875823915021,1.0 Standard Deviation,5.199864098560433
ALS2_10879,Linear,True,4.865503311157227,3.102733695943659,11.15607150811644,15.843112370182919,0.015135884228340335,0.22127146149525645,0.22127146149525645,0.2476389108423046,1.0 Standard Deviation,-4.921556185091459
AMOTL1_18638,Linear,True,4.7345781326293945,3.0417650318369005,10.55986621645175,26.768194326365954,0.03185377279014445,0.23881585674741124,0.23881585674741124,0.7269856183741117,1.0 Standard Deviation,-10.384097163182977
AMT_11074,Hill,True,0.13047157189720324,0.01634443403296115,1.0741276866478415,43.67825979413938,0.0024251223534101918,0.13772597543628862,0.13772597543628862,0.78329583267312,1.0 Standard Deviation,-17.83912989706969
AMZ2_93173,Exponential 5,True,2.9924464225769043,0.5865274541017998,10.264900986806731,19.34082907071244,0.034352309461980424,0.3320720193814717,0.3320720193814717,0.11114545833583223,1.0 Standard Deviation,-5.670414535356221
ANKS1A_20264,Linear,True,2.9343020915985107,2.0936263703758278,4.82983962170423,25.29254667802738,0.0003747568814953528,0.11724353720409475,0.11724353720409475,0.7220949808951543,1.0 Standard Deviation,-9.64627333901369
AP1G1_21853,Linear,True,2.6682090759277344,1.4271696674819858,6.598537000604625,34.87297807139553,0.0010664230912863504,0.044982109406161985,0.056638718419705136,0.11726255032628496,1.0 Standard Deviation,-13.436489035697765
AP3S1_93087,Polynomial 2,True,6.925089359283447,3.079533448688798,10.48028553581014,15.438455092340881,0.08670063623428881,0.583384482423268,0.583384482423268,0.9198922243354528,1.0 Standard Deviation,-4.7192275461704405
APEX2_33605,Linear,True,4.781050682067871,3.0631018647625696,10.766672483062528,10.628464669712573,0.013979117647498485,0.2160544228126351,0.2160544228126351,0.26057561993125733,1.0 Standard Deviation,-2.3142323348562863
ARFGEF2_25935,Linear,True,4.324735403060913,2.846323385799356,8.895097583740517,48.76834396715153,0.019041692688875234,0.27985664622012907,0.27985664622012907,0.6142143532089828,1.0 Standard Deviation,-21.384171983575765
ARFGEF3_19891,Power,True,5.037224938521765,3.179712252307918,9.767179193703864,52.12545195352033,0.04390748243715037,0.23515822142901643,0.23515822142901643,0.7388752533342982,1.0 Standard Deviation,-23.062725976760166
ARG2_19025,Hill,True,0.305131787228233,0.05071819154443192,1.865683710165331,17.506808795479124,0.005729680591306741,0.3366987691051264,0.3366987691051264,0.8269054295871846,1.0 Standard Deviation,-4.753404397739562
ARHGAP10_26108,Hill,True,4.572903924368854,0.26936566840178755,124.26904606859422,40.820030534518594,0.02407353889909436,0.08015868295294692,0.08015868295294692,0.3647886344756136,1.0 Standard Deviation,-16.410015267259297
ARHGAP19_17445,Polynomial 2,True,6.186466217041016,2.712360245983039,8.460555014137395,9.818364769424653,0.01383955515712132,0.5141806073180191,0.5141806073180191,0.617208094969005,1.0 Standard Deviation,-1.9091823847123264
ARHGDIA_17417,Power,True,4.391495611317449,2.878918953075699,9.97621024010131,60.164220489577886,0.00882890774110845,0.4248368039680209,0.4248368039680209,0.12053637252173732,1.0 Standard Deviation,-27.082110244788943
ARL4D_24864,Hill,True,1.679014558329288,0.205624381372624,9.939033472999,38.31145049182918,0.010393152446006249,0.06685050143870241,0.06685050143870241,0.7323768778910735,1.0 Standard Deviation,-15.155725245914589
ARL6IP5_445,Linear,True,1.5907049179077148,1.4356403401219284,3.266313625634583,15.991114945651546,4.704495808915965e-06,8.246525529842508e-05,0.2840585960929045,0.3282579692664681,1.0 Standard Deviation,-3.9955574728257726
ARMC5_26857,Linear,True,5.020403861999512,3.1721352018058298,11.907645897971719,39.62707147175229,0.06358525039970964,0.724158201883909,0.724158201883909,0.2897307878451878,1.0 Standard Deviation,-16.813535735876144
ARMC6_24630,Linear,True,3.4917080402374268,2.4130984043461807,6.228833262894577,31.105766542079174,0.0019647315290869383,0.11896621108237804,0.11896621108237804,0.717383597749403,1.0 Standard Deviation,-12.552883271039587
ARMH1_19954,Linear,True,3.9288437366485596,2.646774954918839,7.525489970325806,70.29109627024258,0.019596421440949197,0.5629530235644005,0.5629530235644005,0.5984369714294875,1.0 Standard Deviation,-32.14554813512129
ARRB1_22993,Power,True,4.21937455442955,2.7947407030616516,9.91161126893205,24.79847704853959,0.0043826424771979955,0.1609335637569268,0.1609335637569268,0.22761889805279245,1.0 Standard Deviation,-9.399238524269794
ASB8_24963,Hill,True,1.0991489576214122,0.19648711079031905,9.577764415012537,11.792008365256876,0.006901139531811262,0.6967628996827182,0.6967628996827182,0.21449282709214212,1.0 Standard Deviation,-1.8960041826284377
ATAD3B_25485,Hill,True,0.541532717174105,0.05766670681582109,4.38579134719147,32.52825108252482,0.017481341401315298,0.4967298673341183,0.4967298673341183,0.582502369332959,1.0 Standard Deviation,-12.264125541262409
ATG101_12980,Hill,True,0.8717764037798341,0.08723374383147356,9.531172200061443,37.30332533318676,0.0008810223137095674,0.16110001204134594,0.16110001204134594,0.12618797563400208,1.0 Standard Deviation,-14.651662666593381
ATP9A_15812,Hill,True,0.061445473509718365,0.010844314088228906,0.3726110557413035,16.270671091114853,0.0002047900111197265,0.16255992668129626,0.16255992668129626,0.5434865930909585,1.0 Standard Deviation,-4.135335545557426
AZI2_26875,Linear,True,4.172606468200684,2.7715833656381688,8.34376484279626,14.615192970016263,0.009519583564965406,0.4243736618306686,0.4243736618306686,0.2026639673408599,1.0 Standard Deviation,-4.307596485008132
B3GAT3_90741,Polynomial 2,True,5.922949314117432,2.652815173633467,7.8993599362356095,19.069641445693343,0.0007228576423803368,0.05291427117523895,0.05291427117523895,0.584665761217916,1.0 Standard Deviation,-6.53482072284667
BBS1_24145,Polynomial 2,True,3.2364320755004883,2.270660065141194,7.373036141959939,42.33299275392903,0.0031680270156572155,0.32738749530681743,0.32738749530681743,0.8742159294505873,1.0 Standard Deviation,-18.166496376964513
BBS2_20596,Linear,True,4.672479629516602,3.013117238487581,10.28820303372578,40.38979348056532,0.041050944664569045,0.3549151946313085,0.3549151946313085,0.692993976675752,1.0 Standard Deviation,-17.19489674028266
BBS4_91564,Polynomial 2,True,6.460516452789307,2.952788492911888,9.095468129756071,7.935990884478279,0.04952445308873987,0.8549254226876433,0.8549254226876433,0.7081916756043738,1.0 Standard Deviation,-0.9679954422391397
BCAP31_644,Hill,True,1.408538325057205,0.38678036189277093,9.60676214680176,7.674057492791566,0.00690039389166941,0.9530131843844066,0.9530131843844066,0.8475735569652788,1.0 Standard Deviation,0.16297125360421694
BECN1_680,Hill,True,0.21044037340855093,0.030648644785510784,1.4396704054632834,-7.2318362316546825,0.01154429100696075,0.9466383714503164,0.9466383714503164,0.5696417590106152,1.0 Standard Deviation,7.615918115827341
BICC1_19624,Hill,True,0.3179753234950169,0.10678739948826929,-9999.0,35.044180034721954,0.03975353104254731,0.3202910224804576,0.3202910224804576,0.3420693284261228,1.0 Standard Deviation,-13.522090017360977
BMF_16921,Hill,True,0.056799637479438385,0.017023387619226088,0.2446126290539882,35.79107212195156,4.192767915112139e-05,0.35021638478923633,0.35021638478923633,0.5510728838873613,1.0 Standard Deviation,-13.895536060975779
BRI3BP_19979,Linear,True,3.5291004180908203,2.4336574417872128,6.3320158041431585,15.266858117170692,0.0057042312750261726,0.2661040012988001,0.2661040012988001,0.920150070604472,1.0 Standard Deviation,-4.633429058585346
BRI3BP_771,Power,True,4.7283731205895165,3.0389022065113718,10.11858938366096,30.982562156106884,0.0064889421877935005,0.05444273317914039,0.05444273317914039,0.5211134312133419,1.0 Standard Deviation,-12.491281078053442
BRIP1_16491,Polynomial 2,True,5.6218671798706055,2.380286802076642,7.310871591315555,31.209210693118756,0.0014820644564799146,0.26825560055654996,0.26825560055654996,0.6663597856580171,1.0 Standard Deviation,-12.604605346559378
BSG_778,Linear,True,4.567158222198486,2.964002283073555,9.844580194305134,18.416075993018204,0.024359321376949294,0.6864723132063464,0.6864723132063464,0.16977208906636998,1.0 Standard Deviation,-6.208037996509103
BTBD3_785,Polynomial 2,True,6.077480316162109,2.636383385014453,8.22036842680927,0.7363783939096651,0.012333395118338086,0.4735519036927819,0.4735519036927819,0.8395728930443425,1.0 Standard Deviation,2.6318108030451675
C19orf48_21955,Polynomial 2,True,5.941972732543945,2.8688475096713533,7.933864051739547,23.377559648254806,0.0030760620332268562,0.6439046274486535,0.6439046274486535,0.1541575811512529,1.0 Standard Deviation,-8.688779824127403
C1QL1_14428,Polynomial 2,True,5.761365294456482,2.586375446375626,-9999.0,55.73691165475235,0.0005308781574581145,0.04326652981699464,0.1664648540967847,0.1968484225520647,1.0 Standard Deviation,-25.868455827376174
C5orf24_24924,Linear,True,5.298211574554443,3.294029552670576,13.402517661669764,40.98062851984986,0.06117422383288895,0.44489563854426206,0.44489563854426206,0.38035759410646464,1.0 Standard Deviation,-17.49031425992493
C8G_91020,Linear,True,4.836171865463257,3.0884161276207878,11.019416409734568,66.16950112615937,0.007189554462908476,0.12664211531983305,0.12664211531983305,0.19332494593398875,1.0 Standard Deviation,-30.084750563079687
CALCOCO1_18741,Hill,True,3.5954643108142936,0.38044040561552117,10.024448758684237,37.213388750562196,0.007416621190597716,0.10378582722813035,0.10378582722813035,0.15882649339721,1.0 Standard Deviation,-14.606694375281098
CAMK2D_26958,Polynomial 2,True,5.920623540878296,2.535286809632166,7.894665694387939,34.102824957101916,0.0027230888270731723,0.1757904797737102,0.1757904797737102,0.7371786491727315,1.0 Standard Deviation,-14.051412478550956
CAMLG_12796,Linear,True,5.746884346008301,3.481168996358996,16.30747544127977,40.67004709894859,0.11056157166171987,0.44061308861234794,0.44061308861234794,0.5527407178941925,1.0 Standard Deviation,-17.335023549474293
CAVIN1_21319,Linear,True,3.126499652862549,2.206549067085159,5.284706606284336,41.20892588666419,0.0011128242977704872,0.14286306156062845,0.14286306156062845,0.9832138993130565,1.0 Standard Deviation,-17.604462943332095
CBSL_33992,Hill,True,0.6170518402948609,0.21718057831940896,2.9492130744124205,20.133092613255187,6.458938436804118e-05,0.12462917087558067,0.12462917087558067,0.62534976880758,1.0 Standard Deviation,-6.066546306627593
CBWD1_1009,Hill,True,0.9163308808532507,0.17724281690370058,9.446766506381088,1.3630414671694622,0.0015160442573723953,0.268836619683975,0.268836619683975,0.2177660455889039,1.0 Standard Deviation,3.318479266415269
CBWD1_26970,Linear,True,3.158535957336426,1.839572335176791,7.287298424004458,33.857356116785006,0.004770858624616681,0.04759274778296807,0.05490369189103861,0.9630917474229544,1.0 Standard Deviation,-13.928678058392503
CC2D1B_25383,Linear,True,4.99143123626709,3.159459572059484,11.763416853652789,29.172049674786273,0.028872556997752707,0.4243366926960749,0.4243366926960749,0.21587270297397287,1.0 Standard Deviation,-11.586024837393136
CCDC144A_18451,Linear,True,4.134054183959961,2.752385126162199,8.209051792791152,41.2072155869199,0.002024310182977662,0.15968210965045393,0.15968210965045393,0.10634811716607695,1.0 Standard Deviation,-17.60360779345995
CCDC32_15195,Linear,True,2.4656736850738525,2.348112469616263,4.312153571899302,40.69348424118771,0.000244503540782981,0.04247600326695555,0.34354404938451255,0.37465730750293846,1.0 Standard Deviation,-16.346742120593856
CCDC82_14662,Linear,True,3.8573527336120605,2.6096279720036097,7.299284941220785,19.83713248178939,0.0025106549615271367,0.2650238600892181,0.2650238600892181,0.1409465205995517,1.0 Standard Deviation,-6.9185662408946955
CCDC85B_28333,Power,True,2.443835392581015,1.7907940784236076,9.420189627172682,19.747532314908202,0.000514985759272446,0.8573432113755727,0.8573432113755727,0.8916132731943576,1.0 Standard Deviation,-6.873766157454101
CCNDBP1_1069,Hill,True,0.27802619062771794,0.13677647213090452,0.9195242986971358,6.412227037799431,3.979093826655955e-07,0.2871836098958558,0.2871836098958558,0.49726762906838895,1.0 Standard Deviation,0.7938864811002846
CCS_23202,Linear,True,5.527024269104004,3.3903548657930074,14.797932035525342,31.18549417825207,0.054889572308497336,0.7423493280676129,0.7423493280676129,0.1240148358482821,1.0 Standard Deviation,-12.592747089126036
CD109_19701,Hill,True,1.657944427877158,0.4388470147792133,9.564473774289407,28.884817595569665,0.0002382968302565569,0.06268460918244312,0.06268460918244312,0.5544494018150723,1.0 Standard Deviation,-10.442408797784832
CD72_11843,Linear,True,4.735303521156311,3.0420920279148027,10.562138154579886,61.34526615281615,0.02691692347324337,0.8027534992271431,0.8027534992271431,0.11583666567653483,1.0 Standard Deviation,-27.672633076408076
CDC25A_1158,Power,True,4.604902218139045,2.98168846997601,10.001566811789877,14.57530423712757,0.030438790564311313,0.8074869832298713,0.8074869832298713,0.16607455532320192,1.0 Standard Deviation,-4.287652118563785
CDK2_1202,Polynomial 2,True,7.157340049743652,3.4810876095450274,11.292550187452546,36.512762209039046,0.027034331388720467,0.19665092930788863,0.19665092930788863,0.462671860329392,1.0 Standard Deviation,-15.256381104519523
CDK5_1206,Polynomial 2,True,6.846442222595215,3.1523637294059075,10.117021996700405,28.04436828291849,0.010935296859524213,0.07529963899148318,0.07529963899148318,0.8138731223014012,1.0 Standard Deviation,-11.022184141459245
CDR2_19505,Polynomial 2,True,6.915551424026489,3.260256603951298,10.319080760627163,62.40396663395175,0.03135475770802376,0.2456470114903574,0.2456470114903574,0.6978906162024858,1.0 Standard Deviation,-28.201983316975873
CDS2_17287,Hill,True,0.2231476699607015,0.031416541479314025,1.0396713864138742,34.05290782374379,0.0002094991106940114,0.43007223785216897,0.43007223785216897,0.17448150991981481,1.0 Standard Deviation,-13.026453911871894
CEACAM6_26148,Hill,True,2.0366367266872896,0.3934940609315194,9.77978986235453,58.90704910502501,0.0010746785608535259,0.07796017515013043,0.07796017515013043,0.1804032300541819,1.0 Standard Deviation,-25.453524552512505
CEP70_25976,Polynomial 2,True,6.574116945266724,3.2937974644604657,9.382869740846832,21.36529920172753,0.0028016894936025993,0.14367143004382998,0.14367143004382998,0.1356853741488685,1.0 Standard Deviation,-7.6826496008637655
CES2_91688,Exponential 5,True,2.645430564880371,0.6395515414145077,-9999.0,22.06378297672159,0.09515535757909976,0.3309588169476865,0.3309588169476865,0.3392622157308419,1.0 Standard Deviation,-7.031891488360795
CGRRF1_1278,Power,True,3.3666419044395486,2.343913080386433,9.70323936700746,49.50594372109237,0.001012412286266251,0.24651699375752678,0.24651699375752678,0.20206106435747617,1.0 Standard Deviation,-21.752971860546186
CHCHD10_21375,Hill,True,0.2975855284200304,0.016209526382776403,-9999.0,37.006820730147126,0.015397840686025788,0.10681337813952785,0.10681337813952785,0.990907648630909,1.0 Standard Deviation,-14.503410365073563
CHCHD1_33599,Hill,True,0.08398660835783289,0.022882959759061277,0.41049948625984717,12.803534764503254,0.0003251701478551583,0.5136935615796256,0.5136935615796256,0.7584695640601937,1.0 Standard Deviation,-2.4017673822516277
CHFR_91338,Linear,True,6.070127487182617,3.6084564060237723,18.899580021068004,29.7057221937909,0.024480634605421048,0.22746712875753983,0.22746712875753983,0.11734203677404664,1.0 Standard Deviation,-11.85286109689545
CHFR_91601,Polynomial 2,True,6.175730228424072,3.038709828491222,8.436725248972266,36.11589346219902,0.00043825296419297555,0.05259159275027736,0.05259159275027736,0.14103420879814077,1.0 Standard Deviation,-15.05794673109951
CHMP5_92401,Hill,True,1.2210966786291606,0.19726696210764738,9.77433220187042,24.192291892801794,0.04529853772448944,0.5647263914003333,0.5647263914003333,0.9464523198723492,1.0 Standard Deviation,-8.096145946400897
CIAO2A_14110,Polynomial 2,True,6.645694971084595,2.9039872428465534,9.565352525983528,20.85302957959265,0.041024081001740154,0.442158156665002,0.442158156665002,0.888661537545056,1.0 Standard Deviation,-7.426514789796325
CIR1_92792,Power,True,3.1741551832346526,2.234997016187198,9.586949257487591,8.987040227769432,0.0001670930965546047,0.08367431037201245,0.08367431037201245,0.16368928903735092,1.0 Standard Deviation,-1.493520113884716
CISD3_16115,Hill,True,0.3223148562311523,0.11779206605883408,0.9335223236258273,31.464835710331098,0.0013552947162353002,0.178525643407495,0.178525643407495,0.1075581061118025,1.0 Standard Deviation,-11.732417855165549
CITED1_11786,Hill,True,0.10012766682431735,0.020928400826438473,0.6062652679287424,4.025623239170998,0.00012810786011496766,0.06904224818544902,0.06904224818544902,0.548824565505138,1.0 Standard Deviation,1.987188380414501
CKS1B_1362,Polynomial 2,True,6.1391448974609375,2.679293593098793,8.355740278380788,19.94736726360287,0.0075471830881643776,0.3263861486972588,0.3263861486972588,0.5942417206319657,1.0 Standard Deviation,-6.973683631801435
CMC4_27029,Power,True,4.9816834385952795,3.1550900119771934,11.7151173600605,18.173123227783023,0.04398380170056693,0.7314812648945024,0.7314812648945024,0.18122335211224128,1.0 Standard Deviation,-6.0865616138915115
COG5_1449,Polynomial 2,True,6.799834966659546,3.4457627635141663,9.988563422231541,29.99821267970374,0.0030554134929484666,0.08490611281477756,0.08490611281477756,0.16107072279976276,1.0 Standard Deviation,-11.99910633985187
COL5A1_1480,Hill,True,1.9543790249195676,0.3995797645484994,9.776850993894273,27.212177779714793,0.0030107001476424866,0.09821875083910125,0.09821875083910125,0.5469597337393176,1.0 Standard Deviation,-9.606088889857396
COQ4_22951,Hill,True,1.0476523026580455,0.18459506966349265,9.63272805379942,17.704193786652176,0.0018866921525924063,0.09867691586898597,0.09867691586898597,0.4019931515661621,1.0 Standard Deviation,-4.852096893326088
COX14_87565,Linear,True,6.15755558013916,3.643145789082692,19.690887542548115,42.38473719340055,0.0326775529479546,0.06367017450746404,0.06367017450746404,0.6949897086323779,1.0 Standard Deviation,-18.192368596700273
CREG2_18035,Linear,True,2.3144596815109253,1.707797792304311,3.527982814835948,28.794269274647874,0.00015999526776178108,0.7120575636043855,0.7120575636043855,0.6667411207574376,1.0 Standard Deviation,-11.397134637323937
CRELD2_1561,Linear,True,4.255764484405518,2.8126029832327966,8.640506861316094,26.053390200276276,0.01121731501608092,0.4930934111647157,0.4930934111647157,0.17369220022083443,1.0 Standard Deviation,-10.026695100138138
CRYZ_1586,Hill,True,0.2791584836700277,0.06342328057884991,1.0265396316015687,59.403381053040874,0.0006349211380215491,0.2759987978552919,0.2759987978552919,0.7414072578805677,1.0 Standard Deviation,-25.701690526520437
CSNK2A2_1609,Linear,True,2.702169418334961,1.9534845606507412,4.3145003383404354,8.472021592718626,0.0017789511188559537,0.8917207736246946,0.8917207736246946,0.9359943906550466,1.0 Standard Deviation,-1.2360107963593125
CSTF2_18242,Hill,True,0.8627640233149316,0.2746088728393036,5.888744076931483,4.289269006963746,0.0012875966113834458,0.5807325529305736,0.5807325529305736,0.8000708780191155,1.0 Standard Deviation,1.8553654965181272
CTTN_1650,Polynomial 2,True,5.919461250305176,2.5618555628441904,7.89226407799947,-8.304385449282629,0.017542724021655243,0.9411664773868702,0.9411664773868702,0.7848631608731219,1.0 Standard Deviation,7.152192724641314
CYP27B1_11889,Hill,True,0.8023067889819655,0.11395920842688603,6.55010265644159,46.17150904821901,0.003257103527541605,0.09719049161543647,0.09719049161543647,0.601560782849992,1.0 Standard Deviation,-19.085754524109504
DAP3_92736,Polynomial 2,True,6.559528112411499,3.129866272758659,9.345314025899322,43.5579335886136,0.01572082636927352,0.4157544063491311,0.4157544063491311,0.3369535516389469,1.0 Standard Deviation,-18.7789667943068
DAP_33810,Linear,True,2.2359514236450195,1.6116679422199436,4.531252355079526,-8.314767070055417,0.0005587614960477216,0.03987341384620946,0.1880949030160387,0.6568762149639733,1.0 Standard Deviation,8.157383535027709
DBI_92888,Linear,True,5.48626184463501,3.3733396549054087,14.537136665981063,38.76926991333244,0.018535929187260325,0.25452166702140877,0.25452166702140877,0.12482397041945437,1.0 Standard Deviation,-16.38463495666622
DCLRE1B_14906,Linear,True,4.3595075607299805,2.8633009835271643,9.025271288204825,39.68673031493947,0.04842498781409721,0.5891349506265484,0.5891349506265484,0.7641657776044979,1.0 Standard Deviation,-16.843365157469734
DCTD_1785,Power,True,3.287254495953546,2.299471693316957,9.65136796422614,10.550889308320496,0.00014206694844343115,0.07324984700761861,0.07324984700761861,0.10651434411701555,1.0 Standard Deviation,-2.2754446541602484
DDX39A_15753,Linear,True,2.9793810844421387,2.1202841947097784,4.934847140614471,21.584400909639236,0.0005615244853863777,0.41828473050167037,0.41828473050167037,0.20984306130375552,1.0 Standard Deviation,-7.792200454819617
DDX54_15569,Linear,True,3.836488723754883,2.598819189357423,7.234568446702148,30.030343619206157,0.002886754055420715,0.1299753112353801,0.1299753112353801,0.407650505957872,1.0 Standard Deviation,-12.015171809603078
DENND1C_22779,Polynomial 2,True,5.585019588470459,2.356512410557272,7.24187634618727,28.25586531401278,0.003375156209138752,0.6349655482686347,0.6349655482686347,0.6918522819126023,1.0 Standard Deviation,-11.12793265700639
DENND6B_21360,Hill,True,0.062283525007798934,0.011876717272645382,0.33456117861025214,52.72609357738511,0.0004978856086471639,0.29206047859725204,0.29206047859725204,0.8593688809319603,1.0 Standard Deviation,-22.363046788692554
DHRS12_25640,Hill,True,0.2842737886920161,0.11591622352177185,0.9430769810530303,22.188449077986864,1.0164543646551394e-05,0.3410061124002821,0.3410061124002821,0.6764549250089616,1.0 Standard Deviation,-7.094224538993432
DHRS12_27110,Linear,True,3.069677948951721,2.173345760082305,5.146769534505646,40.303341916131814,0.001593196324316537,0.4047907113084527,0.4047907113084527,0.5325678227883675,1.0 Standard Deviation,-17.151670958065907
DHRS2_1857,Hill,True,1.399815896435521,0.1496888402123226,9.971067311066625,37.78823557010225,0.14874481615977397,0.8639523073282047,0.8639523073282047,0.8792951800980069,1.0 Standard Deviation,-14.894117785051126
DHX37_13234,Linear,True,4.785351753234863,3.0650275677104917,10.786761392746786,45.89111076255609,0.024125067222239838,0.1295451553643977,0.1295451553643977,0.9567434928088412,1.0 Standard Deviation,-19.945555381278044
DIABLO_22200,Exponential 5,True,1.3894104957580566,0.45776245198837306,7.23260004434203,26.36907784150315,0.012798433122284236,0.17874593866298571,0.17874593866298571,0.11006006526770329,1.0 Standard Deviation,-9.184538920751574
DISC1_25716,Linear,True,6.424660682678223,3.7432299850196014,22.40957663376213,35.791113731598415,0.051257418918293385,0.2946767765621845,0.2946767765621845,0.17474510329926474,1.0 Standard Deviation,-14.89555686579921
DISP2_19584,Hill,True,0.8846816157689509,0.11043733904109077,9.6118656957281,66.67932658592112,0.040565752562122026,0.49359224466105944,0.49359224466105944,0.8343339298769443,1.0 Standard Deviation,-29.33966329296056
DMPK_91464,Power,True,10.26499838994046,8.075224784424506,13.647489306396443,30.754081816051738,0.013181643897384743,0.046463028969812026,0.07309757632825553,0.13319747888114342,1.0 Standard Deviation,-11.377040908025869
DMXL2_16726,Linear,True,5.131105184555054,3.220717917249718,12.480087579437523,58.47253950443246,0.07861437665401516,0.973311893511123,0.973311893511123,0.19524136935941994,1.0 Standard Deviation,-26.23626975221623
DNAJC12_24724,Polynomial 2,True,4.467215538024902,2.566164086335454,5.549684996174873,12.237853900403142,7.309530984811463e-05,0.006390502612335425,0.07906455516427113,0.9938091506443922,1.0 Standard Deviation,-3.118926950201571
DNAJC18_18335,Linear,True,3.8397812843322754,2.600502182378638,7.244746404185603,28.39791773458889,0.004572432247380465,0.19731369198034443,0.19731369198034443,0.43679214087501406,1.0 Standard Deviation,-11.198958867294445
DNAJC3_1920,Hill,True,0.5773030644101667,0.12329181367146072,3.609095435934729,24.39968917312923,0.013292575337494728,0.8848838118025655,0.8848838118025655,0.9139747497267724,1.0 Standard Deviation,-8.199844586564614
DOCK7_14848,Linear,True,1.4521265029907227,1.4162762119643806,1.4611168322605756,1.1193990018192492,1.5249402169792425e-05,0.0006573830744148745,0.9576626606500698,0.10834705672169287,1.0 Standard Deviation,3.4403004990903754
DPM2_1947,Polynomial 2,True,2.2550511360168457,2.228007887332138,2.3688934422923675,28.08342075332363,0.0010829223768650253,0.009580456180950159,0.44999014278063987,0.49416157361131163,1.0 Standard Deviation,-10.041710376661815
DPY19L4_26348,Hill,True,4.2062955916874305,1.0507194461398401,9.555638400329185,20.135259004012653,0.0003590819148411306,0.41307413110443325,0.41307413110443325,0.12912009863714224,1.0 Standard Deviation,-6.0676295020063264
DTX2_91500,Hill,True,0.23795385892612325,0.017836977185724835,2.6201965829607117,39.18592704802423,0.031594490221978244,0.5951810487839229,0.5951810487839229,0.6770628851936389,1.0 Standard Deviation,-15.592963524012116
DUSP8_16306,Hill,True,0.18664689738614504,0.06866516972025066,0.8831376483759007,7.951837104477702,5.9957125919996024e-05,0.8665666938512399,0.8665666938512399,0.9610166088429126,1.0 Standard Deviation,0.024081447761148844
EDARADD_15013,Exponential 5,True,0.9917730093002319,0.3444583293740961,9.853519201759832,30.11349640154416,0.021539400812719434,0.2557517018958718,0.2557517018958718,0.1128380116700981,1.0 Standard Deviation,-11.05674820077208
EDA_19800,Linear,True,5.124090909957886,3.2176461663403586,12.442671284536718,53.18092484901497,0.07703926003367567,0.4627810194852805,0.4627810194852805,0.618086577054475,1.0 Standard Deviation,-23.590462424507486
EDC4_16002,Polynomial 2,True,6.114006042480469,2.6614673045033186,8.300264284817834,10.003986439680242,0.0032568976831741647,0.2640801061085112,0.2640801061085112,0.29457417058613034,1.0 Standard Deviation,-2.001993219840121
EDNRA_88670,Linear,True,5.172185897827148,3.2386190242528006,12.700218217856209,30.1046082930457,0.016251002629887656,0.18435944110004598,0.18435944110004598,0.22305140050073557,1.0 Standard Deviation,-12.05230414652285
EEF1D_92473,Linear,True,5.100992918014526,3.207635700532447,12.321078573778596,46.24421878880305,0.10059482380686258,0.5031689984080945,0.5031689984080945,0.8348987750412692,1.0 Standard Deviation,-20.122109394401527
EFHD1_23189,Linear,True,2.097163200378418,1.0390553333965917,3.960432637042069,17.451081058558582,0.00014169467420432902,0.0030910477602617004,0.6903577686159335,0.647469434975283,1.0 Standard Deviation,-4.725540529279291
EGLN3_90114,Polynomial 2,True,5.525372624397278,2.193546603545979,7.1308544363613455,55.6016533219386,0.0012529302313182278,0.29845877215352723,0.29845877215352723,0.7176783861572138,1.0 Standard Deviation,-24.8008266609693
EHD4_23085,Hill,True,0.15347914593686124,0.02776226936059683,0.8711905128355371,21.58582127608944,0.0007237562434647682,0.4939124008771898,0.4939124008771898,0.36324215414333283,1.0 Standard Deviation,-6.79291063804472
EIF1B_26583,Power,True,3.55064386750566,2.4454966336878385,9.765140961906823,30.47121042522485,0.0017260168072584792,0.27868413698719907,0.27868413698719907,0.18916813743418637,1.0 Standard Deviation,-12.235605212612425
EIF2A_90505,Polynomial 2,True,7.190501689910889,3.5420788841411848,11.416658976861573,40.222507356982675,0.03610306055517787,0.6611632939969392,0.6611632939969392,0.1364404951164886,1.0 Standard Deviation,-17.111253678491337
EIF2A_91348,Linear,True,5.486788749694824,3.373621101984645,14.540298848044229,42.95845745524781,0.030594458891565424,0.21024880199153584,0.21024880199153584,0.30275195366147367,1.0 Standard Deviation,-18.479228727623905
EIF3B_16048,Linear,True,2.1504247188568115,1.9383637293871412,3.9017376564201998,10.431356161032685,0.0006884188464341134,0.020643961958018542,0.30601830523595064,0.3430378896250126,1.0 Standard Deviation,-1.215678080516342
ELAC2_2114,Hill,True,0.3092356387821329,0.0159137758571246,266.0567166249135,31.30179834326523,0.009084281351160572,0.07532168370086234,0.07532168370086234,0.7972828123353588,1.0 Standard Deviation,-11.650899171632615
ELF2_2118,Power,True,3.929019450996626,2.6468444390647985,9.821430815152581,34.209533684511804,0.006530320498892128,0.5625801014885305,0.5625801014885305,0.14785770180547375,1.0 Standard Deviation,-14.104766842255902
ELOVL1_2131,Linear,True,4.720940589904785,3.035483663617717,10.499171657779314,17.3250204942429,0.009559315704781302,0.1831774895522098,0.1831774895522098,0.21410091497261363,1.0 Standard Deviation,-5.66251024712145
EN2_21953,Polynomial 2,True,6.638520956039429,2.9576851377384417,9.546775539968165,38.13705458183746,0.014372771872784074,0.16119537471338208,0.16119537471338208,0.7794989495595241,1.0 Standard Deviation,-16.06852729091873
ENOPH1_2156,Power,True,4.659982222348099,3.007340411776431,10.238179088393633,14.874884028262356,0.02677067419576451,0.18042116301344135,0.18042116301344135,0.9056177063809221,1.0 Standard Deviation,-4.437442014131178
ENTPD7_25904,Hill,True,1.8027176714590558,0.39852950744806614,9.797230956492905,20.828849888761944,0.010279316576934483,0.43642834300149813,0.43642834300149813,0.6903195103247326,1.0 Standard Deviation,-6.414424944380972
EPB41L1_21364,Power,True,4.567902967967318,2.964364538799267,10.00560760657949,26.85800370672718,0.0501448762544916,0.9368456886395505,0.9368456886395505,0.26176542571963957,1.0 Standard Deviation,-10.42900185336359
EPB41L4A-AS1_2179,Hill,True,0.04099315140359946,0.01889571129380807,0.11949722872749485,12.288030203046556,6.432557098090541e-08,0.11453950408840186,0.11453950408840186,0.807305331139686,1.0 Standard Deviation,-2.1440151015232787
EPDR1_88706,Polynomial 2,True,5.975121259689331,2.691458841119907,8.00243752759235,12.246500144593504,0.0016165851046445745,0.11544248103987043,0.11544248103987043,0.5279004990400443,1.0 Standard Deviation,-3.1232500722967527
EPS8_90604,Polynomial 2,True,5.7889556884765625,2.6628771177557264,18.171023979318313,9.277645345630562,0.0020666355477269027,0.019352303111178637,0.49196583517881287,0.6472571270406022,1.0 Standard Deviation,-0.6388226728152813
ERBB2_88307,Linear,True,4.053585529327393,2.711785639326134,7.93526260868321,20.126654653047787,0.007572786880689852,0.42012696517743753,0.42012696517743753,0.197860865849123,1.0 Standard Deviation,-7.063327326523894
ERCC6L_21151,Hill,True,0.30922601942718075,0.10709261443777368,0.9414582473870343,36.35718854320809,0.016256371719889806,0.7553582241169348,0.7553582241169348,0.2186404996548641,1.0 Standard Deviation,-14.178594271604045
ERICH5_17326,Polynomial 2,True,5.806213617324829,2.6808310615852786,7.662594436817352,32.82287168356345,0.0016943483488421895,0.3356536506615755,0.3356536506615755,0.2884266102557811,1.0 Standard Deviation,-13.411435841781723
ETFA_2244,Hill,True,0.0767017605170068,0.010612888194359207,0.7836437955348874,4.4975195288198835,5.333068267288077e-05,0.05604821301678309,0.05604821301678309,0.1610650717193559,1.0 Standard Deviation,1.7512402355900583
ETFDH_90875,Hill,True,0.30444493629382213,0.10312124302574126,0.9700498684574874,7.390472478733682,0.008292594812921994,0.2815276750247917,0.2815276750247917,0.33709205113377005,1.0 Standard Deviation,0.304763760633159
EVPL_14384,Polynomial 2,True,5.786263942718506,2.4755349671761504,7.62297091015086,48.81331738958889,0.0016198276081207386,0.44335816255031557,0.44335816255031557,0.20693028326678653,1.0 Standard Deviation,-21.406658694794444
EXOC1_2261,Hill,True,0.11866533702924781,0.013350809139341255,1.2589714092271511,30.30507815365946,0.0010145094281607259,0.3369583244746508,0.3369583244746508,0.20650567187999902,1.0 Standard Deviation,-11.15253907682973
EXOC4_25220,Polynomial 2,True,6.510782241821289,2.940708382788614,9.220549381737221,16.64294655443986,0.008823810168099078,0.2031709656244336,0.2031709656244336,0.4406442445129082,1.0 Standard Deviation,-5.321473277219929
EXOSC4_2269,Linear,True,4.717676639556885,3.033905834519612,10.48517806225911,50.4491226335758,0.025042525220483114,0.2505899055115868,0.2505899055115868,0.5122183150159516,1.0 Standard Deviation,-22.2245613167879
EXTL3_21768,Hill,True,0.949760412968399,0.3101712681836804,9.324401547795862,25.8105642223151,0.0007761680140978555,0.6631175897677217,0.6631175897677217,0.5868883722522789,1.0 Standard Deviation,-8.90528211115755
EZR_25288,Polynomial 2,True,7.523775100708008,3.4717771570975127,15.041126917001728,35.66061824819085,0.023924557725745088,0.05308450130596698,0.05308450130596698,0.948057816169759,1.0 Standard Deviation,-14.830309124095425
FAM118B_15472,Hill,True,0.04138529939760761,0.011016467206817416,0.19250801291217473,-5.339305566466624,1.939926913685497e-05,0.3803259893053763,0.3803259893053763,0.24622508776594554,1.0 Standard Deviation,6.669652783233312
FAM174A_2316,Polynomial 2,True,6.543699502944946,2.8656472277414053,9.304456590879404,31.194340200440983,0.019197820326931958,0.28908811861076966,0.28908811861076966,0.7154802628412674,1.0 Standard Deviation,-12.597170100220492
FAM189B_16340,Hill,True,1.298474364478085,0.276418903950305,9.63221315930009,33.05398543114146,0.002188906948765279,0.5226300273795434,0.5226300273795434,0.10765633190719026,1.0 Standard Deviation,-12.526992715570731
FAM214A_13942,Hill,True,0.2922624284501432,0.016522979036180843,2.7290749385509807,21.229243346455434,0.01152155040460856,0.631130015671361,0.631130015671361,0.3139191603318463,1.0 Standard Deviation,-6.614621673227717
FAM76B_14664,Linear,True,3.4318923950195312,2.3801025760540897,6.066239798270093,30.547050008881975,0.002211305436306432,0.1914530363757283,0.1914530363757283,0.56999331071885,1.0 Standard Deviation,-12.273525004440987
FAM83B_13670,Polynomial 2,True,5.878646373748779,2.4652641817955208,7.809220629570507,23.36090904847571,0.00025154399269633476,0.052984689779921657,0.052984689779921657,0.19742732531499219,1.0 Standard Deviation,-8.680454524237854
FANCG_25117,Power,True,6.657334566871398,3.8292641694688085,25.22022871330273,50.78306961806268,0.15455422899326798,0.8887665071753263,0.8887665071753263,0.15553592408440875,1.0 Standard Deviation,-22.39153480903134
FASN_11197,Hill,True,0.11049638549646362,0.03228935215761343,0.3656875395038536,11.682903722950293,1.4211846328660016e-06,0.35656477903123784,0.35656477903123784,0.15056507968433508,1.0 Standard Deviation,-1.8414518614751465
FBXO44_27216,Hill,True,0.3679637778502346,0.03121587062697578,2.5086651273343,22.8457980205289,0.0024076370008748738,0.2682926572275742,0.2682926572275742,0.29784115546624323,1.0 Standard Deviation,-7.42289901026445
FIG4_20285,Linear,True,4.66156005859375,3.00802192770413,10.24109906258599,20.012972437351202,0.004978687461352105,0.08476763693347977,0.08476763693347977,0.2528629349934035,1.0 Standard Deviation,-7.006486218675601
FKBP1A_27226,Linear,True,3.0497467517852783,2.1616663757907326,5.099094735625962,37.22599840485162,0.0008740504131564686,0.1580145374640043,0.1580145374640043,0.8758032095117096,1.0 Standard Deviation,-15.61299920242581
FKBP4_92325,Linear,True,4.227515459060669,2.798740842176455,8.538900687493923,42.52837439361301,0.012847052065275255,0.535836381607596,0.535836381607596,0.1953167197033444,1.0 Standard Deviation,-18.264187196806503
FKTN_90566,Linear,True,7.235019207000732,4.030398176443574,34.931962467225404,56.646254176862456,0.1655160407617624,0.45860729256267807,0.45860729256267807,0.3253287077056922,1.0 Standard Deviation,-25.323127088431228
FMR1_13668,Exponential 3,True,7.324265241622925,5.919042270482105,10.074105130640426,42.382655570507964,0.0029054295440666955,0.115964140648528,0.115964140648528,0.14627974345535177,1.0 Standard Deviation,-18.191327785253982
FNBP4_19463,Exponential 5,True,0.09062722325325012,0.06564875643600851,0.15380179327738,-16.716673019025723,2.171790198968182e-05,0.16907944547255127,0.16907944547255127,0.5234262354824537,1.0 Standard Deviation,12.358336509512862
FNDC10_15436,Linear,True,3.3936643600463867,2.3588732529634946,5.963985864308929,11.772250671818792,0.0007859425979445112,0.051363689352814546,0.051363689352814546,0.8349978249014346,1.0 Standard Deviation,-2.8861253359093966
FOXJ2_23394,Linear,True,4.399919509887695,2.8830172743893216,9.178867472590413,38.952871052903554,0.005626931314777761,0.10259229068002895,0.10259229068002895,0.369903259573936,1.0 Standard Deviation,-16.476435526451777
FTCD_87434,Polynomial 2,True,7.505097985267639,3.588199459721992,14.42532397390117,55.221321787060006,0.043290922587607916,0.12597610175603458,0.12597610175603458,0.8075319432618812,1.0 Standard Deviation,-24.610660893530003
FUT4_88787,Hill,True,0.3118965026090197,0.10870235856341066,91.15435086246418,41.03388966112206,0.01209730039352952,0.385885432596649,0.385885432596649,0.1239628322372297,1.0 Standard Deviation,-16.51694483056103
FUZ_21213,Polynomial 2,True,6.59682035446167,3.050315306255218,9.441978518201914,18.047009196209803,0.002843922951295208,0.061398416262886446,0.061398416262886446,0.3439779651657844,1.0 Standard Deviation,-6.023504598104902
FXN_25483,Hill,True,1.2798995999821083,0.22851581572880028,9.806443093968667,14.212173881382755,0.012774317224344967,0.18656116806953293,0.18656116806953293,0.9375659653049382,1.0 Standard Deviation,-3.1060869406913776
G0S2_13343,Hill,True,0.027842709917076398,0.013313018847483416,0.07487582968992708,32.32201081015397,1.7348220626711708e-07,0.7978180785452397,0.7978180785452397,0.7115052237585775,1.0 Standard Deviation,-12.161005405076983
G3BP1_93286,Hill,True,0.3259674551751158,0.08689511392058606,1.0362641178563443,15.384413146157602,0.0005077931770657296,0.6349428731702544,0.6349428731702544,0.5975729554384737,1.0 Standard Deviation,-3.6922065730788014
GADD45A_2569,Exponential 5,True,0.11741459369659424,0.06113469963395393,0.41579827873667013,22.38895908315678,0.0007618873604402499,0.01449141939924925,0.17262329533369192,0.45600352905040964,1.0 Standard Deviation,-6.19447954157839
GAS6_27253,Hill,True,0.30253888209410695,0.10224424154447087,0.9124288967168971,20.292972655511452,0.004188488502244403,0.41949182529354057,0.41949182529354057,0.7011827704628644,1.0 Standard Deviation,-6.146486327755726
GATAD1_13838,Hill,True,0.18335476959978758,0.05227605697671073,0.8674597105454152,7.929412571966204,7.238216501392891e-06,0.1347627089931438,0.1347627089931438,0.38175241253933745,1.0 Standard Deviation,0.03529371401689785
GFOD1_28179,Hill,True,2.243307492709489,0.537482757620027,9.601932265510364,35.57369498053643,0.0010127424018990805,0.29218345336683216,0.29218345336683216,0.6206623420230553,1.0 Standard Deviation,-13.786847490268213
GGT1_27266,Hill,True,0.08549967508417852,0.024695019176532197,0.4233969072331145,18.229084199823994,0.0003297937656533412,0.5950883852414491,0.5950883852414491,0.8846267193953735,1.0 Standard Deviation,-5.114542099911997
GIPC1_24459,Linear,True,4.794988632202148,3.1021349349509357,-9999.0,25.826491836923978,0.010399812687374665,0.041326057286170226,0.060157048159892756,0.17369570847016014,1.0 Standard Deviation,-10.913245918461989
GJB2_2653,Hill,True,1.2583394429327546,0.25341128010381153,9.66209045923442,42.41469451825894,0.00397058245507298,0.28933561684476206,0.28933561684476206,0.3140315896301602,1.0 Standard Deviation,-17.20734725912947
GLDC_90919,Hill,True,2.754911291140905,0.3993516394634272,9.89624414888572,21.942916725932747,0.026937983040544955,0.7207450217536236,0.7207450217536236,0.1745045962068994,1.0 Standard Deviation,-6.971458362966374
GLIDR_4155,Linear,True,6.397724151611328,3.7334989182016014,22.112670293293167,22.243310590828187,0.06691760199745689,0.5083218675401964,0.5083218675401964,0.12883939146088896,1.0 Standard Deviation,-8.121655295414094
GMDS_16555,Polynomial 2,True,1.8308818340301514,1.4456646114460014,6.641868536788732,27.334117822077964,0.0001262344589820774,0.0069506271440737954,0.514888891063736,0.6400350120210936,1.0 Standard Deviation,-9.667058911038982
GMPPB_13520,Linear,True,2.21895694732666,1.6453098744160313,3.3466462487793693,-20.151296373081102,5.250366549724994e-05,0.9715049256829391,0.9715049256829391,0.19408271944637345,1.0 Standard Deviation,13.075648186540551
GNB1L_89611,Polynomial 2,True,5.75869083404541,2.367316437399475,7.5682044406577775,24.780699892434107,0.01273186336426968,0.9352932584262937,0.9352932584262937,0.9533646622466776,1.0 Standard Deviation,-9.390349946217054
GNB1_33698,Linear,True,5.287644863128662,3.2895871989711987,13.341890069294706,29.903458631961342,0.033928094552168386,0.27015864541924595,0.27015864541924595,0.32234148637797455,1.0 Standard Deviation,-11.951729315980671
GNPDA1_28283,Linear,True,1.152099370956421,1.1237032382927727,1.1806434510130361,8.026834259189833,4.1001942308049877e-07,1.631314664385375e-05,0.44394426731855086,0.8476174770172733,1.0 Standard Deviation,-0.013417129594917032
GOLGA6L22_33987,Power,True,8.718494142162665,4.488633943774176,146.96490726743664,65.18473519852888,0.07356803175559679,0.2360804869762767,0.2360804869762767,0.12147799595013953,1.0 Standard Deviation,-29.592367599264442
GPR162_14385,Polynomial 2,True,5.712200403213501,2.5106905226507243,7.477764750605896,50.74038777001635,0.002243900275482824,0.39709307772041236,0.39709307772041236,0.4704397234922122,1.0 Standard Deviation,-22.370193885008174
GSPT1_12262,Linear,True,4.271025657653809,2.820043488858221,8.69622990760486,16.042105446005994,0.024704878511112027,0.30511092874046175,0.30511092874046175,0.8606085816882668,1.0 Standard Deviation,-5.021052723002997
GSS_2814,Power,True,3.4484456917764716,2.3892478243689963,9.698511172346207,11.37290159819247,0.0035900849489445275,0.6727340878008345,0.6727340878008345,0.1972877705998899,1.0 Standard Deviation,-2.686450799096235
GSTA4_88791,Exponential 3,True,7.494454979896545,5.693706159134334,8.934378840594018,38.697870980194196,0.0003720544394960612,0.09419451042020244,0.09419451042020244,0.22885997667613966,1.0 Standard Deviation,-16.348935490097098
GTPBP3_91046,Polynomial 2,True,7.437539100646973,3.42260274866018,14.209096681267216,38.644877630686196,0.019469777770632746,0.0515525689657691,0.0515525689657691,0.8573272419515361,1.0 Standard Deviation,-16.322438815343098
GUCY1A2_18427,Hill,True,0.308376493336908,0.11214502968413725,0.9119232216467492,39.83968011496482,4.7066075229529325e-05,0.07033385591111552,0.07033385591111552,0.15048776024810206,1.0 Standard Deviation,-15.91984005748241
GUCY1B1_11762,Polynomial 2,True,6.499456167221069,3.02893014925167,9.191927643411802,28.24496759914919,0.018029254443386544,0.42917474525803767,0.42917474525803767,0.45093193446323665,1.0 Standard Deviation,-11.122483799574596
GUSB_19359,Exponential 5,True,0.595528781414032,0.13340253978655559,6.895579372331321,31.29810836461801,0.0015667743366399867,0.038800247061568593,0.05615457713682326,0.20701065396716278,1.0 Standard Deviation,-10.649054182309005
GZF1_88131,Linear,True,2.889089584350586,2.0667579776968585,4.726343521181484,23.02996153645841,0.0008089935354369526,0.2778955334955404,0.2778955334955404,0.7841119036256736,1.0 Standard Deviation,-8.514980768229204
H2AC21_18134,Hill,True,0.44325676535697517,0.09125287152454112,2.3885776457633203,40.11245716392085,0.0005760992700866163,0.05476626538829854,0.05476626538829854,0.880697188263562,1.0 Standard Deviation,-16.056228581960426
HBP1_90275,Hill,True,0.06611529778668608,0.010919051079170876,0.5354312507379395,21.53072960480769,6.845056966919838e-05,0.09719302345717273,0.09719302345717273,0.2237372881906663,1.0 Standard Deviation,-6.765364802403845
HDAC6_90749,Linear,True,6.11713171005249,3.6265498629760673,19.319198731541597,37.58902642265146,0.03540133123591083,0.33993842619694914,0.33993842619694914,0.11276269457183796,1.0 Standard Deviation,-15.794513211325729
HEBP1_2919,Linear,True,6.979556083679199,3.942331399712306,30.042831348803418,46.709080436248,0.100174077423697,0.6128898892649445,0.6128898892649445,0.12032618749926283,1.0 Standard Deviation,-20.354540218124
HEXA_2929,Hill,True,0.914224045877386,0.18558798051779107,9.573960222634923,32.87927166942626,0.017797125373718248,0.548621764169021,0.548621764169021,0.9576412125619891,1.0 Standard Deviation,-12.43963583471313
HHEX_17934,Polynomial 2,True,6.455906629562378,2.7828201201787324,9.084265017705738,37.326580262434504,0.07213417523755616,0.9533533434493323,0.9533533434493323,0.9677424502946619,1.0 Standard Deviation,-15.663290131217254
HNRNPA1_93310,Linear,True,4.370641708374023,2.868721136449187,9.067408808876719,38.6111083345831,0.01932267232050633,0.17964524004590943,0.17964524004590943,0.976264614291324,1.0 Standard Deviation,-16.30555416729155
HNRNPA2B1_3054,Polynomial 2,True,6.18419885635376,2.6898565481170538,8.455545853144748,29.690523121131452,0.0015599011691765918,0.1977927918699368,0.1977927918699368,0.13656749424216352,1.0 Standard Deviation,-11.845261560565726
HNRNPF_3064,Polynomial 2,True,6.1928534507751465,2.817957495313464,8.470494686047793,2.6067049808447895,0.0036023246756760052,0.1992757243295924,0.1992757243295924,0.36460889547017605,1.0 Standard Deviation,1.6966475095776052
HOXA11_22028,Hill,True,1.0057717874682768,0.06809561991099969,966.3123117699298,64.10537409613602,0.08584241207956378,0.39073004030858716,0.39073004030858716,0.8076486646165726,1.0 Standard Deviation,-28.052687048068012
HPCA_26095,Linear,True,5.572195053100586,3.4088612835664067,15.093888169549178,63.71398678118635,0.05952998270568277,0.6584020906256067,0.6584020906256067,0.1583329775670883,1.0 Standard Deviation,-28.856993390593175
HPF1_17501,Linear,True,3.965463638305664,2.6656694129110416,7.643670850354427,16.1761539439393,0.02651321928861139,0.8039518242677148,0.8039518242677148,0.4816591373343815,1.0 Standard Deviation,-5.088076971969651
HPS3_11822,Linear,True,4.582982063293457,2.971346962806974,9.909969858530971,14.531704843700547,0.009045944148962648,0.23832847680586622,0.23832847680586622,0.18218518572665476,1.0 Standard Deviation,-4.265852421850274
HSPA8_93357,Linear,True,3.107309341430664,2.1953502424445266,5.237715163050965,20.922245332474517,0.0011228392008492127,0.6323429632384978,0.6323429632384978,0.16698923879219463,1.0 Standard Deviation,-7.461122666237258
HSPD1_92838,Hill,True,0.44939701363576323,0.11765630412282103,2.0731932425499235,53.95514035108798,0.0011627655218744426,0.3562672335931011,0.3562672335931011,0.8693009978276072,1.0 Standard Deviation,-22.97757017554399
IDH3B_11112,Hill,True,0.33481731120721275,0.10536823597501971,-9999.0,29.680097696044164,0.033186599754336465,0.09986540466080418,0.09986540466080418,0.22264187408993086,1.0 Standard Deviation,-10.840048848022082
IFIT1_3219,Hill,True,1.3100208769896884,0.29370794796578253,9.6369456582749,23.167332797562686,0.0007194173438229701,0.1510741391318906,0.1510741391318906,0.15096354176118298,1.0 Standard Deviation,-7.583666398781343
IFNAR2_10770,Polynomial 2,True,7.952768802642822,3.865366099779858,19.734445814677894,47.25093743804386,0.14762371497021842,0.538635972877946,0.538635972877946,0.41976921249041477,1.0 Standard Deviation,-20.62546871902193
IFRD2_3246,Hill,True,1.5180335519918757,0.12211097011691793,-9999.0,48.270475368163424,0.11465184033853004,0.4377580316770284,0.4377580316770284,0.8715384127360294,1.0 Standard Deviation,-20.135237684081712
IGFBP2_21122,Hill,True,0.11723140381035374,0.030123722671725507,0.5011440143211644,16.02132189902282,2.2804388456476588e-05,0.24885969266645613,0.24885969266645613,0.3079062573748983,1.0 Standard Deviation,-4.01066094951141
IGFLR1_91376,Polynomial 2,True,7.219544053077698,3.3600628757497066,12.187341590349622,51.53256337562907,0.019897177702646318,0.0826087234564511,0.0826087234564511,0.7525605228496859,1.0 Standard Deviation,-22.766281687814534
IL17RC_19302,Hill,True,1.6278072873207252,0.30572440887893215,9.79009853141704,41.79299743818833,0.0020847776110647365,0.08126576054805401,0.08126576054805401,0.3343889388226823,1.0 Standard Deviation,-16.896498719094165
IL17RD_25048,Hill,True,0.3088191747249264,0.10782911080351582,0.9269532945679276,43.83688638114842,0.002574681463259232,0.1502417481166345,0.1502417481166345,0.19144690706344647,1.0 Standard Deviation,-17.91844319057421
IL18R1_28357,Linear,True,5.055114030838013,3.1875121958338775,12.0842443000479,46.41314994910026,0.05955248532594626,0.33984294956157957,0.33984294956157957,0.6989462048745865,1.0 Standard Deviation,-20.20657497455013
IMPDH1_92511,Linear,True,2.923218011856079,2.0870358490718455,4.804204477962404,25.286723105455042,0.0039407614699066285,0.9127044458817171,0.9127044458817171,0.8729759514938766,1.0 Standard Deviation,-9.643361552727521
ING3_16341,Power,True,3.447221162287347,2.3885901805481184,9.729309620724191,0.9222088748873816,0.003138025918276055,0.18915012971418,0.18915012971418,0.8451119717219948,1.0 Standard Deviation,2.538895562556309
INO80B_33691,Linear,True,5.841267108917236,3.519114375185704,17.014098429827026,35.79228128656352,0.1125134330656874,0.2689691607793163,0.2689691607793163,0.9607273082112012,1.0 Standard Deviation,-14.896140643281761
INPP1_29011,Hill,True,1.2946981257895371,0.12736928668783165,9.970756843529605,38.22905425591711,0.05999973523366264,0.32990183462088196,0.32990183462088196,0.85849418163974,1.0 Standard Deviation,-15.114527127958556
INSIG1_3385,Polynomial 2,True,5.768266916275024,2.4081007814737596,7.587050288785504,19.17664478699058,0.0010580016450295604,0.10597048803046871,0.10597048803046871,0.7411126968732282,1.0 Standard Deviation,-6.58832239349529
IP6K2_28897,Polynomial 2,True,6.414752006530762,2.9117225994450213,8.984272565197951,23.940190864237113,0.005361719277202526,0.19414015189236322,0.19414015189236322,0.32242704473408046,1.0 Standard Deviation,-8.970095432118557
IPO4_17138,Power,True,5.7779853411654605,3.493732723726804,16.5363678082757,30.559907074049825,0.1621839942808525,0.4545101226399444,0.4545101226399444,0.9129732678209043,1.0 Standard Deviation,-12.279953537024912
IPP_11562,Power,True,5.231777276587741,3.2644768193233475,13.026506815296317,30.697278522132727,0.015127432568992294,0.12101293032808269,0.12101293032808269,0.308463795359629,1.0 Standard Deviation,-12.348639261066364
IRF2BPL_13703,Polynomial 2,True,6.213994026184082,3.003105312691642,8.517557416769218,58.91227214216251,0.0008629053355454497,0.06843392497424505,0.06843392497424505,0.20813540599660374,1.0 Standard Deviation,-26.456136071081254
ISL1_11752,Hill,True,0.31800739968246416,0.11621002337179145,0.8957973875274116,28.37962013888203,0.006143013119411678,0.932468882209097,0.932468882209097,0.10712646394138803,1.0 Standard Deviation,-10.189810069441014
ITGB5_3450,Linear,True,5.645273923873901,3.4387422104185488,15.588122213650092,58.52351864496476,0.049666369813792355,0.11696389341853797,0.11696389341853797,0.9768006216630442,1.0 Standard Deviation,-26.26175932248238
IWS1_15910,Hill,True,0.3541653449014825,0.0693620568838296,1.6509726921527623,9.570469412704636,0.0026022663741972485,0.8113933679173405,0.8113933679173405,0.537938778060014,1.0 Standard Deviation,-0.7852347063523177
JMJD8_15047,Polynomial 2,True,6.4175355434417725,2.797405686847288,8.990959148800778,22.72486591406359,0.0021398427956735855,0.1247789994114562,0.1247789994114562,0.17372506849210756,1.0 Standard Deviation,-8.362432957031794
KCNK2_25989,Hill,True,0.8194666243060335,0.11101440564424678,7.091097769746292,42.95818642723406,0.011574135089724935,0.2842806536003546,0.2842806536003546,0.6465391111104333,1.0 Standard Deviation,-17.47909321361703
KCTD19_89872,Polynomial 2,True,6.598208546638489,3.081530839655339,9.445540529933096,61.02986815717448,0.028100840818823136,0.44666736305619203,0.44666736305619203,0.5945530445608753,1.0 Standard Deviation,-27.51493407858724
KIF17_17581,Hill,True,3.0298714162209435,0.16393765875248117,10.097811767922312,25.73406261935166,0.013000012015937923,0.09416691080850892,0.09416691080850892,0.2582678637807161,1.0 Standard Deviation,-8.86703130967583
KIF3B_18301,Hill,True,0.3462946263152149,0.10432281951875239,-9999.0,33.490479944502184,0.06519974181711274,0.13541230455232933,0.13541230455232933,0.17903550374714705,1.0 Standard Deviation,-12.745239972251092
KIFAP3_22932,Linear,True,3.7035346031188965,2.5288775458666075,6.83224292160828,19.82291642112459,0.02616725852475299,0.8705268840845458,0.8705268840845458,0.7836757322265356,1.0 Standard Deviation,-6.911458210562294
KLHL26_12618,Linear,True,6.605658531188965,3.8104481165206296,24.555149912501562,37.35859425312988,0.06895715947458492,0.35101916644675035,0.35101916644675035,0.18674543591284165,1.0 Standard Deviation,-15.67929712656494
KLRC2_12242,Linear,True,3.9586949348449707,2.6622209089642745,7.6217935674767245,35.615027467000864,0.016726637023209423,0.36037452575465845,0.36037452575465845,0.8142380399664418,1.0 Standard Deviation,-14.807513733500432
KMT2A_27405,Polynomial 2,True,6.270517110824585,2.800993351413299,8.646118270477647,25.22170904701637,0.020819444777296248,0.5276320033204815,0.5276320033204815,0.7840266253024331,1.0 Standard Deviation,-9.610854523508184
KMT2E_3661,Power,True,3.865482709564439,2.6139029355059695,9.854955851188656,43.97896199019591,0.021538150496161035,0.47075698552976,0.47075698552976,0.9994737875279996,1.0 Standard Deviation,-18.989480995097956
KPNA1_12239,Linear,True,4.607934951782227,2.983083166575673,10.013964340643549,14.94942024605414,0.05098247807236567,0.3726344436919613,0.3726344436919613,0.9712847488142441,1.0 Standard Deviation,-4.47471012302707
KRR1_21479,Hill,True,0.3161870425314186,0.10799499944299967,0.9066947247479351,9.157642668508746,0.0015768081622892227,0.19336999633824115,0.19336999633824115,0.459341937270877,1.0 Standard Deviation,-0.5788213342543735
L1CAM_12063,Linear,True,5.152559280395508,3.2300482303791576,12.594428604800544,54.27450940917117,0.20245838946415373,0.931598052087995,0.931598052087995,0.8638952965665014,1.0 Standard Deviation,-24.137254704585587
LAMP2_23159,Polynomial 2,True,5.9880757331848145,2.6402654591258354,8.029300923874363,0.8532360026637527,0.0023698950639492455,0.15934818170523857,0.15934818170523857,0.5524205019372297,1.0 Standard Deviation,2.5733819986681237
LENG9_89607,Linear,True,2.965819835662842,2.112310822756693,4.9030075689518835,42.1808359535145,0.0006185714404094433,0.15195144510505343,0.15195144510505343,0.848423103703583,1.0 Standard Deviation,-18.09041797675725
LHX9_14024,Linear,True,2.5735390186309814,1.8725696170214272,4.044724728720382,32.382876732428514,0.0003350074669765668,0.35117243882194593,0.35117243882194593,0.9255088912377218,1.0 Standard Deviation,-13.191438366214255
LIN28B_87419,Linear,True,2.5674021244049072,1.8686946879684423,4.032075559412437,18.622220677745098,0.0006131601271225362,0.6792773887731264,0.6792773887731264,0.8073422297730724,1.0 Standard Deviation,-6.311110338872548
LINC01619_11025,Linear,True,4.886560440063477,3.112322366059865,11.254657984838994,65.22527437277729,0.014023081761139311,0.13174581791828144,0.13174581791828144,0.40023164961324775,1.0 Standard Deviation,-29.612637186388646
LINGO1_18522,Linear,True,5.146918296813965,3.227620406199356,12.564524620508365,38.491919581659225,0.02147330676360726,0.1096871792260784,0.1096871792260784,0.6040727883427403,1.0 Standard Deviation,-16.245959790829613
LMCD1_15007,Hill,True,1.3996587994549528,0.1614168346184922,9.834119643994953,23.976045072088727,0.02413427499708809,0.26508910676971165,0.26508910676971165,0.5963201447138077,1.0 Standard Deviation,-7.9880225360443635
LRRC3_88992,Polynomial 2,True,7.329390048980713,3.553459635247707,12.66520020116008,35.747496240785665,0.02040268026439429,0.32339911375275165,0.32339911375275165,0.12908546005286248,1.0 Standard Deviation,-14.873748120392833
LUC7L3_26506,Hill,True,0.17087332204341607,0.043048938836305395,0.90918152155048,8.343176092076561,0.00048444190416341293,0.22756434270993564,0.22756434270993564,0.9491324112712977,1.0 Standard Deviation,-0.17158804603828082
LY6E_13965,Power,True,2.618666597153489,1.9007857580957586,9.525719745455874,23.179150954778365,9.11979594193646e-05,0.13456717304639987,0.13456717304639987,0.5088928553332692,1.0 Standard Deviation,-8.589575477389182
MAD1L1_91673,Polynomial 2,True,4.887265563011169,2.17149517758024,10.320241707679845,38.2833979104364,2.0836656323242053e-05,0.0024616308303369028,0.10267124540370376,0.43032942266941243,1.0 Standard Deviation,-15.1416989552182
MAGIX_19619,Linear,True,4.497400522232056,2.9308995958079804,9.561239759789045,54.69801472642558,0.01995165096483531,0.17252775327280656,0.17252775327280656,0.8508947363180667,1.0 Standard Deviation,-24.34900736321279
MAN1A1_12471,Polynomial 2,True,6.316628456115723,2.735415294514958,8.753891226372252,5.910480827896736,0.004866630423818408,0.0853206903254542,0.0853206903254542,0.9747645813643403,1.0 Standard Deviation,0.04475958605163233
MAN2C1_91596,Linear,True,4.985610246658325,3.156831136537151,11.73467370277603,67.09912126960147,0.015936010871293926,0.1082440767681715,0.1082440767681715,0.5149617062519297,1.0 Standard Deviation,-30.549560634800734
MAP3K5_12947,Hill,True,0.22921053560114105,0.0315026904561769,1.7584005760247925,58.31951228078224,0.003882231327845931,0.1567281231588169,0.1567281231588169,0.7472880931089274,1.0 Standard Deviation,-25.15975614039112
MAPK3_28956,Exponential 5,True,0.6361222267150879,0.2928639409798618,2.147813409374169,18.146486727128984,0.04082229565651685,0.6262896058041967,0.6262896058041967,0.1948079542488652,1.0 Standard Deviation,-5.073243363564492
MARS2_13348,Polynomial 2,True,6.553725004196167,2.863157781959757,9.330300506830202,35.0861843495147,0.006035734930683878,0.060409014516825676,0.060409014516825676,0.9875416813322373,1.0 Standard Deviation,-14.543092174757351
MAZ_4047,Linear,True,3.614678382873535,2.4812200408101557,6.574315078189892,21.529520358098484,0.0015248203290403328,0.09137899494859725,0.09137899494859725,0.5019040216298019,1.0 Standard Deviation,-7.764760179049242
MBOAT7_4061,Linear,True,6.0379767417907715,5.106706519832517,6.538326180243994,63.41094225971071,0.002350546013910715,0.02066497201329387,0.1175933030644849,0.1474293667097909,1.0 Standard Deviation,-27.705471129855354
MDH1_4087,Linear,True,4.292960166931152,2.8308383056100794,8.776592549671115,29.40101084489343,0.0019325677191016633,0.1112464450302938,0.1112464450302938,0.11111145592889349,1.0 Standard Deviation,-11.700505422446716
MDH2_20964,Hill,True,0.7607356628288025,0.2202849386473427,4.620487844242451,11.465634813783685,0.0010585551710426966,0.21248781371372516,0.21248781371372516,0.9419511442972628,1.0 Standard Deviation,-1.7328174068918427
MED20_22241,Polynomial 2,True,7.431098222732544,3.410567997157398,14.181100978994241,43.98180196718219,0.06339551233050056,0.21031083424615116,0.21031083424615116,0.8416041748156047,1.0 Standard Deviation,-18.990900983591096
MED31_21109,Polynomial 2,True,4.937176704406738,4.881312401620482,6.2295452436923595,9.809603775724982,0.0010077752488497627,0.0392253178708194,0.686335007873303,0.5892735842054448,1.0 Standard Deviation,-1.904801887862491
MED7_22236,Linear,True,5.546858310699463,3.398416471760169,14.927816246493986,40.3993527616347,0.01024821648076013,0.10483151627689669,0.10483151627689669,0.15473576236252595,1.0 Standard Deviation,-17.19967638081735
MED9_20295,Polynomial 2,True,6.270395517349243,2.872140381808545,8.645804668668664,30.363601828347242,0.00180396040569053,0.07695389974528877,0.07695389974528877,0.37278713181455725,1.0 Standard Deviation,-12.181800914173621
MEF2D_4115,Polynomial 2,True,6.659550666809082,2.927396557300031,9.602042483992125,30.11829353090304,0.007750490973114199,0.06868450283124272,0.06868450283124272,0.8986503230795566,1.0 Standard Deviation,-12.05914676545152
MEP1B_28952,Polynomial 2,True,6.32234513759613,2.9846909768360295,8.767209764040802,57.02329230494793,0.0037920254906000928,0.1552182800012888,0.1552182800012888,0.35432646390472466,1.0 Standard Deviation,-25.511646152473965
MFAP3_22545,Polynomial 2,True,6.669292449951172,3.141353309167561,9.628048364576212,11.875584616904257,0.004414508690150698,0.09869012970982427,0.09869012970982427,0.2888884048651217,1.0 Standard Deviation,-2.9377923084521287
MGAT4A_21666,Exponential 5,True,0.7501769065856934,0.3647663330463694,1.7520662929324318,22.924628693480187,0.010041012856674136,0.3888769051866269,0.3888769051866269,0.16599089354339425,1.0 Standard Deviation,-7.462314346740094
MIB1_24271,Polynomial 2,True,7.134716510772705,3.2286491287172474,11.800933054906208,21.606624805528003,0.062930758665104,0.7895820401353079,0.7895820401353079,0.24609670041595055,1.0 Standard Deviation,-7.803312402764002
MIGA2_15888,Polynomial 2,True,7.166861295700073,3.2379321991102112,12.062288427737734,38.83312119058603,0.05496084269052304,0.31533634329381377,0.31533634329381377,0.6686298138100014,1.0 Standard Deviation,-16.416560595293014
MKNK1_4185,Polynomial 2,True,7.5791335105896,3.726569235662886,14.836490909469473,37.07718268199202,0.08358330930544888,0.8573156113622977,0.8573156113622977,0.15085875289524575,1.0 Standard Deviation,-15.53859134099601
MLF2_16891,Linear,True,4.032001495361328,2.3244507344052905,4.890304554846701,33.36860516455591,0.0002604255115011833,0.0017732167751061123,0.12642088361528792,0.27503844981709424,1.0 Standard Deviation,-12.684302582277954
MLXIP_25049,Polynomial 2,True,7.122924327850342,3.4106444165616914,11.190834168317192,35.74583542884984,0.02827989561526345,0.1623889605181983,0.1623889605181983,0.6561474861126425,1.0 Standard Deviation,-14.872917714424919
MMADHC_10852,Linear,True,4.298923015594482,2.833756983725912,8.798951590038968,33.69320979358175,0.011883801154218387,0.26626756347255875,0.26626756347255875,0.3737781157587543,1.0 Standard Deviation,-13.846604896790875
MOCOS_15371,Linear,True,2.1151959896087646,1.5181455361283238,4.521495716024322,22.716675390646422,0.00013276704550457818,0.03153699824517675,0.10892196926042752,0.5235369277431098,1.0 Standard Deviation,-7.35833769532321
MPC2_4243,Linear,True,1.65283203125,1.1484540378468164,3.4145983249665157,20.587981169692654,8.991693130888656e-05,0.021752345367773707,0.8950733953153093,0.1251339939423477,1.0 Standard Deviation,-6.293990584846327
MPDU1_11661,Hill,True,4.266064453061588,0.4349835118050627,10.116718200566282,27.062248377548542,0.09460355896198935,0.6021522133820734,0.6021522133820734,0.3556092985490129,1.0 Standard Deviation,-9.531124188774271
MPI_91163,Power,True,4.15906542189255,2.764861895861088,9.844988798222342,9.632010473796635,0.007591828832880676,0.4531097880032817,0.4531097880032817,0.14396673544558802,1.0 Standard Deviation,-1.8160052368983175
MPV17L2_24172,Hill,True,0.12633984183237693,0.02280504936955179,0.8259985614486742,27.33699095242374,0.004884194088753069,0.5591975459939262,0.5591975459939262,0.8600018473733927,1.0 Standard Deviation,-9.66849547621187
MRI1_15045,Linear,True,3.4976017475128174,1.7785301893114691,10.714968661752431,25.67045537951212,0.0011051892567323085,0.03804731573856723,0.17379274998754268,0.2526271365480628,1.0 Standard Deviation,-8.83522768975606
MRPL27_4270,Power,True,6.226804371355729,3.6696654451176034,20.349968190139155,46.66206012251803,0.055372525602158884,0.0849917212571949,0.0849917212571949,0.9692901947554406,1.0 Standard Deviation,-20.331030061259014
MRPS12_11286,Hill,True,1.7019090448464682,0.20041921315851874,9.979182852188973,35.05108648840934,0.0324317460129071,0.21644447529493638,0.21644447529493638,0.7449158119258974,1.0 Standard Deviation,-13.525543244204671
MRPS2_4292,Hill,True,0.4465380619112882,0.1581305870336056,1.1133872422451832,24.710218689540348,3.698801391449624e-05,0.07129144504871254,0.07129144504871254,0.9725918462899095,1.0 Standard Deviation,-8.355109344770174
MSANTD3_92377,Power,True,4.978242680238169,3.1535660457281223,11.697735205179914,14.404176042442927,0.011638713230302744,0.07565248676546887,0.07565248676546887,0.5227502191636866,1.0 Standard Deviation,-4.2020880212214635
MSANTD4_14989,Polynomial 2,True,5.844160318374634,2.4650174305249357,7.739253782287864,22.469507500998834,0.0007924947289482676,0.051260912646022394,0.051260912646022394,0.8974697471586457,1.0 Standard Deviation,-8.234753750499417
MSRB1_87742,Linear,True,4.751935005187988,3.049744357451019,10.636686810393805,32.17115829856711,0.12579449076620053,0.866144384029555,0.866144384029555,0.8418586953667507,1.0 Standard Deviation,-13.085579149283554
MTERF3_4338,Linear,True,3.9353466033935547,2.6501125887245665,7.5464051839817525,15.415878615655005,0.002195736434599027,0.052491833906589735,0.052491833906589735,0.6455411761611104,1.0 Standard Deviation,-4.707939307827503
MTPN_33637,Linear,True,4.932682514190674,3.1330759796658745,11.475405691095572,12.003038152019005,0.014498432024596442,0.36172077885688925,0.36172077885688925,0.11684175718647694,1.0 Standard Deviation,-3.0015190760095027
MVK_21935,Hill,True,0.7561412744766304,0.09846564860419181,6.027731465073155,53.63316139103769,0.017628450080629632,0.491451167515933,0.491451167515933,0.6134406920317956,1.0 Standard Deviation,-22.816580695518844
N4BP2L1_89654,Hill,True,0.313097324360587,0.10974886447463039,0.9224767720847387,56.885867890711005,0.010503868682522954,0.9514220111259191,0.9514220111259191,0.2999691453234775,1.0 Standard Deviation,-24.442933945355502
NAA10_27550,Polynomial 2,True,4.2020392417907715,3.037964451148667,4.613935963699363,10.924962241238315,1.9588806843273687e-06,0.00010058622564013131,0.4600495712352968,0.12029794260496551,1.0 Standard Deviation,-1.4624811206191572
NAA50_87612,Linear,True,6.057388782501221,3.603529380227437,18.78675136327971,31.05350281896635,0.04379144127747603,0.30568548951907726,0.30568548951907726,0.18010205699246296,1.0 Standard Deviation,-12.526751409483175
NAALAD2_10965,Hill,True,0.5971772020227601,0.07699523868808089,4.4602272255047595,52.157288074764004,0.004195061185524596,0.17933174418955333,0.17933174418955333,0.5616474356478649,1.0 Standard Deviation,-22.078644037382002
NBPF1_93232,Linear,True,4.474351406097412,2.919795695223328,9.469553830868216,9.371364379562618,0.011821751130083435,0.10312585489736947,0.10312585489736947,0.8191616394337982,1.0 Standard Deviation,-1.6856821897813086
NCAPD3_16724,Polynomial 2,True,6.045401096343994,2.7512557984339296,8.150944014288255,11.312903633474253,0.015555886525256857,0.9283086503779867,0.9283086503779867,0.4500905005106093,1.0 Standard Deviation,-2.656451816737127
NCAPG2_4481,Linear,True,5.115410089492798,3.213920673939896,12.396902155555445,44.924886540627895,0.030536580241783406,0.23878779252394777,0.23878779252394777,0.4022275849002911,1.0 Standard Deviation,-19.462443270313948
NCLN_12362,Polynomial 2,True,7.073402404785156,3.2267617346689965,11.277695745487037,27.83712271451014,0.016071802644021416,0.09397008400958007,0.09397008400958007,0.6483367715321702,1.0 Standard Deviation,-10.91856135725507
NCS1_23900,Linear,True,3.754945993423462,2.5561410982150576,6.985696751927973,33.06044855387209,0.012292525862964143,0.5314507444533083,0.5314507444533083,0.5429238709453834,1.0 Standard Deviation,-13.530224276936046
NCSTN_20925,Hill,True,0.9042337813311812,0.20413819550963871,9.492071466147124,17.987679917420934,0.011707189687493846,0.9653405017056007,0.9653405017056007,0.5084595482394993,1.0 Standard Deviation,-4.993839958710467
NDUFA7_15427,Polynomial 2,True,6.682744026184082,3.1340197369731455,9.664035238979816,28.71936309521733,0.00928924361728245,0.18727105418093792,0.18727105418093792,0.33706713342134953,1.0 Standard Deviation,-11.359681547608664
NEDD9_24522,Hill,True,0.23944702802526602,0.050805280431297374,1.0055121342569198,49.36327062343402,0.001350458053987258,0.39296197964012103,0.39296197964012103,0.750776351209233,1.0 Standard Deviation,-20.68163531171701
NEMP1_14991,Power,True,3.7402282064658636,2.5483911879797776,9.286151885214897,19.98401479685034,0.002077467326460969,0.17142525689296528,0.17142525689296528,0.2521879089557042,1.0 Standard Deviation,-6.99200739842517
NF2_27579,Linear,True,4.085860252380371,2.728109996132955,8.043770373392164,5.42659926963528,0.009092296752974072,0.19676547527580812,0.19676547527580812,0.588640109942932,1.0 Standard Deviation,0.28670036518236
NIT1_4598,Power,True,4.726424977738411,3.0380111275593435,10.52336001408484,20.051351513177316,0.04378924324574729,0.3662249735354649,0.3662249735354649,0.6682030052747929,1.0 Standard Deviation,-7.025675756588659
NIT2_92583,Linear,True,5.432126522064209,3.350859538255949,14.199135462924337,42.62146780896403,0.056096982822322006,0.8251767065019425,0.8251767065019425,0.11934019477642344,1.0 Standard Deviation,-18.310733904482014
NLE1_12303,Linear,True,5.6780290603637695,3.452089386874647,15.81564056543046,37.59741900148811,0.09906799618510509,0.42901062746853325,0.42901062746853325,0.5219652605668608,1.0 Standard Deviation,-15.798709500744057
NOG_87431,Power,True,3.8543472869401256,2.6081148871205477,9.697778002184581,32.8083259905788,0.0017479232849245685,0.21091590637467816,0.21091590637467816,0.12040026035226348,1.0 Standard Deviation,-13.4041629952894
NOL6_18053,Linear,True,2.8042209148406982,2.0158056868391183,4.537710360681502,30.489067403062947,0.0016808636519387576,0.6113602720975702,0.6113602720975702,0.9875850273506999,1.0 Standard Deviation,-12.244533701531473
NOP16_11351,Linear,True,7.275071144104004,4.043642029217977,35.8113946515041,56.45818064786843,0.06650640479053471,0.056605590667675454,0.056605590667675454,0.9991166151822475,1.0 Standard Deviation,-25.229090323934216
NOSIP_4639,Polynomial 2,True,5.869178771972656,2.4484771549829882,7.7899721508994855,15.063352731038009,0.0045547504391152405,0.35969822469136425,0.35969822469136425,0.7011727118194219,1.0 Standard Deviation,-4.531676365519004
NPIPA8_34042,Hill,True,0.29062076559805256,0.10140893581972925,-9999.0,51.42351791115085,0.05518348721270072,0.5150546422877806,0.5150546422877806,0.15966653217904925,1.0 Standard Deviation,-21.711758955575426
NPIPB13_90709,Linear,True,6.072402000427246,3.609399737609573,18.918485967961253,31.489633986165483,0.014983195297461727,0.13995666692777398,0.13995666692777398,0.1095887259039462,1.0 Standard Deviation,-12.744816993082742
NPTX2_16969,Hill,True,0.8009450640806062,0.3612300166729081,3.3851938402323496,34.75447939561465,8.933415707179648e-08,0.2717511256433449,0.2717511256433449,0.5329079379242675,1.0 Standard Deviation,-13.377239697807326
NQO1_4668,Hill,True,0.4193146429483322,0.03802453392814733,2.731117316748446,37.077396133893046,0.008033097271566536,0.9193744620652365,0.9193744620652365,0.27970421979121207,1.0 Standard Deviation,-14.538698066946521
NR2F2_27597,Polynomial 2,True,7.06859827041626,3.1985408047609702,11.314085259091158,35.34297176780851,0.11152095851900035,0.5838211176241617,0.5838211176241617,0.9882543978749009,1.0 Standard Deviation,-14.671485883904253
NRP2_27609,Linear,True,4.590818881988525,2.975091635492709,9.943221555198319,29.63118345057913,0.01449055235350949,0.19237699107707673,0.19237699107707673,0.42273305580282705,1.0 Standard Deviation,-11.815591725289565
NSDHL_88569,Linear,True,4.793729782104492,3.0688793023801115,10.824657947590826,6.572576954748888,0.021216347475711994,0.6377150361079729,0.6377150361079729,0.11022979396625998,1.0 Standard Deviation,-0.28628847737444385
NSMCE1_15487,Linear,True,4.183404445648193,2.7769634291576906,8.381707413383243,22.3058604471125,0.009953915257443047,0.3149369706073808,0.3149369706073808,0.3052897636156773,1.0 Standard Deviation,-8.15293022355625
NUDT5_4760,Linear,True,3.6020374298095703,2.4744414219785718,6.5377657727801886,35.00821717733136,0.005012215080479665,0.29781806332350835,0.29781806332350835,0.554938532695205,1.0 Standard Deviation,-14.50410858866568
NUDT7_15454,Polynomial 2,True,5.287806987762451,2.1368578412340637,6.71179325127961,45.20701013480491,0.0004165711803210126,0.21235535037234665,0.21235535037234665,0.8674363745207958,1.0 Standard Deviation,-19.603505067402455
NUP107_4770,Linear,True,4.516921043395996,2.940157944054179,9.639702256973393,23.22910326356626,0.041498860240542945,0.8472828576350317,0.8472828576350317,0.26846830517853126,1.0 Standard Deviation,-8.61455163178313
NUP133_4773,Hill,True,0.3276331790234654,0.10443960532779714,-9999.0,19.374212899641915,0.02097557989437826,0.08113013396093971,0.08113013396093971,0.259538348488778,1.0 Standard Deviation,-5.687106449820957
NUP43_11404,Polynomial 2,True,7.525615692138672,3.5837308851887686,14.678255085876032,45.65730163960872,0.01131706581904035,0.09177194415961976,0.09177194415961976,0.1940533674612056,1.0 Standard Deviation,-19.82865081980436
NXPH4_26474,Linear,True,5.274868011474609,3.2831474532946405,13.269707023276043,27.079479894910172,0.012786738435298095,0.10060608996945664,0.10060608996945664,0.29175723330809955,1.0 Standard Deviation,-10.539739947455086
NYNRIN_89727,Power,True,3.9975689682076574,2.682284120007898,9.845451879146035,28.430370961531732,0.006858526550945876,0.29045306030823326,0.29045306030823326,0.31390332290244327,1.0 Standard Deviation,-11.215185480765866
OPTN_24820,Power,True,3.3774234096020743,2.349919395426345,9.684863501497922,14.935539156108465,0.0006002240313404128,0.15351149406256648,0.15351149406256648,0.18369932381284693,1.0 Standard Deviation,-4.467769578054233
ORC5_15526,Polynomial 2,True,6.614139080047607,2.9335917360265573,9.487162552458166,50.6287757799611,0.006453037797610195,0.13309528384493796,0.13309528384493796,0.3754946405566879,1.0 Standard Deviation,-22.31438788998055
ORMDL1_18068,Linear,True,4.894139766693115,3.1157880055526546,11.29100873840936,34.73783961394037,0.012402429202827303,0.3020363869370182,0.3020363869370182,0.1263713831294101,1.0 Standard Deviation,-14.368919806970187
OSGEPL1_10764,Hill,True,1.0097910300976396,0.17262443420783696,9.519512159764854,5.411161400558196,0.0071692233223976665,0.1787340721696199,0.1787340721696199,0.7181100158114866,1.0 Standard Deviation,1.2944192997209016
OVOL2_11592,Polynomial 2,True,5.931379795074463,2.5554029784315695,7.916582625580888,46.033078001770264,0.009679482817950391,0.6952316213700049,0.6952316213700049,0.5942665393419764,1.0 Standard Deviation,-20.016539000885132
OXSR1_4880,Linear,True,5.0449347496032715,3.183074210377898,12.03307885713832,31.010975557621094,0.04799735815257278,0.35289385251786265,0.35289385251786265,0.5024664977409311,1.0 Standard Deviation,-12.505487778810547
PAAF1_20785,Exponential 5,True,0.138978511095047,0.10575417818104721,0.19855208374725677,0.6659772737117597,7.891758595912624e-05,0.36122715629770075,0.36122715629770075,0.7850683721304634,1.0 Standard Deviation,3.66701136314412
PABPC1_10760,Hill,True,0.09584242932492201,0.03525901055950769,0.4233610695731961,0.3714221712567847,3.095764826155367e-06,0.16066950392183066,0.16066950392183066,0.7769465623889569,1.0 Standard Deviation,3.8142889143716077
PACC1_12358,Linear,True,7.400742769241333,4.0849890158459345,38.800889902495065,51.61987893035318,0.017577587703370146,0.05932668719892431,0.05932668719892431,0.14938567647101542,1.0 Standard Deviation,-22.80993946517659
PACS2_11476,Hill,True,0.3214857980454876,0.10867566318485403,-9999.0,24.79716060834263,0.009942010620227038,0.11767169335055383,0.11767169335055383,0.42709063633880406,1.0 Standard Deviation,-8.398580304171315
PAFAH1B2_22618,Hill,True,0.2806595645472073,0.1573835209307049,0.9623701076736441,23.137143618324043,0.004240842964360225,0.20664408487938113,0.20664408487938113,0.1795514247688449,1.0 Standard Deviation,-7.568571809162021
PAK1IP1_16895,Hill,True,0.30628333295782584,0.1028290678271537,108.28150223057193,44.15274154207273,0.0337282502438081,0.5018038266041857,0.5018038266041857,0.5293961364269979,1.0 Standard Deviation,-18.076370771036366
PARP1_4934,Hill,True,2.5005077596862515,0.42910551192579305,9.856741110817694,13.427354240007578,0.024254585275248708,0.8541120822896016,0.8541120822896016,0.22358320415842237,1.0 Standard Deviation,-2.7136771200037892
PARP2_28373,Power,True,6.7490418935570595,3.8621045099488804,26.468038137782823,23.699674618800803,0.030935661551955373,0.16751747609023615,0.16751747609023615,0.1389713965795054,1.0 Standard Deviation,-8.849837309400401
PAX6_4946,Polynomial 2,True,7.447612285614014,3.8366611925937772,13.030267895200216,44.31769164229583,0.04426581272709773,0.47018804837565387,0.47018804837565387,0.18462981527746503,1.0 Standard Deviation,-19.158845821147914
PBX1_26409,Polynomial 2,True,6.907463073730469,3.27381432727411,10.295120225860177,35.50270116417104,0.025217556344340974,0.21020571466693383,0.21020571466693383,0.6412458493820394,1.0 Standard Deviation,-14.75135058208552
PC_24475,Power,True,4.001704678533277,2.6844103186896797,9.914185241142288,28.059146203236953,0.0011183268267462854,0.06284811039004756,0.06284811039004756,0.20121247693417232,1.0 Standard Deviation,-11.029573101618476
PDCD7_89918,Linear,True,4.24196720123291,2.8057525746304273,8.590923641699272,2.4935503390520872,0.003303944243470025,0.12331536216077676,0.12331536216077676,0.20940441922999298,1.0 Standard Deviation,1.7532248304739564
PDGFRA_19329,Hill,True,0.3368877775492582,0.10621033544074004,-9999.0,64.96370228727679,0.03283393071726082,0.09546835600374015,0.09546835600374015,0.2227859740779906,1.0 Standard Deviation,-28.481851143638394
PDS5A_5046,Polynomial 2,True,7.541000843048096,3.504581645889437,15.133710365197462,11.229202746857677,0.04420494657947671,0.3226293329606671,0.3226293329606671,0.2570210881554902,1.0 Standard Deviation,-2.6146013734288385
PERP_15804,Exponential 5,True,0.04769604653120041,0.03299129002350859,0.08587990260332257,17.920909988562293,8.729932060780321e-05,0.06342789741369215,0.06342789741369215,0.11343723693461083,1.0 Standard Deviation,-4.960454994281147
PFAS_91084,Linear,True,3.6951708793640137,2.524485736679894,6.807643909961973,42.2200290286127,0.01948910284200589,0.5895975040129937,0.5895975040129937,0.9960102862500584,1.0 Standard Deviation,-18.11001451430635
PFDN1_92573,Linear,True,3.7163889408111572,2.535730635534426,6.870349820322118,51.086332874422986,0.014756894808774512,0.5790701241252837,0.5790701241252837,0.6741633673016998,1.0 Standard Deviation,-22.543166437211493
PFN2_17702,Polynomial 2,True,6.543877124786377,2.8432506504077693,9.30470915056868,23.18586702401495,0.029670892483207756,0.5479891752032661,0.5479891752032661,0.5588221212962312,1.0 Standard Deviation,-8.592933512007475
PGP_24716,Polynomial 2,True,6.028034687042236,2.6175045534563584,8.113664788633521,16.41873492867444,0.003921534641982305,0.43020094443873647,0.43020094443873647,0.2668972847538731,1.0 Standard Deviation,-5.2093674643372205
PGS1_25333,Polynomial 2,True,5.793774127960205,2.4907201173784337,7.6378306711745445,35.47979997434358,0.0006122355706389415,0.06589215977277729,0.06589215977277729,0.6016276704071514,1.0 Standard Deviation,-14.739899987171789
PHACTR1_25671,Hill,True,0.29063500045518903,0.10270699498397123,0.9128920150672333,41.58711896700237,0.0017088805236772364,0.8967093891962692,0.8967093891962692,0.12616726044074333,1.0 Standard Deviation,-16.793559483501184
PHF23_11187,Hill,True,1.0404752255777823,0.32482439903718774,9.485586545242649,12.915615281392078,0.00018017737281450508,0.155216268211955,0.155216268211955,0.41972223767523786,1.0 Standard Deviation,-2.457807640696039
PIK3C3_5143,Linear,True,5.103085041046143,3.2085269585979597,12.33231096138918,20.589963964061806,0.03291914563702003,0.46953574831858647,0.46953574831858647,0.1943232440892182,1.0 Standard Deviation,-7.294981982030903
PIP5K1A_20679,Hill,True,2.9758248220296335,0.5440657436377184,9.883674762954687,23.050345444418927,0.03199308296823766,0.5881448663328912,0.5881448663328912,0.9880887796523381,1.0 Standard Deviation,-7.525172722209463
PITPNC1_14039,Hill,True,0.42877652713789655,0.04563997525850827,3.312168045728256,17.62921046641807,0.012555857791282099,0.39971667043456505,0.39971667043456505,0.589120766917326,1.0 Standard Deviation,-4.8146052332090346
PKN1_91040,Linear,True,7.756999731063843,4.200471370356296,49.9221023389518,48.96837947061856,0.04857940641440506,0.16112024555224458,0.16112024555224458,0.15521159439765597,1.0 Standard Deviation,-21.48418973530928
PLA2G15_5170,Polynomial 2,True,6.404496431350708,2.9751432194500227,8.963885569894408,50.47499323860028,0.002224869146679187,0.0813441168632767,0.0813441168632767,0.3077578007676127,1.0 Standard Deviation,-22.23749661930014
PLCXD1_21064,Power,True,6.39352848750041,3.7320201404090314,22.064421573919162,50.51827939390814,0.018592541378292027,0.09460264902015603,0.09460264902015603,0.17612775300751715,1.0 Standard Deviation,-22.25913969695407
PLPP2_13260,Linear,True,5.419687032699585,3.3456188149211434,14.123065745609933,59.91433134387596,0.010956696661297838,0.08552491722224631,0.08552491722224631,0.24388133185393235,1.0 Standard Deviation,-26.95716567193798
PMPCB_22245,Exponential 5,True,0.4517194628715515,0.4465868004746735,0.47366359452935936,13.39535064260469,0.00029173811268312644,0.0025206136097938314,0.25906247457703535,0.3025359456343152,1.0 Standard Deviation,-1.697675321302345
POLB_28436,Power,True,5.9637258503765995,3.567247574195875,17.99038132113897,54.34785584652264,0.051695091728514386,0.20412390270612946,0.20412390270612946,0.39870219318532896,1.0 Standard Deviation,-24.17392792326132
POLH_10761,Polynomial 2,True,7.768361568450928,3.8030404135039255,17.05363050696242,40.212989198768206,0.04570272227639871,0.12232701043917438,0.12232701043917438,0.613274516339621,1.0 Standard Deviation,-17.106494599384103
POLR1C_5255,Polynomial 2,True,5.183051824569702,2.054341075243703,6.5327669777814315,23.135926336375853,0.0009648744513814922,0.7572330215377522,0.7572330215377522,0.7516058116874013,1.0 Standard Deviation,-8.567963168187926
POLR2A_18363,Polynomial 2,True,5.052216053009033,1.5287665783887705,5.1567969253063195,5.294305013940475,0.0004510476922297002,0.012591162436685455,0.45106176252271557,0.33338057929227305,1.0 Standard Deviation,1.3528474930297625
POLR2F_13621,Hill,True,1.49561273290286,0.20190113544619245,9.954250977512505,33.675974266306156,0.01844041369742222,0.11913603451143273,0.11913603451143273,0.9329602605945257,1.0 Standard Deviation,-12.83798713315308
POLR2M_27257,Polynomial 2,True,5.501343011856079,2.3812310819606215,7.086487552038832,28.930545945432034,0.0037904480278693198,0.9636803589217691,0.9636803589217691,0.5584059448641054,1.0 Standard Deviation,-11.465272972716017
PPME1_18626,Linear,True,3.2988977432250977,1.4511476596656587,3.721865911473865,6.991498095508907,0.0021290906146951283,0.027558942785295026,0.19770800003796118,0.47631648850565034,1.0 Standard Deviation,0.5042509522455465
PPP3CB_27716,Linear,True,4.517710208892822,2.9405954598821937,9.643348488511787,33.54305752586764,0.08083725182365786,0.7552004198766378,0.7552004198766378,0.8160562962929825,1.0 Standard Deviation,-13.77152876293382
PPP5C_22340,Linear,True,4.647390842437744,3.0014894342228624,10.180594446802269,35.82480600478062,0.0037271275203678567,0.10276324177687379,0.10276324177687379,0.14534409896364842,1.0 Standard Deviation,-14.91240300239031
PPTC7_23614,Polynomial 2,True,5.463898181915283,2.1591591450211873,7.017945192449008,-10.798626116803856,0.0007793259716105672,0.6645488787377072,0.6645488787377072,0.18644125211319862,1.0 Standard Deviation,8.399313058401928
PREB_23108,Polynomial 2,True,7.063078880310059,3.294469102363649,11.004634447070387,32.21080508651991,0.03972327654078067,0.3886385318641854,0.3886385318641854,0.4031165730589461,1.0 Standard Deviation,-13.105402543259954
PRKAR1B_16845,Polynomial 2,True,5.407659411430359,3.392382948729729,7.445676525906723,54.28350139513954,1.854110816845722e-05,0.00019844211957475988,0.05301573238514379,0.1790549678237947,1.0 Standard Deviation,-23.14175069756977
PRKCZ_25185,Hill,True,0.8236362579554934,0.11661098418458651,7.080432691642338,38.750267788982676,0.0648858745924622,0.8968918267724946,0.8968918267724946,0.901477317076743,1.0 Standard Deviation,-15.375133894491338
PRSS8_18105,Hill,True,0.29685979245073124,0.10228756234299449,0.9080714697761834,39.65746008304356,0.0007114049281314871,0.057079562895034464,0.057079562895034464,0.4307355111979194,1.0 Standard Deviation,-15.828730041521778
PRTFDC1_20130,Power,True,4.62560089923478,2.991335531335429,10.059945639277114,22.407798489154498,0.017171211952480947,0.25851590937778013,0.25851590937778013,0.34910470161934004,1.0 Standard Deviation,-8.203899244577249
PSAT1_10692,Linear,True,8.650968074798584,4.469676852506373,130.80550717708022,62.98725896640853,0.023704747010622307,0.06844856010820966,0.06844856010820966,0.1121565117543607,1.0 Standard Deviation,-28.493629483204266
PSMB7_92766,Hill,True,0.3160489635931355,0.1081479198974162,-9999.0,29.816121319281997,0.05922772781808627,0.8498030005613665,0.8498030005613665,0.20264157769574198,1.0 Standard Deviation,-10.908060659640999
PSMD14_5527,Linear,True,3.694993257522583,3.43153607305616,3.972917354581705,26.528881702850498,7.889736285693338e-05,0.0008945473459208708,0.06849501674153369,0.45112596908129743,1.0 Standard Deviation,-9.264440851425249
PSMD7_92466,Hill,True,0.27222169697050586,0.04330454979980803,1.7863158832784776,14.175350059218982,0.004148078874908978,0.20559462480079493,0.20559462480079493,0.8252341496351431,1.0 Standard Deviation,-3.0876750296094913
PSPH_20364,Power,True,4.795105206378464,3.069592531621233,10.830782065055347,25.922443595932393,0.01229276773243504,0.11798717077354448,0.11798717077354448,0.43901039672338904,1.0 Standard Deviation,-9.961221797966196
PTPDC1_12478,Power,True,3.6161277654329655,2.4820456177342543,9.429582586044779,27.739785030321872,0.005112896493221997,0.2985166523942775,0.2985166523942775,0.5453688278405722,1.0 Standard Deviation,-10.869892515160936
PTPN13_21685,Linear,True,2.5485098361968994,1.372908091555023,4.928530840451501,23.121624939420958,0.00065551722336743,0.018468687126908634,0.14648611547718837,0.7165013871708609,1.0 Standard Deviation,-7.560812469710479
PTPN1_5592,Linear,True,3.4794974327087402,2.4063578152085094,6.196459679992236,25.68750604817157,0.0014061145753690996,0.2611994742219752,0.2611994742219752,0.1969808627652787,1.0 Standard Deviation,-9.843753024085785
PTRH2_87387,Hill,True,0.28723708452668884,0.05959633924003446,1.0735381475059114,15.862710336752397,0.003181060657757584,0.3779043693886066,0.3779043693886066,0.9444143627603406,1.0 Standard Deviation,-3.9313551683761987
PWWP3A_23773,Polynomial 2,True,6.715302467346191,3.385280723141451,9.752249734922989,18.383510370645126,0.02272281327418979,0.7391966418087264,0.7391966418087264,0.16779512531989216,1.0 Standard Deviation,-6.191755185322564
PYCR3_23432,Hill,True,1.125015722588563,0.3354608254104826,8.70003908920608,-2.851459648162571,0.000415279342612318,0.12845472938697466,0.12845472938697466,0.7663416783870276,1.0 Standard Deviation,5.4257298240812855
PYY_25588,Linear,True,4.272754192352295,2.820943770418844,8.702406804100068,64.09842207070112,0.01443857743947341,0.4975241862029248,0.4975241862029248,0.22924378233010567,1.0 Standard Deviation,-29.04921103535056
QARS1_32281,Hill,True,0.09799166661692013,0.012367948390659767,0.7017240143924133,7.017292622079162,0.0019147628987461474,0.15796256636106087,0.15796256636106087,0.9829410176750604,1.0 Standard Deviation,0.4913536889604191
RAB13_92828,Hill,True,2.484801090760915,0.5239480293795558,9.762780453453235,22.534280808363516,0.012369389239214934,0.5695684556116682,0.5695684556116682,0.90539139094656,1.0 Standard Deviation,-7.267140404181758
RAB1A_92777,Hill,True,0.3070164323692674,0.10368860592947027,-9999.0,24.102298143554762,0.019506039148017962,0.30082136861576103,0.30082136861576103,0.21326674704072945,1.0 Standard Deviation,-8.051149071777381
RAB32_15686,Linear,True,3.9390969276428223,2.652016392261054,7.558680018830151,14.162556287704577,0.013652208903789487,0.4401725350089779,0.4401725350089779,0.5084543539946537,1.0 Standard Deviation,-4.0812781438522885
RAB6B_23299,Polynomial 2,True,6.957329511642456,3.241644014129232,10.450534628013035,24.888986865158394,0.1201175208546672,0.8410789274091061,0.8410789274091061,0.7909849221967138,1.0 Standard Deviation,-9.444493432579197
RAB8A_20812,Polynomial 2,True,6.643099784851074,2.8996999850397858,9.558671061870355,13.772492599592233,0.09094217263014315,0.9275021877972757,0.9275021877972757,0.8868271919461717,1.0 Standard Deviation,-3.886246299796117
RANBP1_92439,Hill,True,0.3776460039540163,0.032913227978357544,2.9400124895808277,18.47880138431313,0.0017805364052785322,0.07745518783237915,0.07745518783237915,0.43543516659718107,1.0 Standard Deviation,-5.239400692156565
RAPH1_89662,Polynomial 2,True,7.0119547843933105,3.3596565695340526,10.597047390092772,20.704836909203575,0.07333122753001353,0.7139621084617319,0.7139621084617319,0.4533030775024206,1.0 Standard Deviation,-7.3524184546017874
RARB_5734,Hill,True,0.1401395817302471,0.021184423977951804,1.051122305611685,62.62815237163376,0.012015635688816362,0.8459885112196716,0.8459885112196716,0.7558747732768548,1.0 Standard Deviation,-27.31407618581688
RBM12B_87421,Linear,True,5.258833169937134,3.2761347883501557,13.178257093574462,51.68423439933943,0.0052419703372129645,0.06665226300697635,0.06665226300697635,0.1544341830563989,1.0 Standard Deviation,-22.842117199669715
RBM3_20424,Hill,True,0.31452065671845353,0.11254642197782277,0.9012042345359749,29.677833266745964,0.0071931227887302995,0.743980543659646,0.743980543659646,0.18035874804965324,1.0 Standard Deviation,-10.838916633372982
RBM42_20635,Linear,True,3.580963611602783,1.9112035590645102,10.758631277595306,26.27087739407257,0.00031900459304812223,0.01981468479673698,0.26299871333132085,0.24612355491804605,1.0 Standard Deviation,-9.135438697036285
RCC1_19989,Hill,True,3.8623719005155825,0.4927963789364054,3.9423229988562545,28.847726931256126,0.010978141226473337,0.07783144743572756,0.07783144743572756,0.33279620328430726,1.0 Standard Deviation,-10.423863465628063
RDH13_27771,Polynomial 2,True,6.462957262992859,3.0272670791210308,9.101512096722143,68.22234684604209,0.0042995626734277925,0.0893324009974985,0.0893324009974985,0.5286278334097128,1.0 Standard Deviation,-31.111173423021043
RDM1_27774,Hill,True,0.16665080291686818,0.04297588256430112,0.8598582997376226,31.97162064938955,8.887385567046824e-05,0.25404076945665544,0.25404076945665544,0.5701343856302102,1.0 Standard Deviation,-11.985810324694775
RECK_22679,Hill,True,0.36518724073044495,0.05006874491346008,2.596058913322472,15.497358680985458,0.002867716299742362,0.08786606512540707,0.08786606512540707,0.7751193962965908,1.0 Standard Deviation,-3.748679340492729
REEP1_22806,Polynomial 2,True,6.706438064575195,3.0385340131655485,9.728123508505766,43.72474164363755,0.004500783237372019,0.14954762452778048,0.14954762452778048,0.1678129287856105,1.0 Standard Deviation,-18.862370821818775
REEP5_5789,Linear,True,4.694838523864746,3.0234231246056797,10.385494361878699,32.919351394929514,0.012478766805200658,0.2655778615205393,0.2655778615205393,0.20077369914495524,1.0 Standard Deviation,-13.459675697464757
RETREG1_11839,Linear,True,5.005636215209961,3.1657440708603395,11.833850682624456,53.49646676171209,0.027625903274546282,0.27862195334101936,0.27862195334101936,0.33777302716578883,1.0 Standard Deviation,-23.748233380856046
RETREG3_24217,Hill,True,0.3276946978805259,0.04129003937482127,1.7828331827246338,24.24113394278013,0.0021245160076086567,0.5715383751170495,0.5715383751170495,0.31731717657909053,1.0 Standard Deviation,-8.120566971390065
REXO1_92392,Linear,True,7.11575984954834,3.9900606111237646,32.50739561209153,40.5497685754742,0.0480735904527031,0.0745474509366707,0.0745474509366707,0.5110423172290643,1.0 Standard Deviation,-17.2748842877371
RFTN1_18734,Linear,True,3.9579081535339355,2.6617754010745074,7.619231983088022,25.727150445668663,0.0070360118460151,0.4765558614086062,0.4765558614086062,0.1896996479613109,1.0 Standard Deviation,-9.863575222834331
RFWD3_21836,Linear,True,4.107866287231445,2.739250783842345,8.118741117707275,21.307030394369804,0.0032502692075671025,0.057704331587543956,0.057704331587543956,0.639046404378576,1.0 Standard Deviation,-7.653515197184901
RIBC1_27786,Linear,True,6.0243308544158936,3.590723135938085,18.501417962936586,54.87715350767212,0.019814011290791855,0.10952440992039203,0.10952440992039203,0.21739542000833068,1.0 Standard Deviation,-24.43857675383606
RIMS4_20420,Polynomial 2,True,7.917134761810303,3.7732545896023506,19.512212962240344,71.24287832822316,0.07271427876706549,0.7163773310209047,0.7163773310209047,0.10443776933455085,1.0 Standard Deviation,-32.62143916411158
RIOX2_12112,Power,True,4.6425486199792125,2.9992396610984944,9.939143930230712,9.748859438333994,0.010226238671500076,0.39187303498793646,0.39187303498793646,0.1046104885120056,1.0 Standard Deviation,-1.8744297191669976
RNF152_20508,Linear,True,3.3753538131713867,2.348735084602821,5.915365782316838,23.65136354630713,0.002160279864878434,0.2739079552243837,0.2739079552243837,0.4306454917963286,1.0 Standard Deviation,-8.825681773153566
RNPC3_28272,Linear,True,4.829919338226318,3.085531078846584,10.990179521686887,47.029609739008215,0.00835369227957572,0.09406474441245205,0.09406474441245205,0.3312151543092202,1.0 Standard Deviation,-20.514804869504108
ROR1_13955,Linear,True,6.665936708450317,3.5496808322477684,6.803921598315238,41.50168827611054,0.00045806203441867144,0.0012501721194347892,0.09179680542972568,0.31560774634538125,1.0 Standard Deviation,-16.75084413805527
RPA1_90274,Power,True,3.7625921538027063,2.5601521551993582,9.740283993487623,3.5275355888630666,0.010402018568926752,0.4775879984294229,0.4775879984294229,0.49642574393595273,1.0 Standard Deviation,1.2362322055684667
RPL11_90878,Linear,True,2.940986156463623,2.097569768636762,4.845476741897301,12.670533841133446,0.003061888972158533,0.7925396790477209,0.7925396790477209,0.7669451179937952,1.0 Standard Deviation,-3.335266920566723
RPL17_93254,Hill,True,1.4183631816009667,0.3193177773664798,9.674980674632398,13.108598391982117,0.00029645842705772196,0.07833640314847146,0.07833640314847146,0.11254824598771385,1.0 Standard Deviation,-2.5542991959910584
RPL26_92918,Power,True,4.926124837928315,3.130219112181174,11.443836658037325,27.555988681518425,0.004968967942082125,0.1213501504883453,0.1213501504883453,0.11266928642163299,1.0 Standard Deviation,-10.777994340759212
RPS6KL1_24670,Hill,True,0.9388418302810766,0.0661326710738626,9.676839861295006,15.872081050231508,0.019948581602182047,0.7138896401311332,0.7138896401311332,0.2672797766629511,1.0 Standard Deviation,-3.9360405251157533
S100P_6092,Polynomial 2,True,5.595030784606934,3.9305997128673056,9.835553038874496,42.651354610721754,0.0013456909940304795,0.03967783761148791,0.3310713540274056,0.31841516193416086,1.0 Standard Deviation,-17.325677305360877
SAMD5_90571,Polynomial 2,True,5.252629518508911,2.235812205758552,6.651446274146125,46.01019649844573,0.0008105243828585573,0.989941637080614,0.989941637080614,0.2527898158853714,1.0 Standard Deviation,-20.005098249222865
SARS2_24835,Power,True,5.012442204709781,3.168752098249067,11.86779907465182,23.80077415760448,0.03238462279492993,0.15628877837564192,0.15628877837564192,0.8221886553216984,1.0 Standard Deviation,-8.90038707880224
SCLY_21741,Hill,True,1.0621716596837532,0.17482138579056422,9.709206332077798,18.872908226081794,0.009036533182544715,0.36483337464024523,0.36483337464024523,0.45552297253297314,1.0 Standard Deviation,-5.436454113040897
SCMH1_21547,Linear,True,3.917114734649658,2.6406572728140083,7.488507621935396,20.750862507477805,0.04768873648934813,0.8880821627274778,0.8880821627274778,0.9919067590103009,1.0 Standard Deviation,-7.3754312537389035
SEC16A_6185,Hill,True,3.0079969859958533,0.2492413617091893,10.082016021148362,34.676124664498985,0.04504859326687827,0.28111175136613964,0.28111175136613964,0.3853557036299826,1.0 Standard Deviation,-13.338062332249494
SEMA4G_14735,Linear,True,4.492743015289307,2.928690788821335,9.543076756983837,34.93283866482705,0.04791284322995426,0.4866023496679108,0.4866023496679108,0.7681913626029089,1.0 Standard Deviation,-14.466419332413526
SEPHS1_15829,Linear,True,3.392629623413086,2.3583235092872297,5.961044020131721,28.497942095706943,0.0007854607084484266,0.054466876317021184,0.054466876317021184,0.7840027026816918,1.0 Standard Deviation,-11.248971047853471
SERPINB9_10799,Hill,True,0.8445936140289946,0.14150933946480765,8.776369960082608,58.04437516124509,0.0016807948107672166,0.060613529293419344,0.060613529293419344,0.6223913486689301,1.0 Standard Deviation,-25.022187580622546
SETD6_12905,Power,True,3.057619452166481,1.2330951296584856,12.455542419221402,-6.263886759020821,0.0003696731936140285,0.008806347689151228,0.22513048832756766,0.7498844571554453,1.0 Standard Deviation,8.13194337951041
SH3GL1_25786,Linear,True,4.6308183670043945,2.993750721310658,10.110685560159641,36.79316081018595,0.020809581368522068,0.36016925493267826,0.36016925493267826,0.29541277706108793,1.0 Standard Deviation,-15.396580405092976
SHLD2_2324,Linear,True,4.260151386260986,2.814775807161573,8.656187484984642,26.43245434711235,0.010185469562091765,0.12894282655520084,0.12894282655520084,0.7794948273489062,1.0 Standard Deviation,-10.216227173556176
SHQ1_15028,Polynomial 2,True,6.834920644760132,3.24336940745833,10.083862786795802,40.28552392515468,0.037966359304102304,0.41674636316471403,0.41674636316471403,0.5574199663003748,1.0 Standard Deviation,-17.14276196257734
SIK1_17023,Power,True,2.996066219014714,2.1301358601913463,9.561052661746283,15.384287906478761,0.0021923431460415532,0.8773537710914769,0.8773537710914769,0.3419414093281544,1.0 Standard Deviation,-4.6921439532393805
SIVA1_18355,Linear,True,4.767361879348755,3.05680712063863,10.705489535182283,47.64942406547317,0.004618475400004152,0.12888522307451655,0.12888522307451655,0.12103130117024052,1.0 Standard Deviation,-20.824712032736585
SLC19A3_11343,Polynomial 2,True,5.575293302536011,2.3234947656620033,7.223813197040087,51.88112163171943,0.003387063386317335,0.5676371929645537,0.5676371929645537,0.8468944508245569,1.0 Standard Deviation,-22.940560815859715
SLC25A23_12348,Power,True,2.963150766674833,2.110707344095033,9.162333136063948,6.468941476060854,0.002355859341006794,0.8181207208803376,0.8181207208803376,0.482461484545887,1.0 Standard Deviation,-0.23447073803042673
SLC25A5_92330,Polynomial 2,True,6.806221008300781,3.120654119988289,10.00256397137441,25.47694790502962,0.09084151361884807,0.8582108305847734,0.8582108305847734,0.7039067524885569,1.0 Standard Deviation,-9.73847395251481
SLC25A6_93015,Polynomial 2,True,6.349883079528809,2.907268972454951,8.83287194403506,34.873728557349494,0.0035925581208169355,0.0941757405604422,0.0941757405604422,0.5448959950036094,1.0 Standard Deviation,-14.436864278674749
SLC38A3_20351,Power,True,4.057913911636329,1.3808151689607426,33.961936495899714,22.197796397446446,0.0048948865328397595,0.013472210842464305,0.9288742108852237,0.7121586375164635,1.0 Standard Deviation,-6.098898198723223
SLC39A3_16311,Power,True,3.9424298523523396,2.6538025079946106,9.818459886207108,7.65309889564348,0.0018981630566210494,0.058858170369488705,0.058858170369488705,0.46832836650639253,1.0 Standard Deviation,-0.8265494478217401
SLC3A2_20164,Polynomial 2,True,6.900820732116699,3.222676029309249,10.275139585099687,10.662047709580278,0.026790146795497405,0.2894781481691886,0.2894781481691886,0.4789900314970721,1.0 Standard Deviation,-2.3310238547901387
SLC4A2_91119,Polynomial 2,True,6.298454999923706,2.9358242036602804,8.711173085600972,22.313728658707255,0.002444074213736158,0.15843530429171204,0.15843530429171204,0.2166557525518602,1.0 Standard Deviation,-8.156864329353628
SLC9A3R2_11626,Linear,True,3.2685601711273193,2.288901195042879,5.638363896828675,34.673345112318145,0.0005730697097328097,0.08097851230066999,0.08097851230066999,0.5178556597314765,1.0 Standard Deviation,-14.336672556159073
SMARCA2_17450,Linear,True,12.308979034423828,11.15151603159566,13.222127788473895,34.70723121053292,0.0017110689666828272,0.048084623422780526,0.3844281375704167,0.12702478203909795,1.0 Standard Deviation,-14.353615605266459
SMARCD3_11036,Linear,True,4.915742874145508,3.1255474909724885,11.39465083903122,29.550340935161554,0.014888433784894683,0.063240741055681,0.063240741055681,0.9560695263750174,1.0 Standard Deviation,-11.775170467580777
SMPDL3B_20517,Linear,True,3.960387706756592,2.663079752675822,7.6273940458360805,38.40364987577129,0.030428255577877428,0.6392682384203907,0.6392682384203907,0.8300426044705671,1.0 Standard Deviation,-16.201824937885647
SNHG32_901,Exponential 5,True,0.02835802733898163,0.021019292282272572,0.060773916401556445,7.15029366850215,8.912633326918495e-07,0.1313175513605933,0.1313175513605933,0.13439986195039177,1.0 Standard Deviation,0.42485316574892495
SNRPC_92660,Polynomial 2,True,7.153917551040649,3.571488802664554,11.063516753922023,49.8907143188092,0.030425196575159852,0.4070408652199905,0.4070408652199905,0.22360576426364642,1.0 Standard Deviation,-21.9453571594046
SNRPF_92804,Hill,True,0.4022689955524881,0.10299621904905534,1.7576067434824647,16.79482873333485,0.001565183029156314,0.6592442629219701,0.6592442629219701,0.748410237778887,1.0 Standard Deviation,-4.397414366667425
SOD2_6667,Hill,True,0.9988954860414622,0.0819155034779931,106.56606832047581,42.72221805959996,0.024821015942867897,0.1086964180284904,0.1086964180284904,0.8563544546832019,1.0 Standard Deviation,-17.36110902979998
SPACA9_24794,Hill,True,0.1471333657327605,0.03318292620606212,0.884822476704839,42.105195331412986,0.00019311202527061422,0.11445079746510123,0.11445079746510123,0.6495689106084768,1.0 Standard Deviation,-17.052597665706493
SPATA5_16599,Hill,True,1.2346997628221532,0.11599211632374117,9.677303573230322,25.497011422594902,0.0062510330104090794,0.5265057420260899,0.5265057420260899,0.1269289692238913,1.0 Standard Deviation,-8.748505711297451
SPATA7_91570,Hill,True,0.027830666763666106,0.011050437365189883,0.08488574311205997,18.829228155515963,1.3974054335896824e-07,0.2766976218599424,0.2766976218599424,0.1494188739733674,1.0 Standard Deviation,-5.414614077757982
SPCS2_21762,Hill,True,0.12959415612441083,0.02898802386221359,0.880890262254431,53.691600515943236,0.00013952728742594456,0.06931871949278245,0.06931871949278245,0.6636628697829867,1.0 Standard Deviation,-22.845800257971618
SRA1_20834,Linear,True,2.6874303817749023,1.943602973974252,4.282980171331545,8.471596086211719,0.0005280708831483238,0.32287222659860504,0.32287222659860504,0.9872236503105363,1.0 Standard Deviation,-1.2357980431058588
SRCAP_91495,Linear,True,3.6429619789123535,2.4964636505041913,6.655316430650817,10.504752841920588,0.002482347592235312,0.23046726901404035,0.23046726901404035,0.28541158559317026,1.0 Standard Deviation,-2.252376420960294
SRC_87757,Polynomial 2,True,6.1623311042785645,2.978939129352824,8.40706411545016,38.90808985468904,0.0006427241520154947,0.05376352634426507,0.05376352634426507,0.22549034869816076,1.0 Standard Deviation,-16.45404492734452
SSB_92788,Hill,True,0.9079958768378755,0.07145192197384566,9.608373066390367,24.478843236635605,0.005273090309827588,0.16210922930580873,0.16210922930580873,0.32377453931755906,1.0 Standard Deviation,-8.239421618317802
SSTR2_27909,Hill,True,0.4062658099755359,0.13741381894625762,1.4835965904638941,51.92822615600977,1.0775611310909206e-05,0.13326778409802553,0.13326778409802553,0.20646235099164478,1.0 Standard Deviation,-21.964113078004885
STRADA_24367,Hill,True,0.29696059284179893,0.10240495673213433,0.8506741288395376,14.173806668567323,0.00034868129656562274,0.08862844618597365,0.08862844618597365,0.4469119301887253,1.0 Standard Deviation,-3.086903334283662
STUB1_6861,Polynomial 2,True,5.797199010848999,4.054023530902163,10.614259871728525,41.15363264609789,0.0011620628877372363,0.041317540575082856,0.42124220437926885,0.12497347744872156,1.0 Standard Deviation,-16.576816323048945
SUPT3H_17765,Hill,True,0.16553822388991143,0.01699426500427854,1.5841306821568837,44.92121791590455,0.003710240304560797,0.36871458370230104,0.36871458370230104,0.36692325245198476,1.0 Standard Deviation,-18.460608957952275
SVIL_21650,Hill,True,0.5857264572976766,0.05087292348652918,5.5678879467928555,41.39588226423185,0.019132673265534028,0.2746829431514155,0.2746829431514155,0.6386831848704017,1.0 Standard Deviation,-16.697941132115925
SWT1_14364,Linear,True,3.927185535430908,2.645901861499109,7.521361065580049,37.90077067193231,0.0032399056458315423,0.07163530368417936,0.07163530368417936,0.7457043612250456,1.0 Standard Deviation,-15.950385335966155
SYS1_27929,Power,True,2.0755961326911674,1.6379999167790846,2.747607151674159,-1.8942242830068956,5.173979276829055e-05,6.98120662678825e-05,0.12095266043667963,0.24318038374648365,1.0 Standard Deviation,4.947112141503448
TACC3_15729,Linear,True,3.0839037895202637,1.6731992393075232,9.851021823645848,1.8922207407708909,0.0008561903787734915,0.02386979085006935,0.6200751491896657,0.2981339181721987,1.0 Standard Deviation,3.0538896296145546
TAP2_27935,Hill,True,0.08478116056273681,0.02150794850413704,0.43470227639562664,17.30742653227189,0.00043902608811585697,0.7283892299673773,0.7283892299673773,0.5283628614222493,1.0 Standard Deviation,-4.653713266135945
TATDN3_12595,Linear,True,5.009255409240723,3.167319683539618,11.851917194597126,20.424229888188172,0.07086048592458383,0.4689472427666326,0.4689472427666326,0.6279702599614774,1.0 Standard Deviation,-7.212114944094086
TBC1D15_25284,Power,True,4.248616077544669,2.8091001526762605,9.927902401308495,20.86570384027409,0.001956916286960597,0.05474336699568971,0.05474336699568971,0.27430093900576735,1.0 Standard Deviation,-7.432851920137045
TCF3_91725,Linear,True,3.206362724304199,2.253492323163232,5.480920566487058,30.387276289312197,0.005003706563367238,0.7407776383162996,0.7407776383162996,0.567789815397087,1.0 Standard Deviation,-12.193638144656099
TCOF1_15308,Polynomial 2,True,6.415209770202637,3.080831922634999,8.985376803114418,32.959747485294,0.017146791284712748,0.6176629582719967,0.6176629582719967,0.324820750111394,1.0 Standard Deviation,-13.479873742647003
TCP1_92626,Linear,True,5.137679576873779,3.2236385842473423,12.515966642537546,24.530029946265493,0.012902516817075438,0.19464078505448346,0.19464078505448346,0.16249106904612032,1.0 Standard Deviation,-9.265014973132747
TDRKH_13741,Linear,True,3.1905746459960938,2.2444244200121592,5.441694224912114,-1.536410320666822,0.0010147458993954306,0.2854525598723401,0.2854525598723401,0.3069687932273524,1.0 Standard Deviation,3.768205160333411
TEC_19874,Linear,True,4.469757080078125,2.917617349484734,9.451560994947316,55.992355459794396,0.0075989257938828825,0.0607161924097952,0.0607161924097952,0.8603416991388866,1.0 Standard Deviation,-24.996177729897198
TEDC1_20289,Linear,True,4.434077739715576,2.9005431868981373,9.311280848059335,41.72757524636991,0.008584237760813185,0.1299746090208035,0.1299746090208035,0.4495867485356315,1.0 Standard Deviation,-17.863787623184955
TENT2_19346,Polynomial 2,True,6.816105842590332,3.148973630933165,10.030364927963287,51.372330156352064,0.10569333668935421,0.9073248974055735,0.9073248974055735,0.7708705956464155,1.0 Standard Deviation,-22.686165078176032
TESMIN_15697,Polynomial 2,True,5.6298792362213135,2.4325357546995656,7.325878131016181,31.81090799943667,0.0009209227284618926,0.28042267701888757,0.28042267701888757,0.3455748383802073,1.0 Standard Deviation,-12.905453999718334
TEX2_15987,Linear,True,4.602901935577393,2.9806854781406007,9.992757692436754,8.187874327404185,0.0632278489390824,0.6831094250822045,0.6831094250822045,0.5836327151532421,1.0 Standard Deviation,-1.0939371637020923
TFDP1_7045,Hill,True,1.3283592468717975,0.20351107750729913,9.738723382596321,4.217827678478763,0.01968275469017522,0.5895004053864774,0.5895004053864774,0.39042053147353184,1.0 Standard Deviation,1.8910861607606184
TGFBR3_27950,Power,True,4.82192432684395,3.0818929259868657,10.953751985269786,17.19811302581563,0.013549514613807268,0.25048400949928873,0.25048400949928873,0.19730542760431014,1.0 Standard Deviation,-5.599056512907816
TGFBRAP1_26440,Hill,True,0.13054313224350145,0.0421043708240425,0.822210692590798,20.430777225143835,4.201814854487562e-05,0.23401611579079173,0.23401611579079173,0.9306165309069229,1.0 Standard Deviation,-6.2153886125719175
TGM1_20398,Linear,True,4.068940877914429,2.7195948948348474,7.986358590998616,66.18969549844782,0.015908894791163974,0.37258464471564245,0.37258464471564245,0.5727234962950412,1.0 Standard Deviation,-30.09484774922391
THOC6_12411,Hill,True,2.1615304871443617,0.29521300312469423,9.90227667483932,17.495233746790035,0.020738747321740525,0.37168935113892665,0.37168935113892665,0.30366855553344374,1.0 Standard Deviation,-4.7476168733950175
TIGD6_22549,Polynomial 2,True,6.771565675735474,3.3246711245621157,9.908640643626761,41.91869439769741,0.048235536025519776,0.914427621966474,0.914427621966474,0.2783955490265848,1.0 Standard Deviation,-17.959347198848704
TIMM10B_25535,Hill,True,4.4124802910837015,1.0221677534470937,-9999.0,30.155385647558703,0.01299477378336833,0.10203965257857028,0.10203965257857028,0.19055702750201808,1.0 Standard Deviation,-11.077692823779351
TIMM44_23550,Polynomial 2,True,5.6121826171875,2.44324454352462,7.29273370463559,27.546773737518194,0.0013369772748047515,0.3334052649917507,0.3334052649917507,0.46920900233637575,1.0 Standard Deviation,-10.773386868759097
TLNRD1_87388,Polynomial 2,True,6.187828779220581,2.6691445040149957,8.463657222999,30.005781867356077,0.032232173817009935,0.8149499338884776,0.8149499338884776,0.9445369359954062,1.0 Standard Deviation,-12.002890933678039
TM9SF3_7143,Hill,True,1.0315647590080514,0.0899286474232129,192.5377033585339,47.58033876404531,0.05498815548852787,0.2698181504759314,0.2698181504759314,0.8845484979777829,1.0 Standard Deviation,-19.790169382022654
TMBIM6_7153,Hill,True,0.315319594903643,0.10530597325319918,3.6286637759468867,21.0390079219829,0.02362659183193494,0.4520308064452434,0.4520308064452434,0.5281990042417859,1.0 Standard Deviation,-6.51950396099145
TMEM115_14175,Linear,True,4.449925422668457,2.90811004699349,9.373541946245748,14.62059112734007,0.011350842653663262,0.20144532310586793,0.20144532310586793,0.3729048285748745,1.0 Standard Deviation,-4.310295563670035
TMEM189_27974,Linear,True,4.179275035858154,2.7748797192638346,8.367416634983659,25.74791678522237,0.041904286534740987,0.551947539067815,0.551947539067815,0.9752134427827598,1.0 Standard Deviation,-9.873958392611184
TMEM214_24547,Linear,True,2.1745657920837402,2.0276812491430904,2.765800758504855,6.325064953069658,0.0008603933673475561,0.011503960056982954,0.20020683244035875,0.48010856471541297,1.0 Standard Deviation,-0.16253247653482905
TMEM241_19360,Hill,True,1.5857889663396716,0.4777035018412545,9.39865280275912,45.79273260525831,0.00020841398770055086,0.33633623141591085,0.33633623141591085,0.9680974724690443,1.0 Standard Deviation,-18.896366302629154
TMEM251_7199,Polynomial 2,True,6.952959299087524,3.302346736042041,10.432338557198364,45.24863134126876,0.09251867022216187,0.758150121945337,0.758150121945337,0.6483703820854674,1.0 Standard Deviation,-19.62431567063438
TMEM41A_11795,Linear,True,2.9149723052978516,2.0821550922485006,4.78534432370292,2.1787390710981756,0.0008218636078337616,0.24847848798720107,0.24847848798720107,0.8198537901465595,1.0 Standard Deviation,1.9106304644509122
TMEM44_13230,Polynomial 2,True,7.428035736083984,3.510462676017847,13.815961974789989,65.18201773830845,0.11524043100234549,0.9848714529149997,0.9848714529149997,0.223191061999077,1.0 Standard Deviation,-29.591008869154226
TMEM51_18762,Polynomial 2,True,6.739362478256226,3.190571821221717,9.81861158842088,49.7886444489686,0.028501767005213896,0.4811696883732377,0.4811696883732377,0.39146402075694087,1.0 Standard Deviation,-21.8943222244843
TMEM52_26220,Polynomial 2,True,6.487375497817993,2.976154375133161,9.161864443115919,43.27551550262298,0.033306843729885904,0.5718911634616003,0.5718911634616003,0.712085757352911,1.0 Standard Deviation,-18.63775775131149
TMEM63A_18448,Hill,True,3.9049329070017924,0.8969792319671441,-9999.0,49.7202489687116,0.09319638274869069,0.41590257911392003,0.41590257911392003,0.7303104510481833,1.0 Standard Deviation,-20.8601244843558
TNFRSF10B_23818,Polynomial 2,True,6.4131975173950195,2.769160753492045,8.984805356820821,3.1526003653137784,0.0009867104519455383,0.05038277725831275,0.05038277725831275,0.1935069910099163,1.0 Standard Deviation,1.4236998173431108
TNFRSF19_12626,Linear,True,7.32586145401001,4.060363265716259,36.97544656229998,65.71632004571745,0.057611803231766956,0.11850615488027416,0.11850615488027416,0.3448914347239329,1.0 Standard Deviation,-29.85816002285873
TNK2_27994,Hill,True,0.3203431170104495,0.10423977608021137,-9999.0,37.99327681196846,0.0064408594726416135,0.05561750685414335,0.05561750685414335,0.11680988973771766,1.0 Standard Deviation,-14.996638405984228
TNKS1BP1_88735,Hill,True,2.7791197331162505,0.2184029199230108,-9999.0,51.89071367639919,0.020887984762800738,0.06786627320418237,0.06786627320418237,0.5883809971832299,1.0 Standard Deviation,-21.945356838199594
TNPO3_12588,Hill,True,0.1120141123821629,0.0430834373891503,0.6455224966484242,6.731787522614734,7.631733265345275e-07,0.080317349181664,0.080317349181664,0.7937900449511183,1.0 Standard Deviation,0.634106238692633
TOR2A_25655,Polynomial 2,True,6.294392943382263,2.93276033898048,8.701739594627112,42.18364498065027,0.004158843440924542,0.33622123525907055,0.33622123525907055,0.17034796350040127,1.0 Standard Deviation,-18.091822490325136
TP53I3_7290,Hill,True,0.6186256364089525,0.05558907783490612,8.992039786486789,26.954934459816798,0.0004316514409126171,0.022789490321675654,0.1701256241349568,0.23015874960086036,1.0 Standard Deviation,-8.477467229908399
TPCN1_19034,Linear,True,4.104456901550293,2.737526164077066,8.107363321991949,41.539769804819045,0.050305658559579136,0.8413830684549226,0.8413830684549226,0.7756724465884396,1.0 Standard Deviation,-17.769884902409522
TPT1_92740,Polynomial 2,True,6.719915866851807,3.210068265469527,9.764776026396714,30.074826960015308,0.052992728969312175,0.850764812844605,0.850764812844605,0.4092215674927503,1.0 Standard Deviation,-12.037413480007654
TRAF4_24863,Polynomial 2,True,6.647217273712158,2.9543539308685767,9.569558168010705,14.970997674853145,0.010134755539206397,0.1629906867534625,0.1629906867534625,0.4825582283712373,1.0 Standard Deviation,-4.485498837426572
TRAF6_7314,Hill,True,1.1932711273248537,0.11585312456597643,9.69709561293489,58.859297706226634,0.12233615849396284,0.8741988171027457,0.8741988171027457,0.7604354252717089,1.0 Standard Deviation,-25.429648853113317
TRAM2_7319,Linear,True,4.360377788543701,2.8637051096865633,9.028140007977157,17.560030059328284,0.006834792202283224,0.1775434885993029,0.1775434885993029,0.2686001071003129,1.0 Standard Deviation,-5.780015029664142
TRAPPC5_12918,Polynomial 2,True,5.913290977478027,2.6037297012910954,7.87967279775808,9.514062791418617,0.003496766709011112,0.24839075784173303,0.24839075784173303,0.6810429789267377,1.0 Standard Deviation,-1.7570313957093082
TREX2_87535,Linear,True,5.655200481414795,3.442844095875412,15.65557957706175,58.198658774929164,0.06820999136664485,0.3534713232911557,0.3534713232911557,0.4018087058274269,1.0 Standard Deviation,-26.099329387464582
TRMT1L_22968,Hill,True,1.1570322775560464,0.24228466578866545,9.612501191814506,-5.17057219572111,0.0029815058394081495,0.3265422357426957,0.3265422357426957,0.26645702043639063,1.0 Standard Deviation,6.585286097860555
TSEN15_93208,Linear,True,2.180638313293457,1.6983615044430511,3.419447571231127,19.727204140877987,0.0007387696924249232,0.03210500365958635,0.26955589327169815,0.32814961624251493,1.0 Standard Deviation,-6.8636020704389935
TSHZ2_25918,Linear,True,4.409092664718628,2.8874167739868555,9.214516715946942,56.61177118372018,0.026433238987423002,0.373519144872678,0.373519144872678,0.5645159749816759,1.0 Standard Deviation,-25.30588559186009
TSPAN14_22152,Linear,True,6.142240762710571,3.636317409354357,19.550065139049693,51.832323291212745,0.01804924998169155,0.11834528278344192,0.11834528278344192,0.1595778883115586,1.0 Standard Deviation,-22.916161645606373
TSPAN2_19795,Hill,True,0.7783558274506346,0.08613415281301072,6.028239681797766,31.570484116622637,0.0004423586123799561,0.11139920272310466,0.11139920272310466,0.12759735863657262,1.0 Standard Deviation,-11.785242058311319
TTC33_22097,Linear,True,3.7900924682617188,2.5745431566050954,7.092157957576177,13.779178838297252,0.008904509279082817,0.4526083770698228,0.4526083770698228,0.4081268317200648,1.0 Standard Deviation,-3.889589419148626
TTC39C_28022,Linear,True,3.651515245437622,2.501093430798966,6.679991713290874,24.420747172817904,0.0031346750677260227,0.09944836763169385,0.09944836763169385,0.9877679453967565,1.0 Standard Deviation,-9.210373586408952
TTLL4_14717,Polynomial 2,True,6.7246198654174805,3.209211763043205,9.777869304275105,43.76799631344262,0.008732990270230778,0.1377946025569744,0.1377946025569744,0.4042630639180277,1.0 Standard Deviation,-18.88399815672131
TUBA1A_12436,Linear,True,4.799511432647705,3.0715592973617616,10.850849626394242,50.3619323302604,0.09030280716089178,0.7087901228132563,0.7087901228132563,0.6713371260636452,1.0 Standard Deviation,-22.1809661651302
TUBGCP6_21736,Linear,True,3.5350340604782104,2.4369178139543406,6.34844455839612,62.518463048699694,0.011367350096634476,0.9553691187381491,0.9553691187381491,0.3499429579916127,1.0 Standard Deviation,-28.259231524349847
TWF2_7415,Power,True,4.476542119820964,2.9209281431649643,10.037835999755538,10.177997908155374,0.004515213284971065,0.09867414227000448,0.09867414227000448,0.2567961407313263,1.0 Standard Deviation,-2.088998954077687
TXNDC9_7433,Linear,True,2.1776771545410156,1.3188400435867929,4.772146132559413,-4.926357282631962,0.0003941251137746793,0.020595456334260853,0.2068949496270075,0.5326364450856929,1.0 Standard Deviation,6.463178641315981
UBE2D3_28033,Linear,True,4.82308030128479,3.082420164557866,10.958926913151803,39.155156336330215,0.02828263005165388,0.21606867401931762,0.21606867401931762,0.6124375081854161,1.0 Standard Deviation,-16.577578168165108
UBE2V1_28034,Linear,True,3.3232998847961426,1.635170421798805,10.216249991047416,7.40177079649802,0.0013459442827961077,0.018796932186045168,0.14783563851798187,0.8464240292631914,1.0 Standard Deviation,0.2991146017509896
UBE2W_10807,Hill,True,0.3015375189854947,0.10461019004867839,0.8626632723573016,17.70085911085222,0.0052167865627521515,0.6763992653755829,0.6763992653755829,0.16530008483809333,1.0 Standard Deviation,-4.8504295554261105
UBE3B_90314,Power,True,3.660298555570348,2.505868564074692,9.530172232516982,15.228873485650903,0.0009989572450724848,0.06288041586021376,0.06288041586021376,0.4070675447709041,1.0 Standard Deviation,-4.614436742825451
UBN1_91670,Linear,True,1.1159515380859375,0.9855503761881977,1.2293663192423516,0.7307336134840945,2.4357187766721466e-07,7.48223893634048e-05,0.3900611723485109,0.4236438878895238,1.0 Standard Deviation,3.6346331932579528
UBTD1_26698,Hill,True,2.0453881978159547,0.4412868108489348,9.779903214540123,28.95649579150602,0.005582782984915324,0.18099287426704835,0.18099287426704835,0.8895854698725846,1.0 Standard Deviation,-10.47824789575301
USP18_7584,Hill,True,0.5438352175689041,0.11080127488815922,3.005630462559032,15.997089887706107,0.001369912108557636,0.913338123428519,0.913338123428519,0.19937652972437303,1.0 Standard Deviation,-3.998544943853053
USP5_7596,Power,True,4.484367807183595,2.9246914612895276,9.95577153932302,26.729483320650107,0.006115032479284799,0.09077275256413364,0.09077275256413364,0.4058585161360556,1.0 Standard Deviation,-10.364741660325054
USP9X_19690,Hill,True,0.9493730223867248,0.2363982188125741,9.508008687138087,-20.461410743640638,0.0007912180721433293,0.0677191504050052,0.0677191504050052,0.7342454154920852,1.0 Standard Deviation,14.230705371820319
UTP20_16887,Linear,True,5.538442134857178,3.3949773354383295,14.8717348219655,52.658628215016115,0.07251145014956062,0.6621945013675046,0.6621945013675046,0.21423887014897636,1.0 Standard Deviation,-23.329314107508058
VIPAS39_12577,Polynomial 2,True,5.29735803604126,2.0565048360299825,6.728152086814862,10.92928574972381,0.000709174442792837,0.3129807637734445,0.3129807637734445,0.9713037858914092,1.0 Standard Deviation,-2.464642874861905
WASHC3_26517,Power,True,4.565381744238934,2.9631674998779873,9.837341482707338,7.02009720857206,0.002436006596691409,0.08737884886913516,0.08737884886913516,0.11891275565696258,1.0 Standard Deviation,-0.5100486042860299
WASL_7701,Linear,True,4.357022047042847,2.862112997524134,9.015535814430416,27.13086438715471,0.025354440292145952,0.3381324323918731,0.3381324323918731,0.6659768310800398,1.0 Standard Deviation,-10.565432193577355
WBP1L_20603,Hill,True,1.3523973682620434,0.3256279033157247,9.696008531494375,40.541290077443605,0.00681406505487403,0.3782447751730721,0.3782447751730721,0.8015675736704111,1.0 Standard Deviation,-16.270645038721803
WDR18_25239,Linear,True,3.023049831390381,2.14597126433653,5.03594843448365,18.13242281422996,0.0004257162157372818,0.16443365276199318,0.16443365276199318,0.39591946385089816,1.0 Standard Deviation,-6.066211407114981
WDR1_15416,Polynomial 2,True,6.407067775726318,2.819537936006924,8.970047324286327,20.246405531322438,0.05541718956189179,0.8665834693878045,0.8665834693878045,0.9322710857124685,1.0 Standard Deviation,-7.123202765661219
WDR43_7707,Power,True,3.08092087290969,2.179930197691341,9.534331472216927,9.717150646452422,0.00029981861663086473,0.2274086227733958,0.2274086227733958,0.1429993428989138,1.0 Standard Deviation,-1.858575323226211
WDR44_15119,Polynomial 2,True,5.301494598388672,2.0606254382677043,6.735298300553372,3.4238460563044684,0.00124620578573309,0.5181195581280642,0.5181195581280642,0.978565890815526,1.0 Standard Deviation,1.2880769718477658
WDR59_14628,Hill,True,3.1410450955850733,0.44492153597321055,9.755223092975168,-8.098229991992916,0.0030049101589745275,0.12410742705654454,0.12410742705654454,0.7425534783264454,1.0 Standard Deviation,8.049114995996458
WNK2_17808,Hill,True,1.368842029653874,0.30507294632790527,9.631572400067625,34.94084718379636,0.004507215738351333,0.704744723503473,0.704744723503473,0.17711158753339062,1.0 Standard Deviation,-13.470423591898179
WRAP53_90266,Polynomial 2,True,5.621399879455566,2.277880571445227,7.309982319812939,32.913952445325684,0.0017527018486078738,0.5193697438151549,0.5193697438151549,0.3539655454591375,1.0 Standard Deviation,-13.456976222662842
WSB1_21546,Hill,True,1.1673724596850008,0.30332298234662036,9.631933907741967,22.452475735892797,0.005600705401748174,0.4441688986356729,0.4441688986356729,0.9093307732737709,1.0 Standard Deviation,-7.2262378679463986
XIST_28223,Linear,True,4.955930709838867,3.14357523415486,11.588733678525253,23.2958093643995,0.011981752970825155,0.0874738264885786,0.0874738264885786,0.4745521113770409,1.0 Standard Deviation,-8.64790468219975
XRN2_7788,Hill,True,0.3411868458294532,0.05852718524765211,1.0625262733209233,17.342355611082695,0.0021784560552968735,0.03284117592225444,0.0698131581446233,0.5545194647124597,1.0 Standard Deviation,-3.671177805541347
YBX1_93302,Power,True,2.221668272689346,1.6471805631304721,9.249035180314248,-9.119230404697388,5.557196212868654e-06,0.13728436599785565,0.13728436599785565,0.2100752565195766,1.0 Standard Deviation,7.559615202348694
YDJC_88440,Linear,True,3.1467795372009277,2.2191849697388117,5.334678919196803,12.381818663090112,0.0005644154601743834,0.06790798565869238,0.06790798565869238,0.9518512471418152,1.0 Standard Deviation,-3.190909331545056
YPEL3_16422,Hill,True,1.0511074851191455,0.3549134731119228,9.368305186156883,36.85663688895426,0.0003586960659553995,0.5381422379294623,0.5381422379294623,0.7590644049481147,1.0 Standard Deviation,-14.428318444477132
YPEL5_7802,Linear,True,7.328357696533203,4.061185020582116,37.03200698471156,36.80236544366032,0.014008027450655769,0.06699237201513264,0.06699237201513264,0.10097213211181966,1.0 Standard Deviation,-15.40118272183016
YY1AP1_92936,Polynomial 2,True,6.053917407989502,2.8135924646273516,8.169261538876725,4.258640672808802,0.003160494086567933,0.40547099489674177,0.40547099489674177,0.20276933817864462,1.0 Standard Deviation,0.8706796635955987
YY2_28081,Polynomial 2,True,7.439650297164917,3.416633278745311,14.256375161613077,40.413574209113406,0.01958100806109686,0.05064142147154416,0.05064142147154416,0.8780766907972142,1.0 Standard Deviation,-17.206787104556703
ZBTB40_21158,Hill,True,3.2993130668756567,0.5036460532609359,9.97318097650664,29.865203375988056,0.02213854621146727,0.22875098193939603,0.22875098193939603,0.6002088850039302,1.0 Standard Deviation,-10.932601687994028
ZCCHC12_21181,Hill,True,0.7887389289638662,0.16855011438740958,5.578334893180646,29.024572177187963,0.003820450941472542,0.29058497921468285,0.29058497921468285,0.6609538045130436,1.0 Standard Deviation,-10.512286088593982
ZCCHC17_92644,Hill,True,0.9093880314135101,0.07084819308321766,9.582626291010744,13.821041929866261,0.02482207026130212,0.5630535353259059,0.5630535353259059,0.3896174697506618,1.0 Standard Deviation,-2.9105209649331303
ZFAND1_22534,Linear,True,6.398665904998779,3.7337980724952606,22.122377520852964,38.46510583412818,0.024121796816075625,0.1433564760910071,0.1433564760910071,0.15283580895757165,1.0 Standard Deviation,-16.23255291706409
ZFP2_11079,Polynomial 2,True,6.744266748428345,3.0046510066339764,9.832400123473349,53.21807145502066,0.012859647427952092,0.10297917425822156,0.10297917425822156,0.8823405161772353,1.0 Standard Deviation,-23.60903572751033
ZFP91_17706,Hill,True,0.11194845348973574,0.020881379794729628,0.668550209416753,-20.002270779996724,2.347158917026526e-05,0.20853585871596858,0.20853585871596858,0.10708798177725254,1.0 Standard Deviation,14.001135389998362
ZHX2_22523,Power,True,4.284281791645125,2.826589570602307,9.636147146666659,39.30418163211089,0.022157019528027844,0.5886302770136786,0.5886302770136786,0.3107195723642734,1.0 Standard Deviation,-16.652090816055445
ZKSCAN1_13775,Exponential 5,True,0.47300785779953003,0.26560526675614576,1.2037310870347762,21.255847619359415,0.006931507390781522,0.21782936502005557,0.21782936502005557,0.1615387071319827,1.0 Standard Deviation,-6.627923809679707
ZNF142_15197,Linear,True,3.14125657081604,2.2151768360992383,5.321070883269822,38.03331595435249,0.0031464879170259863,0.5550410838528809,0.5550410838528809,0.6144990784592531,1.0 Standard Deviation,-16.016657977176244
ZNF211_14491,Power,True,2.391418989493926,1.883910532487556,3.1733748078847763,2.336667309154932,0.0010140865444083769,0.003918370239772706,0.09561681683235623,1.0,1.0 Standard Deviation,2.831666345422534
ZNF25_23793,Hill,True,0.2750768125645499,0.046090420015318795,1.8475485518828156,41.41254328396713,0.002575772229498785,0.0901261466244333,0.0901261466244333,0.9833631932754887,1.0 Standard Deviation,-16.706271641983566
ZNF266_13098,Polynomial 2,True,6.899681091308594,3.2736524658585378,10.2717820602145,25.00757364161072,0.0158204574886609,0.28316089256282684,0.28316089256282684,0.24826093374577884,1.0 Standard Deviation,-9.50378682080536
ZNF277_10713,Linear,True,3.5769569873809814,2.460805644590215,6.466214525004044,25.880608351640312,0.000469415555408359,0.05693179126730752,0.05693179126730752,0.23396396332717218,1.0 Standard Deviation,-9.940304175820156
ZNF287_23033,Linear,True,18.822250366210938,16.628610125435756,19.25007687438111,19.971624794573373,0.0015234098192626888,0.03538484115023288,0.4222869467424216,0.13142812984081742,1.0 Standard Deviation,-6.985812397286687
ZNF354A_22337,Linear,True,4.9690961837768555,3.1494662458103067,11.65304583515962,32.62341637468454,0.045757280172933346,0.2080879956846916,0.2080879956846916,0.9916920491206578,1.0 Standard Deviation,-13.311708187342271
ZNF407_16558,Hill,True,1.3372095945101168,0.13911550274590048,9.793060489981789,47.861401641692986,0.01237993672353399,0.396981693423047,0.396981693423047,0.2612727340892742,1.0 Standard Deviation,-19.930700820846493
ZNF441_20526,Polynomial 2,True,5.796525478363037,2.7299021682851965,7.643356210097743,46.481525485365,0.003894249996365562,0.8409061406656542,0.8409061406656542,0.23012352801417868,1.0 Standard Deviation,-20.2407627426825
ZNF550_17465,Hill,True,0.4602444583025205,0.09758858275251636,2.4431979210832804,36.999324842234515,0.0012145262571091608,0.15391123076285584,0.15391123076285584,0.8201373600228731,1.0 Standard Deviation,-14.499662421117256
ZNF593_7910,Linear,True,4.491174221038818,2.927931093007624,9.536541196944881,29.23979344291276,0.0591237551093845,0.5271331727929283,0.5271331727929283,0.9241888917941892,1.0 Standard Deviation,-11.61989672145638
ZNF627_12749,Linear,True,4.59612250328064,2.977547644515679,9.964763267862837,52.25502421190997,0.05516641467910188,0.4891295588974689,0.4891295588974689,0.7771334057275825,1.0 Standard Deviation,-23.127512105954985
ZNF644_13575,Hill,True,2.1671630387976104,0.2433978164340692,10.118425138213807,39.26016647813885,0.029307251307247872,0.10286964687186029,0.10286964687186029,0.9206039187765831,1.0 Standard Deviation,-15.630083239069425
ZNF658_11782,Linear,True,7.046253681182861,3.966353006159279,31.212658500338875,28.730650383246513,0.01984506159982391,0.07463166509316632,0.07463166509316632,0.16361435522598256,1.0 Standard Deviation,-11.365325191623256
ZNF692_7912,Linear,True,4.384398460388184,2.8754416292244738,9.119917560386256,35.89761753440797,0.05450961866476811,0.715381182494965,0.715381182494965,0.6481138716984751,1.0 Standard Deviation,-14.948808767203985
ZNF69_15016,Polynomial 2,True,6.800254583358765,3.4037740344340044,9.989824934560033,29.87297350128948,0.015308650222698006,0.40579325111213804,0.40579325111213804,0.18889557540889423,1.0 Standard Deviation,-11.93648675064474
ZNF721_16830,Exponential 5,True,1.1004137992858887,0.41358290065546177,9.708720463862143,17.23890091384102,0.028811479188725397,0.5820125870402979,0.5820125870402979,0.12527960320293685,1.0 Standard Deviation,-4.619450456920511
ZNF786_20189,Polynomial 2,True,6.664562225341797,3.219153793031611,9.615510983968958,19.677512106274914,0.0015371314414005521,0.0711206462000944,0.0711206462000944,0.11713524972896572,1.0 Standard Deviation,-6.838756053137457
ZNF84_21458,Exponential 5,True,2.526181936264038,0.5490971574104674,645.3874044438091,43.744472930192416,0.009876730749186602,0.07370705493315477,0.07370705493315477,0.1191686953784925,1.0 Standard Deviation,-17.872236465096208
ZNF92_14475,Linear,True,5.883831977844238,3.5358927293251945,17.346823734502895,55.06090341943093,0.07312113406013065,0.522067821984152,0.522067821984152,0.21488097648284699,1.0 Standard Deviation,-24.530451709715464
ZNRF1_89375,Linear,True,4.683837890625,3.0183438654850607,10.338058836269251,36.362167328331545,0.025803475854130675,0.3785555759670771,0.3785555759670771,0.33790941371061634,1.0 Standard Deviation,-15.181083664165772
ZRANB3_33753,Hill,True,3.58756362386052,0.5928742085281709,9.863480368663888,12.39150803683832,0.004224945053994067,0.11085915419191161,0.11085915419191161,0.24338804554545979,1.0 Standard Deviation,-2.1957540184191604
ZSCAN29_19172,Polynomial 2,True,5.740213394165039,2.745522304527949,7.532035553307381,28.0834069570309,0.002471287470479533,0.8537575552122374,0.8537575552122374,0.15923671849056042,1.0 Standard Deviation,-11.04170347851545
ZSCAN30_23139,Linear,True,3.6684775352478027,2.5102185336845424,6.729237289028096,26.25001721738741,0.008729538808066595,0.3172096011486405,0.3172096011486405,0.8561250052776046,1.0 Standard Deviation,-10.125008608693705
ZSWIM7_90474,Linear,True,2.7284884452819824,1.9695814569629113,4.371404852756756,12.162781584586375,8.872431973527828e-05,0.20127347277285423,0.20127347277285423,0.17946967475454467,1.0 Standard Deviation,-3.0813907922931874
