gene,dataset_name,dataset_dose_name,dataset_dose_units,dataset_response_name,dataset_response_units,dataset_doses,dataset_ns,dataset_stdevs,dataset_means,bmds_model_index,model_name,bmr,distribution,direction,confidence_level,tail_probability,degree,model_class,bmdl,bmd,bmdu,aic,loglikelihood,p_value1,p_value2,p_value3,p_value4,model_dof,residual_of_interest,residual_at_lowest_dose,recommended,recommendation_bin,recommendation_notes,selected
AAMP_2,AAMP_2,,,,,"0.0,0.1,1.0,10.0","12,3,3,3","0.3369726455774364,0.4855082390435376,0.1875810508047867,0.3232560791155171","-0.03569372052020175,0.16808202599367428,-0.008037391021933368,-1.036652265122478",1,Polynomial 2,1.0 Standard Deviation,Normal + Constant variance,Down (↓),0.95,0.01,2,frequentist_restricted,2.1930935252709696,5.510551929473877,7.103494824553337,17.237472268322346,-5.618736134161173,0.0016206704080393708,0.462510297897452,0.462510297897452,0.5997583410952996,2.0,3.436122620471245e-05,-0.44178656220036827,True,Recommended - Lowest AIC,,False
AAR2_25893,AAR2_25893,,,,,"0.0,0.1,1.0,10.0","12,3,3,3","1.0022490210735573,0.4034421381667193,0.8628179094057042,0.7607469853233818","-0.28076210552603414,-0.6017963534159569,-1.5994494622197843,-2.4343353684873983",3,Hill,1.0 Standard Deviation,Normal + Constant variance,Down (↓),0.95,0.01,0,frequentist_restricted,0.06819727683319149,0.4014936475894903,2.516198378572967,59.121214274894974,-25.560607137447487,0.0059462159468463005,0.24785129491044866,0.24785129491044866,0.9268979191822581,1.0,-0.07817526098199899,0.026911156447664304,True,Recommended - Lowest BMDL,BMD/BMDL ratio > 3.0,False
AATF_26432,AATF_26432,,,,,"0.0,0.1,1.0,10.0","12,3,3,3","0.5124948547335316,0.20048317108142763,0.66675195304623,0.8083715986579673","-0.07607356652855136,-0.44947744263672346,-0.6183529153488591,-1.6273440479459245",3,Hill,1.0 Standard Deviation,Normal + Constant variance,Down (↓),0.95,0.01,0,frequentist_restricted,0.16933024604432023,0.9115902769179527,9.48404853367884,39.03773119875166,-15.518865599375829,0.0021158569707862007,0.2006028301363021,0.2006028301363021,0.34416247288839286,1.0,0.17200849266226043,0.3496471074291392,True,Recommended - Lowest BMDL,BMD/BMDL ratio > 3.0,False
ABCA7_19998,ABCA7_19998,,,,,"0.0,0.1,1.0,10.0","12,3,3,3","0.6924483120838001,0.2149536335541058,0.7150862309092186,0.4121460813029687","-0.16844711971565596,-0.5341427666091149,-0.833279572720309,-1.1994910539109176",0,Linear,1.0 Standard Deviation,Normal + Constant variance,Down (↓),0.95,0.01,1,frequentist_unrestricted,3.774457020959851,6.509376764297485,23.37737569792512,44.438046839544874,-19.219023419772437,0.028379930400428632,0.10368380368683316,0.10368380368683316,0.25383756287335324,2.0,0.12772745883972753,0.8444909869421017,True,Recommended - Lowest AIC,,False
ABCB7_19494,ABCB7_19494,,,,,"0.0,0.1,1.0,10.0","12,3,3,3","0.6466262482314944,0.38867548583356415,0.35647916643668814,0.6059253057702889","-0.1289351849923867,-0.1083353967206274,0.42568618835967875,1.1846320014293512",2,Power,1.0 Standard Deviation,Normal + Constant variance,Up (↑),0.95,0.01,0,frequentist_restricted,2.8275094471832416,4.286141183388854,9.860931846526812,40.463657652460384,-17.231828826230192,0.017439767216473334,0.3441489454354151,0.3441489454354151,0.4572695661461801,2.0,1.1340428790524313,-0.4187938398678477,True,Recommended - Lowest AIC,,False
ABCB9_91718,ABCB9_91718,,,,,"0.0,0.1,1.0,10.0","12,3,3,3","0.30842586576419856,0.28047799841433413,0.6119857495462291,0.1908869954814992","-0.030921636633917657,-0.4581700854697332,-0.2791976484512092,-0.7078239194455432",2,Power,1.0 Standard Deviation,Normal + Constant variance,Down (↓),0.95,0.01,0,frequentist_restricted,3.5150316215481174,5.831112379542699,16.9363952907247,20.732795274298454,-7.366397637149228,0.02120646585014052,0.22863501987178114,0.22863501987178114,0.11951782113979648,2.0,0.06136544993389785,1.005578266015389,True,Recommended - Lowest AIC,,False
ABCC1_15868,ABCC1_15868,,,,,"0.0,0.1,1.0,10.0","12,3,3,3","0.21003226228423066,0.12146839567146854,0.24531018918688552,0.7113753870732934","-0.013514627345255043,0.14942288813254567,-0.26064918960250366,-1.0555378297896236",0,Linear,1.0 Standard Deviation,Normal + Nonconstant variance,Down (↓),0.95,0.01,1,frequentist_unrestricted,1.0272330566980543,1.788318157196045,2.909579598870589,7.6550920356537775,0.17245398217311125,8.438923265963183e-06,0.008046623233895156,0.1139209454252047,0.6114995689259628,2.0,-1.0533941281133152,-0.6632473778865834,True,Recommended - Lowest AIC,,False
ABCC6_20229,ABCC6_20229,,,,,"0.0,0.1,1.0,10.0","12,3,3,3","0.6033201424480642,0.45557421529362124,1.179769428988595,0.5937241189734203","-0.11250837490392092,0.3172242030540096,0.00959702126873685,1.2697263875381364",0,Linear,1.0 Standard Deviation,Normal + Constant variance,Up (↑),0.95,0.01,1,frequentist_unrestricted,3.0786588551472343,4.8149049282073975,10.920822060729996,46.2170656198639,-20.10853280993195,0.04295525010838952,0.3670531897649353,0.3670531897649353,0.5678339087619941,2.0,-0.21294354274872165,-0.37740523189771474,True,Recommended - Lowest AIC,,False
ABCE1_32,ABCE1_32,,,,,"0.0,0.1,1.0,10.0","12,3,3,3","0.5388685828569265,0.20867663863069913,0.501603783671745,0.7130852854698719","-0.08611933198739713,0.15176114730825827,-0.592210692131625,-1.0773532285535972",0,Linear,1.0 Standard Deviation,Normal + Constant variance,Down (↓),0.95,0.01,1,frequentist_unrestricted,3.1940176950151358,5.069742202758789,12.159246702040104,37.34939370101346,-15.67469685050673,0.021412039452906484,0.2493231692515765,0.2493231692515765,0.25389976319680585,2.0,-1.3069317744351971,0.13758148943566326,True,Recommended - Lowest AIC,,False
ABCF2_92347,ABCF2_92347,,,,,"0.0,0.1,1.0,10.0","12,3,3,3","0.5203374675366321,0.2497765959241389,0.38068828239290037,0.6706026829269089","-0.08296187921864256,0.1443131652472008,0.31904290875490243,-1.116584251925411",1,Polynomial 2,1.0 Standard Deviation,Normal + Constant variance,Down (↓),0.95,0.01,2,frequentist_restricted,3.0820767492524275,6.469675302505493,9.117858478417936,34.402675417336894,-14.201337708668447,0.010062736352463353,0.3149024998261507,0.3149024998261507,0.3414781580423035,2.0,-0.011222258278505993,-0.7737219624345327,True,Recommended - Lowest AIC,,False
ABHD1_88958,ABHD1_88958,,,,,"0.0,0.1,1.0,10.0","12,3,3,3","0.8726597403559407,0.7565819772557452,0.6343779657350556,0.2634075895667071","-0.23350888537428116,0.025475246539732765,0.9357677708180088,1.5227359062240862",0,Linear,1.0 Standard Deviation,Normal + Constant variance,Up (↑),0.95,0.01,1,frequentist_unrestricted,3.0589204304407316,4.772051572799683,10.726741649674755,55.3893404914721,-24.69467024573605,0.004159288681113038,0.12467035224726053,0.12467035224726053,0.10973268829002614,2.0,1.7902164522960433,-0.8583189219323778,True,Recommended - Lowest AIC,,False
ABI1_18228,ABI1_18228,,,,,"0.0,0.1,1.0,10.0","12,3,3,3","0.23308552293467244,0.07227061128580295,0.2477880010320057,0.3677570469140143","-0.017313561717141216,-0.1332230998924537,-0.1430771644175309,0.7458991332926642",1,Polynomial 2,1.0 Standard Deviation,Normal + Constant variance,Up (↑),0.95,0.01,2,frequentist_restricted,2.211593809956475,5.292255878448486,6.719400471218295,2.9676568033423654,1.5161715983288173,0.0001537362517288754,0.1177896543288085,0.1177896543288085,0.527598260763182,2.0,-0.710346158243208,0.6382455866469781,True,Recommended - Lowest AIC,,False
ABRAXAS1_16175,ABRAXAS1_16175,,,,,"0.0,0.1,1.0,10.0","12,3,3,3","0.6050281107650943,0.7984205923326662,0.2900200338237739,0.35345800323293386","-0.11483379937295284,-0.41936409328277136,0.48896310635161494,1.6766899902384742",0,Linear,1.0 Standard Deviation,Normal + Constant variance,Up (↑),0.95,0.01,1,frequentist_unrestricted,2.1757727199165866,3.073837161064148,5.156678970516031,41.18104354395486,-17.59052177197743,0.00042443564518224175,0.2161058912830992,0.2161058912830992,0.2347585573003721,2.0,1.2751305719850026,-0.06331781775347978,True,Recommended - Lowest AIC,,False
ABT1_21258,ABT1_21258,,,,,"0.0,0.1,1.0,10.0","12,3,3,3","0.44830622832461375,0.5062336355485191,0.055669237402370425,0.5379209439027648","-0.06287158560527749,-0.16291626356985753,0.05372976819523793,-0.8877706761696368",0,Linear,1.0 Standard Deviation,Normal + Nonconstant variance,Down (↓),0.95,0.01,1,frequentist_unrestricted,8.021815857731497,8.041074275970459,8.069839857531054,24.511745866481878,-8.255872933240939,0.0033596358925751524,0.016386657655025783,0.16400576034486813,0.30370429058662607,2.0,-1.0336486959902191,-0.9155148412991476,True,Recommended - Lowest AIC,,False
ACACA_91723,ACACA_91723,,,,,"0.0,0.1,1.0,10.0","12,3,3,3","0.17842212593668708,0.5269743034997442,0.6265688587245313,0.9522226270638137","-0.01000383356065819,-0.018841379577085832,-0.417770584387504,-1.7442567475980464",0,Linear,1.0 Standard Deviation,Normal + Nonconstant variance,Down (↓),0.95,0.01,1,frequentist_unrestricted,0.9224952053979594,0.9572696685791016,0.9627097430248309,15.238608503918805,-3.6193042519594023,5.695648060966008e-07,0.0015045171515093436,0.7916482172757202,0.9148234448456103,2.0,-0.7210385240290061,-0.20281798012953556,True,Recommended - Lowest AIC,,False
ADCY7_26803,ADCY7_26803,,,,,"0.0,0.1,1.0,10.0","12,3,3,3","0.5751861057536924,0.8853043232758153,0.37351139633019903,0.33350378258090474","-0.0910780403075709,-0.07927562422904377,0.6538152311606077,1.9099391086889648",0,Linear,1.0 Standard Deviation,Normal + Constant variance,Up (↑),0.95,0.01,1,frequentist_unrestricted,2.0291586598203497,2.826312780380249,4.585435222988305,40.87776880871375,-17.438884404356877,0.00025871729193027715,0.27923294849096103,0.27923294849096103,0.2675042776069141,2.0,1.45384609970017,-0.514727931411593,True,Recommended - Lowest AIC,,False
ADGRL1_23280,ADGRL1_23280,,,,,"0.0,0.1,1.0,10.0","12,3,3,3","0.18065526540085805,0.11314636832645278,0.23909811587695276,0.16559281051955826","-0.010177373632683414,0.05043004392472272,-0.14827853480864325,-0.6091992104178809",2,Power,1.0 Standard Deviation,Normal + Constant variance,Down (↓),0.95,0.01,0,frequentist_restricted,1.9874891267156383,2.7576055239065216,9.595565405864962,-9.58875757173214,7.79437878586607,0.0008579614202915975,0.6009608415529455,0.6009608415529455,0.559484238570852,2.0,-0.7979964928521435,0.013425658032458317,True,Recommended - Lowest AIC,,False
AEN_18198,AEN_18198,,,,,"0.0,0.1,1.0,10.0","12,3,3,3","0.36296459735713876,0.4424026859478787,0.3892930987336588,0.8190139430192325","-0.042612374561027955,0.028244131539641986,-0.1745098003817683,-1.54696794770983",0,Linear,1.0 Standard Deviation,Normal + Constant variance,Down (↓),0.95,0.01,1,frequentist_unrestricted,1.9422866011895419,2.6853346824645996,4.278536654456924,27.986974984176364,-10.993487492088182,0.0006071024379965539,0.38362377326472563,0.38362377326472563,0.9479074612686618,2.0,0.011220838701482907,-0.14887196794435312,True,Recommended - Lowest AIC,,False
AFG1L_23517,AFG1L_23517,,,,,"0.0,0.1,1.0,10.0","12,3,3,3","0.329192404622239,0.20231579583784245,0.3777272154168442,0.5605562259845012","-0.0327937593869335,0.15098405932570205,0.690815135185633,1.060058012553082",3,Hill,1.0 Standard Deviation,Normal + Constant variance,Up (↑),0.95,0.01,0,frequentist_restricted,0.057731608640819346,0.2256688141628454,0.9658285729282158,20.106978432270477,-6.0534892161352385,0.00080310939025241,0.42895710897114514,0.42895710897114514,0.9353855892827769,1.0,0.06579710219693688,-0.021312873458496952,True,Recommended - Lowest AIC,BMD/BMDL ratio > 3.0,False
ALG1_13319,ALG1_13319,,,,,"0.0,0.1,1.0,10.0","12,3,3,3","0.3904317989183291,0.19816207003017805,0.5465236569739065,0.2513585352752747","-0.046104976977543156,0.1243655626068277,0.2793831116224245,-0.7208516095084412",1,Polynomial 2,1.0 Standard Deviation,Normal + Constant variance,Down (↓),0.95,0.01,2,frequentist_restricted,3.4072563110395655,6.933698654174805,10.373898322768369,23.07380319315836,-8.53690159657918,0.01825802566384538,0.25948545276000234,0.25948545276000234,0.30917382179648467,2.0,-0.011939673151470076,-0.7962341073982624,True,Recommended - Lowest AIC,,False
ALKBH1_88236,ALKBH1_88236,,,,,"0.0,0.1,1.0,10.0","12,3,3,3","0.17163781830959926,0.2840251329637651,0.22444788252590858,0.12243443390523207","-0.009195255184781688,-0.22962015283743512,-0.17908230843053616,-0.4243908262562761",2,Power,1.0 Standard Deviation,Normal + Constant variance,Down (↓),0.95,0.01,0,frequentist_restricted,3.2237184518946513,5.1378611483905745,10.22199862052882,-4.399728197120867,5.199864098560433,0.03036131307389711,0.5718160240968606,0.5718160240968606,0.1280875823915021,2.0,-0.7000623618389838,1.041124199098234,True,Recommended - Lowest AIC,,False
ALS2_10879,ALS2_10879,,,,,"0.0,0.1,1.0,10.0","12,3,3,3","0.2522819772800825,0.3537972132266503,0.1957533471862102,0.5886830889423424","-0.02055536255967418,-0.33280302928302835,-0.0009413234935748879,0.5488506333964396",0,Linear,1.0 Standard Deviation,Normal + Constant variance,Up (↑),0.95,0.01,1,frequentist_unrestricted,3.102733695943659,4.865503311157227,11.15607150811644,15.843112370182919,-4.921556185091459,0.015135884228340335,0.22127146149525645,0.22127146149525645,0.2476389108423046,2.0,0.09567926163668476,0.681197026889341,True,Recommended - Lowest AIC,,False
AMOTL1_18638,AMOTL1_18638,,,,,"0.0,0.1,1.0,10.0","12,3,3,3","0.42433948084916295,0.6860008595807013,0.2217442127613881,0.3053314770937529","-0.05753077720781321,-0.24942426917277025,-0.045681096076711614,0.7400751326033994",0,Linear,1.0 Standard Deviation,Normal + Constant variance,Up (↑),0.95,0.01,1,frequentist_unrestricted,3.0417650318369005,4.7345781326293945,10.55986621645175,26.768194326365954,-10.384097163182977,0.03185377279014445,0.23881585674741124,0.23881585674741124,0.7269856183741117,2.0,-0.11914691377023771,0.3899034627796344,True,Recommended - Lowest AIC,,False
AMT_11074,AMT_11074,,,,,"0.0,0.1,1.0,10.0","12,3,3,3","0.6671254024207177,0.4043379387744446,0.8244552692430241,0.2421612566005675","-0.12880766503780824,0.3911058798297618,1.0024068772635282,1.325369877599543",3,Hill,1.0 Standard Deviation,Normal + Constant variance,Up (↑),0.95,0.01,0,frequentist_restricted,0.01634443403296115,0.13047157189720324,1.0741276866478415,43.67825979413938,-17.83912989706969,0.0024251223534101918,0.13772597543628862,0.13772597543628862,0.78329583267312,1.0,0.11757132935535008,-0.023296940598616034,True,Recommended - Lowest AIC,"lowest dose/BMDL ratio > 3.0
BMD/BMDL ratio > 3.0",False
AMZ2_93173,AMZ2_93173,,,,,"0.0,0.1,1.0,10.0","12,3,3,3","0.2869785043920888,0.17055456806133637,0.4985094516482019,0.45204050206024676","-0.026916654172765717,0.30088451849567854,0.12473823814993645,0.6418849662956264",5,Exponential 5,1.0 Standard Deviation,Normal + Constant variance,Up (↑),0.95,0.01,0,frequentist_restricted,0.5865274541017998,2.9924464225769043,10.264900986806731,19.34082907071244,-5.670414535356221,0.034352309461980424,0.3320720193814717,0.3320720193814717,0.11114545833583223,1.0,-0.17592587453733105,-0.617598766074246,True,Recommended - Lowest BMDL,BMD/BMDL ratio > 3.0,False
ANKS1A_20264,ANKS1A_20264,,,,,"0.0,0.1,1.0,10.0","12,3,3,3","0.48470637371759406,0.23875646866507066,0.3127553470010292,0.21586174553789425","-0.06877251570922895,0.0944139976284696,-0.07627444454055986,-1.3345069252264368",0,Linear,1.0 Standard Deviation,Normal + Constant variance,Down (↓),0.95,0.01,1,frequentist_unrestricted,2.0936263703758278,2.9343020915985107,4.82983962170423,25.29254667802738,-9.64627333901369,0.0003747568814953528,0.11724353720409475,0.11724353720409475,0.7220949808951543,2.0,0.3373965262117012,-0.43791722838475583,True,Recommended - Lowest AIC,,False
AP1G1_21853,AP1G1_21853,,,,,"0.0,0.1,1.0,10.0","12,3,3,3","0.37426010027586526,0.14810223427169833,0.7331061683224739,0.8257586173077684","-0.04216137113737851,-0.4353377882864167,-0.6284472634286336,-1.2660866592003168",0,Linear,1.0 Standard Deviation,Normal + Nonconstant variance,Down (↓),0.95,0.01,1,frequentist_unrestricted,1.4271696674819858,2.6682090759277344,6.598537000604625,34.87297807139553,-13.436489035697765,0.0010664230912863504,0.044982109406161985,0.056638718419705136,0.11726255032628496,2.0,-1.3502523949685725,-0.40792849566335315,True,Recommended - Lowest AIC,,False
AP3S1_93087,AP3S1_93087,,,,,"0.0,0.1,1.0,10.0","12,3,3,3","0.31092464836910916,0.28018935826112257,0.26077269298131,0.5270461016443062","-0.02998916940636541,0.048872603112365354,-0.01996368204314153,0.6155817837069607",1,Polynomial 2,1.0 Standard Deviation,Normal + Constant variance,Up (↑),0.95,0.01,2,frequentist_restricted,3.079533448688798,6.925089359283447,10.48028553581014,15.438455092340881,-4.7192275461704405,0.08670063623428881,0.583384482423268,0.583384482423268,0.9198922243354528,2.0,0.0006018661236279298,-0.1574481054731588,True,Recommended - Lowest AIC,,False
APEX2_33605,APEX2_33605,,,,,"0.0,0.1,1.0,10.0","12,3,3,3","0.21829827608656827,0.31300398124218276,0.5288803388149901,0.18560295177249583","-0.014913694459269012,0.11945720470882441,-0.2766888440289947,-0.5695450701801427",0,Linear,1.0 Standard Deviation,Normal + Constant variance,Down (↓),0.95,0.01,1,frequentist_unrestricted,3.0631018647625696,4.781050682067871,10.766672483062528,10.628464669712573,-2.3142323348562863,0.013979117647498485,0.2160544228126351,0.2160544228126351,0.26057561993125733,2.0,-1.2658118105043636,0.10040256577973303,True,Recommended - Lowest AIC,,False
ARFGEF2_25935,ARFGEF2_25935,,,,,"0.0,0.1,1.0,10.0","12,3,3,3","0.7510843529903467,1.0135583089009583,0.4293388836076229,0.42873515119366473","-0.16191672914557273,0.2385997548525611,-0.16486203878072284,-1.6268538581972996",0,Linear,1.0 Standard Deviation,Normal + Constant variance,Down (↓),0.95,0.01,1,frequentist_unrestricted,2.846323385799356,4.324735403060913,8.895097583740517,48.76834396715153,-21.384171983575765,0.019041692688875234,0.27985664622012907,0.27985664622012907,0.6142143532089828,2.0,0.15205867966547065,-0.4816492482643567,True,Recommended - Lowest AIC,,False
ARFGEF3_19891,ARFGEF3_19891,,,,,"0.0,0.1,1.0,10.0","12,3,3,3","0.8159152599529951,0.2877248097685348,0.8464083775514416,0.954444792008256","-0.153449440116889,-0.5295870188496209,-0.3747966223843095,-1.6632384661884958",2,Power,1.0 Standard Deviation,Normal + Constant variance,Down (↓),0.95,0.01,0,frequentist_restricted,3.179712252307918,5.037224938521765,9.767179193703864,52.12545195352033,-23.062725976760166,0.04390748243715037,0.23515822142901643,0.23515822142901643,0.7388752533342982,2.0,-0.011176722448211045,0.34663887868194115,True,Recommended - Lowest AIC,,False
ARG2_19025,ARG2_19025,,,,,"0.0,0.1,1.0,10.0","12,3,3,3","0.35835866237473435,0.32746735352847484,0.35795173063369046,0.15129381431629382","-0.039593629233620954,-0.2058117060419603,-0.5754544938440168,-0.8626530629103915",3,Hill,1.0 Standard Deviation,Normal + Constant variance,Down (↓),0.95,0.01,0,frequentist_restricted,0.05071819154443192,0.305131787228233,1.865683710165331,17.506808795479124,-4.753404397739562,0.005729680591306741,0.3366987691051264,0.3366987691051264,0.8269054295871846,1.0,-0.17528812284845277,0.05605917270693064,True,Recommended - Lowest AIC,BMD/BMDL ratio > 3.0,False
ARHGAP10_26108,ARHGAP10_26108,,,,,"0.0,0.1,1.0,10.0","12,3,3,3","0.5838365152056821,0.7014970281145212,0.13238946946507604,0.6610985337886861","-0.10109010897255037,-0.4190176605599715,-0.25955259258127833,-1.120240485190038",3,Hill,1.0 Standard Deviation,Normal + Constant variance,Down (↓),0.95,0.01,0,frequentist_restricted,0.26936566840178755,4.572903924368854,124.26904606859422,40.820030534518594,-16.410015267259297,0.02407353889909436,0.08015868295294692,0.08015868295294692,0.3647886344756136,1.0,0.09704174510459895,0.36041585811781063,True,Recommended - Lowest BMDL,BMD/BMDL ratio > 3.0,False
ARHGAP19_17445,ARHGAP19_17445,,,,,"0.0,0.1,1.0,10.0","12,3,3,3","0.29958352769403673,0.18943901244661607,0.21217743250415338,0.3601525968359794","-0.02944223245880177,-0.17891602777908167,-0.12332823179685844,0.6219419522745341",1,Polynomial 2,1.0 Standard Deviation,Normal + Constant variance,Up (↑),0.95,0.01,2,frequentist_restricted,2.712360245983039,6.186466217041016,8.460555014137395,9.818364769424653,-1.9091823847123264,0.01383955515712132,0.5141806073180191,0.5141806073180191,0.617208094969005,2.0,0.003942718555209591,0.5441250071287623,True,Recommended - Lowest AIC,,False
ARHGDIA_17417,ARHGDIA_17417,,,,,"0.0,0.1,1.0,10.0","12,3,3,3","0.7014223707381435,1.4341447999977717,0.661319647238476,1.1947863760937358","-0.1363202150398336,-1.2662003334255827,-0.5887130725523653,-2.350761119571933",2,Power,1.0 Standard Deviation,Normal + Constant variance,Down (↓),0.95,0.01,0,frequentist_restricted,2.878918953075699,4.391495611317449,9.97621024010131,60.164220489577886,-27.082110244788943,0.00882890774110845,0.4248368039680209,0.4248368039680209,0.12053637252173732,2.0,-0.05361779629109603,0.8874181024111776,True,Recommended - Lowest AIC,,False
ARL4D_24864,ARL4D_24864,,,,,"0.0,0.1,1.0,10.0","12,3,3,3","0.4815270978209767,1.0651122200270542,0.2542486479677628,0.33878284291081046","-0.07092089854681238,-0.22319809549511213,-0.4190954658618092,-1.1740249464884147",3,Hill,1.0 Standard Deviation,Normal + Constant variance,Down (↓),0.95,0.01,0,frequentist_restricted,0.205624381372624,1.679014558329288,9.939033472999,38.31145049182918,-15.155725245914589,0.010393152446006249,0.06685050143870241,0.06685050143870241,0.7323768778910735,1.0,0.056060388628941665,0.12993733774699393,True,Recommended - Lowest BMDL,BMD/BMDL ratio > 3.0,False
ARL6IP5_445,ARL6IP5_445,,,,,"0.0,0.1,1.0,10.0","12,3,3,3","0.19710836810511867,0.410038354591356,0.2358644939809349,1.24940644825368","-0.01250191654188578,0.14781603367875232,-0.279194979395934,-1.1536701559667384",0,Linear,1.0 Standard Deviation,Normal + Nonconstant variance,Down (↓),0.95,0.01,1,frequentist_unrestricted,1.4356403401219284,1.5907049179077148,3.266313625634583,15.991114945651546,-3.9955574728257726,4.704495808915965e-06,8.246525529842508e-05,0.2840585960929045,0.3282579692664681,2.0,-0.5296556546402196,-0.24621941708029121,True,Recommended - Lowest AIC,,False
ARMC5_26857,ARMC5_26857,,,,,"0.0,0.1,1.0,10.0","12,3,3,3","0.5844959246297332,0.6497131008692395,0.4844788112395424,0.4168592641456113","-0.10302432645519839,0.40990116253042613,-0.1960704288860352,-1.0829130035532128",0,Linear,1.0 Standard Deviation,Normal + Constant variance,Down (↓),0.95,0.01,1,frequentist_unrestricted,3.1721352018058298,5.020403861999512,11.907645897971719,39.62707147175229,-16.813535735876144,0.06358525039970964,0.724158201883909,0.724158201883909,0.2897307878451878,2.0,-0.2440022143731122,-0.5798585949426072,True,Recommended - Lowest AIC,,False
ARMC6_24630,ARMC6_24630,,,,,"0.0,0.1,1.0,10.0","12,3,3,3","0.534409220953436,0.1541718526415942,0.42949878511392264,0.43555514353654107","-0.08554758506945291,0.008874438472097632,-0.3883234458526538,-1.3388311410828144",0,Linear,1.0 Standard Deviation,Normal + Constant variance,Down (↓),0.95,0.01,1,frequentist_unrestricted,2.4130984043461807,3.4917080402374268,6.228833262894577,31.105766542079174,-12.552883271039587,0.0019647315290869383,0.11896621108237804,0.11896621108237804,0.717383597749403,2.0,-0.6605292921212722,0.0710701666671482,True,Recommended - Lowest AIC,,False
ARMH1_19954,ARMH1_19954,,,,,"0.0,0.1,1.0,10.0","12,3,3,3","1.1724531525624013,0.9342673946656824,1.8066150915015438,0.898404100046716","-0.44886124997782934,-0.6708801817280253,0.4468552652385973,2.3958101756134433",0,Linear,1.0 Standard Deviation,Normal + Constant variance,Up (↑),0.95,0.01,1,frequentist_unrestricted,2.646774954918839,3.9288437366485596,7.525489970325806,70.29109627024258,-32.14554813512129,0.019596421440949197,0.5629530235644005,0.5629530235644005,0.5984369714294875,2.0,0.8670511182942494,-0.15882522027307003,True,Recommended - Lowest AIC,,False
ARRB1_22993,ARRB1_22993,,,,,"0.0,0.1,1.0,10.0","12,3,3,3","0.3503674534068277,0.46503666981179675,0.14307696126773317,0.6285411984782865","-0.03873670027007702,0.14890784656373487,-0.4357282971521494,-0.9226258686129034",2,Power,1.0 Standard Deviation,Normal + Constant variance,Down (↓),0.95,0.01,0,frequentist_restricted,2.7947407030616516,4.21937455442955,9.91161126893205,24.79847704853959,-9.399238524269794,0.0043826424771979955,0.1609335637569268,0.1609335637569268,0.22761889805279245,2.0,-1.3422247836199197,0.12722519780619243,True,Recommended - Lowest AIC,,False
ASB8_24963,ASB8_24963,,,,,"0.0,0.1,1.0,10.0","12,3,3,3","0.30058541599914435,0.22571048354134432,0.2924729453767035,0.22565152176268263","-0.029736056331666066,-0.26639202836435305,-0.28133915730482123,-0.8405159179099485",3,Hill,1.0 Standard Deviation,Normal + Constant variance,Down (↓),0.95,0.01,0,frequentist_restricted,0.19648711079031905,1.0991489576214122,9.577764415012537,11.792008365256876,-1.8960041826284377,0.006901139531811262,0.6967628996827182,0.6967628996827182,0.21449282709214212,1.0,0.20025205831650347,0.46372980338430403,True,Recommended - Lowest BMDL,BMD/BMDL ratio > 3.0,False
ATAD3B_25485,ATAD3B_25485,,,,,"0.0,0.1,1.0,10.0","12,3,3,3","0.46526252440432164,0.3947133927156354,0.30694543867225094,0.7127559912709919","-0.06160791851404299,-0.31850765121281505,-0.6490474011970706,-1.1811092303520954",3,Hill,1.0 Standard Deviation,Normal + Constant variance,Down (↓),0.95,0.01,0,frequentist_restricted,0.05766670681582109,0.541532717174105,4.38579134719147,32.52825108252482,-12.264125541262409,0.017481341401315298,0.4967298673341183,0.4967298673341183,0.582502369332959,1.0,-0.4819817982332079,0.17536182237595124,True,Recommended - Lowest BMDL,BMD/BMDL ratio > 3.0,False
ATG101_12980,ATG101_12980,,,,,"0.0,0.1,1.0,10.0","12,3,3,3","0.5177110260685062,0.15557909087666177,0.5844274881340765,0.6165557116505196","-0.09256451182968828,-0.6232419230668513,-0.6275178256604691,-1.6212834633748987",3,Hill,1.0 Standard Deviation,Normal + Constant variance,Down (↓),0.95,0.01,0,frequentist_restricted,0.08723374383147356,0.8717764037798341,9.531172200061443,37.30332533318676,-14.651662666593381,0.0008810223137095674,0.16110001204134594,0.16110001204134594,0.12618797563400208,1.0,0.2805228750158793,0.5532536545964682,True,Recommended - Lowest BMDL,BMD/BMDL ratio > 3.0,False
ATP9A_15812,ATP9A_15812,,,,,"0.0,0.1,1.0,10.0","12,3,3,3","0.3273911121806407,0.09905086159659764,0.38049815521147234,0.38924864891638244","-0.034618060215170644,0.39783185905007645,0.7083409594350122,0.9418709060234205",3,Hill,1.0 Standard Deviation,Normal + Constant variance,Up (↑),0.95,0.01,0,frequentist_restricted,0.010844314088228906,0.061445473509718365,0.3726110557413035,16.270671091114853,-4.135335545557426,0.0002047900111197265,0.16255992668129626,0.16255992668129626,0.5434865930909585,1.0,0.17849710149199766,-0.025778294524255348,True,Recommended - Lowest AIC,"lowest dose/BMDL ratio > 3.0
BMD/BMDL ratio > 3.0",False
AZI2_26875,AZI2_26875,,,,,"0.0,0.1,1.0,10.0","12,3,3,3","0.24114949305000713,0.5417044709908154,0.27364389721577825,0.3282367915454523","-0.018572787961675583,0.21785971089151426,-0.13310811139386539,0.7209223627007448",0,Linear,1.0 Standard Deviation,Normal + Constant variance,Up (↑),0.95,0.01,1,frequentist_unrestricted,2.7715833656381688,4.172606468200684,8.34376484279626,14.615192970016263,-4.307596485008132,0.009519583564965406,0.4243736618306686,0.4243736618306686,0.2026639673408599,2.0,-1.1421714950428914,-0.11852110975885033,True,Recommended - Lowest BMDL,,False
B3GAT3_90741,B3GAT3_90741,,,,,"0.0,0.1,1.0,10.0","12,3,3,3","0.3333569546612148,0.17167240173702353,0.15792610028204013,0.650254694241077","-0.03276470745958017,-0.04345081137625492,0.16913599437228288,-0.9429076501678743",1,Polynomial 2,1.0 Standard Deviation,Normal + Constant variance,Down (↓),0.95,0.01,2,frequentist_restricted,2.652815173633467,5.922949314117432,7.8993599362356095,19.069641445693343,-6.53482072284667,0.0007228576423803368,0.05291427117523895,0.05291427117523895,0.584665761217916,2.0,-0.009318581553948815,-0.34775182963407686,True,Recommended - Lowest AIC,,False
BBS1_24145,BBS1_24145,,,,,"0.0,0.1,1.0,10.0","12,3,3,3","0.5800111213228547,1.0421813480771174,0.33808148348125694,0.6110530962415575","-0.10208144589038211,-0.20554288431009413,0.1962278837731273,1.6607102913793816",1,Polynomial 2,1.0 Standard Deviation,Normal + Constant variance,Up (↑),0.95,0.01,2,frequentist_restricted,2.270660065141194,3.2364320755004883,7.373036141959939,42.33299275392903,-18.166496376964513,0.0031680270156572155,0.32738749530681743,0.32738749530681743,0.8742159294505873,2.0,0.3696536923505953,0.011614712401576455,True,Recommended - Lowest BMDL,,False
BBS2_20596,BBS2_20596,,,,,"0.0,0.1,1.0,10.0","12,3,3,3","0.6674583642811407,0.47616903422146284,0.3588331417300414,0.49741134213440946","-0.1394703242171317,0.15646335610122633,-0.06131429464174878,1.0823791140916803",0,Linear,1.0 Standard Deviation,Normal + Constant variance,Up (↑),0.95,0.01,1,frequentist_unrestricted,3.013117238487581,4.672479629516602,10.28820303372578,40.38979348056532,-17.19489674028266,0.041050944664569045,0.3549151946313085,0.3549151946313085,0.692993976675752,2.0,-0.2558242334666939,-0.26365179507120934,True,Recommended - Lowest BMDL,,False
BBS4_91564,BBS4_91564,,,,,"0.0,0.1,1.0,10.0","12,3,3,3","0.2570586955085105,0.2733858527837644,0.3926545676262399,0.24494479576617886","-0.02201912556504972,0.0017797154427771807,-0.1411691902864538,0.5694097408185741",1,Polynomial 2,1.0 Standard Deviation,Normal + Constant variance,Up (↑),0.95,0.01,2,frequentist_restricted,2.952788492911888,6.460516452789307,9.095468129756071,7.935990884478279,-0.9679954422391397,0.04952445308873987,0.8549254226876433,0.8549254226876433,0.7081916756043738,2.0,0.007388854220777438,0.22877011997763932,True,Recommended - Lowest AIC,,False
BCAP31_644,BCAP31_644,,,,,"0.0,0.1,1.0,10.0","12,3,3,3","0.24696668747493558,0.353691186190294,0.2713085770072025,0.26471899741030186","-0.018735573973005726,-0.06888030659665666,-0.20079862169778742,-0.816133026911105",3,Hill,1.0 Standard Deviation,Normal + Constant variance,Down (↓),0.95,0.01,0,frequentist_restricted,0.38678036189277093,1.408538325057205,9.60676214680176,7.674057492791566,0.16297125360421694,0.00690039389166941,0.9530131843844066,0.9530131843844066,0.8475735569652788,1.0,0.02528385785089413,0.07540134838227663,True,Recommended - Lowest BMDL,BMD/BMDL ratio > 3.0,False
BECN1_680,BECN1_680,,,,,"0.0,0.1,1.0,10.0","12,3,3,3","0.1761858491403011,0.17496046278660696,0.24030679205460162,0.18444310851194362","-0.009807870782883976,-0.15139479572143705,-0.3245573241004867,-0.49056244159535317",3,Hill,1.0 Standard Deviation,Normal + Constant variance,Down (↓),0.95,0.01,0,frequentist_restricted,0.030648644785510784,0.21044037340855093,1.4396704054632834,-7.2318362316546825,7.615918115827341,0.01154429100696075,0.9466383714503164,0.9466383714503164,0.5696417590106152,1.0,-0.39083933822018996,0.1095893061749637,True,Recommended - Lowest AIC,"lowest dose/BMDL ratio > 3.0
BMD/BMDL ratio > 3.0",False
BICC1_19624,BICC1_19624,,,,,"0.0,0.1,1.0,10.0","12,3,3,3","0.5163578894205205,0.3721095989771268,0.681235945367324,0.25636978138145344","-0.09262796366062398,-0.0014556564672647543,-0.9776665051485041,-0.6434332037403913",3,Hill,1.0 Standard Deviation,Normal + Constant variance,Down (↓),0.95,0.01,0,frequentist_restricted,0.10678739948826929,0.3179753234950169,-9999.0,35.044180034721954,-13.522090017360977,0.03975353104254731,0.3202910224804576,0.3202910224804576,0.3420693284261228,1.0,0.2742234440707608,-0.13711174325025277,True,Recommended - Lowest AIC,,False
BMF_16921,BMF_16921,,,,,"0.0,0.1,1.0,10.0","12,3,3,3","0.564516140957462,0.5382782094702183,0.28298321423081896,0.3845150645267543","-0.10355259514315611,0.6500971532685554,1.3486156393468882,1.7858440887450737",3,Hill,1.0 Standard Deviation,Normal + Constant variance,Up (↑),0.95,0.01,0,frequentist_restricted,0.017023387619226088,0.056799637479438385,0.2446126290539882,35.79107212195156,-13.895536060975779,4.192767915112139e-05,0.35021638478923633,0.35021638478923633,0.5510728838873613,1.0,0.21339476311339786,-0.03680696729191612,True,Recommended - Lowest AIC,"lowest dose/BMDL ratio > 3.0
BMD/BMDL ratio > 3.0",False
BRI3BP_19979,BRI3BP_19979,,,,,"0.0,0.1,1.0,10.0","12,3,3,3","0.37588684996621446,0.22198286017874816,0.289537865732963,0.19501439389818653","-0.04445102077638965,-0.10819124615375382,-0.08541454676872633,-0.9060082569394531",0,Linear,1.0 Standard Deviation,Normal + Constant variance,Down (↓),0.95,0.01,1,frequentist_unrestricted,2.4336574417872128,3.5291004180908203,6.3320158041431585,15.266858117170692,-4.633429058585346,0.0057042312750261726,0.2661040012988001,0.2661040012988001,0.920150070604472,2.0,0.2698214516369306,0.028390966333265735,True,Recommended - Lowest AIC,,False
BRI3BP_771,BRI3BP_771,,,,,"0.0,0.1,1.0,10.0","12,3,3,3","0.5500075630157539,0.3086159920398199,0.33631888123779763,0.16235557061505418","-0.09895214397042366,-0.4265083062796411,-0.25796354656077886,-1.087402239690125",2,Power,1.0 Standard Deviation,Normal + Constant variance,Down (↓),0.95,0.01,0,frequentist_restricted,3.0389022065113718,4.7283731205895165,10.11858938366096,30.982562156106884,-12.491281078053442,0.0064889421877935005,0.05444273317914039,0.05444273317914039,0.5211134312133419,2.0,-0.010376700406072298,0.5024474621594931,True,Recommended - Lowest AIC,,False
BRIP1_16491,BRIP1_16491,,,,,"0.0,0.1,1.0,10.0","12,3,3,3","0.5126900947111035,0.6018628834781593,0.25599217117479717,0.30186978401169173","-0.08545689374206687,-0.2733867064928563,-0.27642413374892677,1.2460080404391356",1,Polynomial 2,1.0 Standard Deviation,Normal + Constant variance,Up (↑),0.95,0.01,2,frequentist_restricted,2.380286802076642,5.6218671798706055,7.310871591315555,31.209210693118756,-12.604605346559378,0.0014820644564799146,0.26825560055654996,0.26825560055654996,0.6663597856580171,2.0,0.005533761725322373,0.5126560864354055,True,Recommended - Lowest AIC,,False
BSG_778,BSG_778,,,,,"0.0,0.1,1.0,10.0","12,3,3,3","0.3151242686474805,0.23097464213980626,0.3366681841596451,0.4743473995979291","-0.030713792239887735,0.22571943435119715,-0.3152919624508924,-0.7110690017954197",0,Linear,1.0 Standard Deviation,Normal + Constant variance,Down (↓),0.95,0.01,1,frequentist_unrestricted,2.964002283073555,4.567158222198486,9.844580194305134,18.416075993018204,-6.208037996509103,0.024359321376949294,0.6864723132063464,0.6864723132063464,0.16977208906636998,2.0,-1.198745205789698,-0.1245736903851165,True,Recommended - Lowest AIC,,False
BTBD3_785,BTBD3_785,,,,,"0.0,0.1,1.0,10.0","12,3,3,3","0.2401413051144702,0.1461823922208806,0.178095118781833,0.3167219210088976","-0.01902172246933145,0.033307676046301055,0.04639566979637161,-0.5769663593287595",1,Polynomial 2,1.0 Standard Deviation,Normal + Constant variance,Down (↓),0.95,0.01,2,frequentist_restricted,2.636383385014453,6.077480316162109,8.22036842680927,0.7363783939096651,2.6318108030451675,0.012333395118338086,0.4735519036927819,0.4735519036927819,0.8395728930443425,2.0,-0.004138291227644489,-0.3328669016021923,True,Recommended - Lowest AIC,,False
C19orf48_21955,C19orf48_21955,,,,,"0.0,0.1,1.0,10.0","12,3,3,3","0.3742564353408562,0.4809943594902861,0.24236859634712657,0.3412902410229586","-0.0440099321771294,0.026225887624473754,-0.44244686573863173,0.9402011772359568",1,Polynomial 2,1.0 Standard Deviation,Normal + Constant variance,Up (↑),0.95,0.01,2,frequentist_restricted,2.8688475096713533,5.941972732543945,7.933864051739547,23.377559648254806,-8.688779824127403,0.0030760620332268562,0.6439046274486535,0.6439046274486535,0.1541575811512529,2.0,0.01664439788114183,0.5287254373906571,True,Recommended - Lowest AIC,,False
C1QL1_14428,C1QL1_14428,,,,,"0.0,0.1,1.0,10.0","12,3,3,3","1.0501337172036682,0.5423685832240555,0.3750742881734959,0.48018861414499014","-0.2637840363115127,0.1697610968529384,0.11792838898942443,-2.5000044755452087",1,Polynomial 2,1.0 Standard Deviation,Normal + Nonconstant variance,Down (↓),0.95,0.01,2,frequentist_restricted,2.586375446375626,5.761365294456482,-9999.0,55.73691165475235,-25.868455827376174,0.0005308781574581145,0.04326652981699464,0.1664648540967847,0.1968484225520647,4.0,-0.003020191158537439,-1.1017899338079136,True,Recommended - Lowest AIC,,False
C5orf24_24924,C5orf24_24924,,,,,"0.0,0.1,1.0,10.0","12,3,3,3","0.565905910826325,0.6160434795337895,0.31111890868407066,0.8533609923635744","-0.09668838108525984,-0.5721362467324441,-0.042980019016537745,0.8643110151678471",0,Linear,1.0 Standard Deviation,Normal + Constant variance,Up (↑),0.95,0.01,1,frequentist_unrestricted,3.294029552670576,5.298211574554443,13.402517661669764,40.98062851984986,-17.49031425992493,0.06117422383288895,0.44489563854426206,0.44489563854426206,0.38035759410646464,2.0,0.11887033052322801,0.5572487128157674,True,Recommended - Lowest AIC,,False
C8G_91020,C8G_91020,,,,,"0.0,0.1,1.0,10.0","12,3,3,3","1.2069109745310431,0.5960593595032699,0.7071871719175067,0.6005998305695666","-0.4249092933477507,-0.5708442782930456,0.44687522398129365,-2.467908303261629",0,Linear,1.0 Standard Deviation,Normal + Constant variance,Down (↓),0.95,0.01,1,frequentist_unrestricted,3.0884161276207878,4.836171865463257,11.019416409734568,66.16950112615937,-30.084750563079687,0.007189554462908476,0.12664211531983305,0.12664211531983305,0.19332494593398875,2.0,1.6011910770802174,-0.49286024916825294,True,Recommended - Lowest BMDL,,False
CALCOCO1_18741,CALCOCO1_18741,,,,,"0.0,0.1,1.0,10.0","12,3,3,3","0.5973492464798328,0.2513478621475349,0.3241730045034543,0.3424319162778757","-0.1179534028330559,0.32581209629312385,0.06893769235769208,1.020178541822298",3,Hill,1.0 Standard Deviation,Normal + Constant variance,Up (↑),0.95,0.01,0,frequentist_restricted,0.38044040561552117,3.5954643108142936,10.024448758684237,37.213388750562196,-14.606694375281098,0.007416621190597716,0.10378582722813035,0.10378582722813035,0.15882649339721,1.0,-0.1503806884698727,-0.5521017649951729,True,Recommended - Lowest BMDL,BMD/BMDL ratio > 3.0,False
CAMK2D_26958,CAMK2D_26958,,,,,"0.0,0.1,1.0,10.0","12,3,3,3","0.49712994718467524,0.2373285697875935,0.851538847855048,0.36865522852754734","-0.08082865917955116,-0.27846544354484504,-0.2338534939463673,1.2074971386634417",1,Polynomial 2,1.0 Standard Deviation,Normal + Constant variance,Up (↑),0.95,0.01,2,frequentist_restricted,2.535286809632166,5.920623540878296,7.894665694387939,34.102824957101916,-14.051412478550956,0.0027230888270731723,0.1757904797737102,0.1757904797737102,0.7371786491727315,2.0,0.003935152290858106,0.4438441758128825,True,Recommended - Lowest AIC,,False
CAMLG_12796,CAMLG_12796,,,,,"0.0,0.1,1.0,10.0","12,3,3,3","0.637359817679718,0.4352290554913164,0.687033836272796,0.3641047237052835","-0.10870470702507984,0.2740623885731319,0.14518247419642602,0.9294024701395944",0,Linear,1.0 Standard Deviation,Normal + Constant variance,Up (↑),0.95,0.01,1,frequentist_unrestricted,3.481168996358996,5.746884346008301,16.30747544127977,40.67004709894859,-17.335023549474293,0.11056157166171987,0.44061308861234794,0.44061308861234794,0.5527407178941925,2.0,-0.031219318031850133,-0.5444797763234965,True,Recommended - Lowest AIC,,False
CAVIN1_21319,CAVIN1_21319,,,,,"0.0,0.1,1.0,10.0","12,3,3,3","0.7088105044556368,0.3120701426010897,0.5461366838253578,0.35105300261448896","-0.14781276597258297,-0.23153685527660173,-0.348585878394879,-1.9506401255459005",0,Linear,1.0 Standard Deviation,Normal + Constant variance,Down (↓),0.95,0.01,1,frequentist_unrestricted,2.206549067085159,3.126499652862549,5.284706606284336,41.20892588666419,-17.604462943332095,0.0011128242977704872,0.14286306156062845,0.14286306156062845,0.9832138993130565,2.0,-0.022932352021078885,0.08912508548812721,True,Recommended - Lowest AIC,,False
CBSL_33992,CBSL_33992,,,,,"0.0,0.1,1.0,10.0","12,3,3,3","0.2912642919998272,0.6034490066926155,0.14128701397330393,0.48216828028778574","-0.02628791911058605,-0.1886176445425617,-0.49292064733947866,-1.3487290605063758",3,Hill,1.0 Standard Deviation,Normal + Constant variance,Down (↓),0.95,0.01,0,frequentist_restricted,0.21718057831940896,0.6170518402948609,2.9492130744124205,20.133092613255187,-6.066546306627593,6.458938436804118e-05,0.12462917087558067,0.12462917087558067,0.62534976880758,1.0,0.08833733005329826,0.18228745168183108,True,Recommended - Lowest BMDL,,False
CBWD1_1009,CBWD1_1009,,,,,"0.0,0.1,1.0,10.0","12,3,3,3","0.24160047564003628,0.19846073639856418,0.09639342000542693,0.21724038337928264","-0.01817567168495249,-0.2058906105063855,-0.24019385701406984,-0.6838462230394745",3,Hill,1.0 Standard Deviation,Normal + Constant variance,Down (↓),0.95,0.01,0,frequentist_restricted,0.17724281690370058,0.9163308808532507,9.446766506381088,1.3630414671694622,3.318479266415269,0.0015160442573723953,0.268836619683975,0.268836619683975,0.2177660455889039,1.0,0.21330345954330449,0.45543065966208346,True,Recommended - Lowest BMDL,BMD/BMDL ratio > 3.0,False
CBWD1_26970,CBWD1_26970,,,,,"0.0,0.1,1.0,10.0","12,3,3,3","0.4006541777988848,0.4358887347165066,1.1671962728054206,0.30491674117656153","-0.05203787656139569,-0.09609677053018789,-0.17546932420528596,-1.2193187154096838",0,Linear,1.0 Standard Deviation,Normal + Nonconstant variance,Down (↓),0.95,0.01,1,frequentist_unrestricted,1.839572335176791,3.158535957336426,7.287298424004458,33.857356116785006,-13.928678058392503,0.004770858624616681,0.04759274778296807,0.05490369189103861,0.9630917474229544,3.0,-0.15080876434203044,-0.46564382922020053,True,Recommended - Lowest AIC,,False
CC2D1B_25383,CC2D1B_25383,,,,,"0.0,0.1,1.0,10.0","12,3,3,3","0.37056086304501407,0.40188342831798296,0.33081432409757194,0.75847775731394","-0.045321918780100244,-0.2862366641043606,0.3638605721599319,0.7749531255836714",0,Linear,1.0 Standard Deviation,Normal + Constant variance,Up (↑),0.95,0.01,1,frequentist_unrestricted,3.159459572059484,4.99143123626709,11.763416853652789,29.172049674786273,-11.586024837393136,0.028872556997752707,0.4243366926960749,0.4243366926960749,0.21587270297397287,2.0,1.30799609884987,-0.06394207931184145,True,Recommended - Lowest AIC,,False
CCDC144A_18451,CCDC144A_18451,,,,,"0.0,0.1,1.0,10.0","12,3,3,3","0.502852646985737,0.9956245027274518,0.4535893419672292,0.2601289289329027","-0.07482651829682624,-0.7050173176906455,-0.7057277252004582,-1.5716526699898459",0,Linear,1.0 Standard Deviation,Normal + Constant variance,Down (↓),0.95,0.01,1,frequentist_unrestricted,2.752385126162199,4.134054183959961,8.209051792791152,41.2072155869199,-17.60360779345995,0.002024310182977662,0.15968210965045393,0.15968210965045393,0.10634811716607695,2.0,-0.9787821264142759,1.1105122982229572,True,Recommended - Lowest AIC,,False
CCDC32_15195,CCDC32_15195,,,,,"0.0,0.1,1.0,10.0","12,3,3,3","0.5148981223353643,0.2492202390518666,0.541315798655315,1.314538733762921","-0.08088842472863024,0.12426570344488293,-0.7048274596231977,-1.9242478187231438",0,Linear,1.0 Standard Deviation,Normal + Nonconstant variance,Down (↓),0.95,0.01,1,frequentist_unrestricted,2.348112469616263,2.4656736850738525,4.312153571899302,40.69348424118771,-16.346742120593856,0.000244503540782981,0.04247600326695555,0.34354404938451255,0.37465730750293846,2.0,-1.266112923317714,-0.7017427027455904,True,Recommended - Lowest AIC,,False
CCDC82_14662,CCDC82_14662,,,,,"0.0,0.1,1.0,10.0","12,3,3,3","0.24913823159779652,0.35352728746193884,0.32731668057392427,0.6421841503894874","-0.01985979950946533,0.380526975186848,0.2652690766740195,0.9351497948756465",0,Linear,1.0 Standard Deviation,Normal + Constant variance,Up (↑),0.95,0.01,1,frequentist_unrestricted,2.6096279720036097,3.8573527336120605,7.299284941220785,19.83713248178939,-6.9185662408946955,0.0025106549615271367,0.2650238600892181,0.2650238600892181,0.1409465205995517,2.0,0.5244024115672656,-0.989361471533165,True,Recommended - Lowest AIC,,False
CCDC85B_28333,CCDC85B_28333,,,,,"0.0,0.1,1.0,10.0","12,3,3,3","0.3240551002024851,0.4008491200105179,0.5428417768450731,0.3705772047071285","-0.03260075561023947,0.031008059578471914,-0.22162681650549831,-1.3960927923798865",2,Power,1.0 Standard Deviation,Normal + Constant variance,Down (↓),0.95,0.01,0,frequentist_restricted,1.7907940784236076,2.443835392581015,9.420189627172682,19.747532314908202,-6.873766157454101,0.000514985759272446,0.8573432113755727,0.8573432113755727,0.8916132731943576,2.0,-0.29295814956744703,-0.052680511883216284,True,Recommended - Lowest AIC,,False
CCNDBP1_1069,CCNDBP1_1069,,,,,"0.0,0.1,1.0,10.0","12,3,3,3","0.19721791248167111,0.21204603449597487,0.48002779928079675,0.2613858126000773","-0.011806812453354886,0.17882086607782513,0.597307799835011,1.4195137143932908",3,Hill,1.0 Standard Deviation,Normal + Constant variance,Up (↑),0.95,0.01,0,frequentist_restricted,0.13677647213090452,0.27802619062771794,0.9195242986971358,6.412227037799431,0.7938864811002846,3.979093826655955e-07,0.2871836098958558,0.2871836098958558,0.49726762906838895,1.0,0.6108962787079698,-0.2426133628991911,True,Recommended - Lowest AIC,,False
CCS_23202,CCS_23202,,,,,"0.0,0.1,1.0,10.0","12,3,3,3","0.4108537371146331,0.5790686417663115,0.31078035245451235,0.5582796476916585","-0.05167314972936274,-0.6131380874062545,-0.23432267944877172,-0.9540068048424222",0,Linear,1.0 Standard Deviation,Normal + Constant variance,Down (↓),0.95,0.01,1,frequentist_unrestricted,3.3903548657930074,5.527024269104004,14.797932035525342,31.18549417825207,-12.592747089126036,0.054889572308497336,0.7423493280676129,0.7423493280676129,0.1240148358482821,2.0,0.015178200238787506,0.8547769036305273,True,Recommended - Lowest AIC,,False
CD109_19701,CD109_19701,,,,,"0.0,0.1,1.0,10.0","12,3,3,3","0.35294412745235526,0.46209211417816826,0.1592550582114593,0.8429342837313759","-0.03832690350917161,0.13954645599299478,0.22763317332500443,1.3472500971273424",3,Hill,1.0 Standard Deviation,Normal + Constant variance,Up (↑),0.95,0.01,0,frequentist_restricted,0.4388470147792133,1.657944427877158,9.564473774289407,28.884817595569665,-10.442408797784832,0.0002382968302565569,0.06268460918244312,0.06268460918244312,0.5544494018150723,1.0,-0.07085110474567491,-0.233549547550248,True,Recommended - Lowest BMDL,BMD/BMDL ratio > 3.0,False
CD72_11843,CD72_11843,,,,,"0.0,0.1,1.0,10.0","12,3,3,3","0.9135220473286816,0.7133686217986875,0.804213008248251,1.1130942542560307","-0.2544574707219965,0.5239374183001227,0.9318678266403285,1.857460945514715",0,Linear,1.0 Standard Deviation,Normal + Constant variance,Up (↑),0.95,0.01,1,frequentist_unrestricted,3.0420920279148027,4.735303521156311,10.562138154579886,61.34526615281615,-27.672633076408076,0.02691692347324337,0.8027534992271431,0.8027534992271431,0.11583666567653483,2.0,1.3717056436238608,-1.0722239633708979,True,Recommended - Lowest AIC,,False
CDC25A_1158,CDC25A_1158,,,,,"0.0,0.1,1.0,10.0","12,3,3,3","0.30883859241881384,0.2755302350619031,0.35180473500568676,0.23493171729276904","-0.029777939554921754,-0.11070975379180499,-0.44054646746321025,-0.7115240710117804",2,Power,1.0 Standard Deviation,Normal + Constant variance,Down (↓),0.95,0.01,0,frequentist_restricted,2.98168846997601,4.604902218139045,10.001566811789877,14.57530423712757,-4.287652118563785,0.030438790564311313,0.8074869832298713,0.8074869832298713,0.16607455532320192,2.0,-1.639267556212797,0.7638117734529364,True,Recommended - Lowest AIC,,False
CDK2_1202,CDK2_1202,,,,,"0.0,0.1,1.0,10.0","12,3,3,3","0.46302904481249285,0.28902537469911666,0.9807650097167375,0.46694371370293797","-0.06584763096255397,0.06350440872135489,-0.39462456078343205,0.87952494945038",1,Polynomial 2,1.0 Standard Deviation,Normal + Constant variance,Up (↑),0.95,0.01,2,frequentist_restricted,3.4810876095450274,7.157340049743652,11.292550187452546,36.512762209039046,-15.256381104519523,0.027034331388720467,0.19665092930788863,0.19665092930788863,0.462671860329392,2.0,0.010473207244067327,0.23800617142616767,True,Recommended - Lowest AIC,,False
CDK5_1206,CDK5_1206,,,,,"0.0,0.1,1.0,10.0","12,3,3,3","0.4183248286749161,0.5106833180239354,0.6971765080948327,0.11355130688781657","-0.053710830205942174,0.035704174990764205,0.09546024985680057,-0.8863745851508714",1,Polynomial 2,1.0 Standard Deviation,Normal + Constant variance,Down (↓),0.95,0.01,2,frequentist_restricted,3.1523637294059075,6.846442222595215,10.117021996700405,28.04436828291849,-11.022184141459245,0.010935296859524213,0.07529963899148318,0.07529963899148318,0.8138731223014012,2.0,-0.004969263281983893,-0.3475863681442802,True,Recommended - Lowest AIC,,False
CDR2_19505,CDR2_19505,,,,,"0.0,0.1,1.0,10.0","12,3,3,3","0.9194221370720723,1.711768216037538,0.4935451768985398,0.9448669744039888","-0.22244346488756497,-0.14245430959557234,0.26083750208346335,-2.0680040429776683",1,Polynomial 2,1.0 Standard Deviation,Normal + Constant variance,Down (↓),0.95,0.01,2,frequentist_restricted,3.260256603951298,6.915551424026489,10.319080760627163,62.40396663395175,-28.201983316975873,0.03135475770802376,0.2456470114903574,0.2456470114903574,0.6978906162024858,2.0,-0.007588370079293149,-0.36054198529613146,True,Recommended - Lowest AIC,,False
CDS2_17287,CDS2_17287,,,,,"0.0,0.1,1.0,10.0","12,3,3,3","0.5237257176544833,0.4671549810691964,0.36390982777642733,0.29626648120145055","-0.09498431533185943,0.47333408339411664,0.8437027627901513,1.6167285758205583",3,Hill,1.0 Standard Deviation,Normal + Constant variance,Up (↑),0.95,0.01,0,frequentist_restricted,0.031416541479314025,0.2231476699607015,1.0396713864138742,34.05290782374379,-13.026453911871894,0.0002094991106940114,0.43007223785216897,0.43007223785216897,0.17448150991981481,1.0,1.0975995585716674,-0.362761869558005,True,Recommended - Lowest AIC,"lowest dose/BMDL ratio > 3.0
BMD/BMDL ratio > 3.0",False
CEACAM6_26148,CEACAM6_26148,,,,,"0.0,0.1,1.0,10.0","12,3,3,3","0.8506891807843694,0.9654821832500106,0.20300131785555273,1.1917501091042095","-0.2184095713347437,-0.9495837358732152,-0.708153707268909,-2.609132809199117",3,Hill,1.0 Standard Deviation,Normal + Constant variance,Down (↓),0.95,0.01,0,frequentist_restricted,0.3934940609315194,2.0366367266872896,9.77978986235453,58.90704910502501,-25.453524552512505,0.0010746785608535259,0.07796017515013043,0.07796017515013043,0.1804032300541819,1.0,0.16049127785783507,0.5192745828817458,True,Recommended - Lowest BMDL,BMD/BMDL ratio > 3.0,False
CEP70_25976,CEP70_25976,,,,,"0.0,0.1,1.0,10.0","12,3,3,3","0.3230346483537716,0.46696343280878067,0.5019027833897467,0.11221777480068405","-0.03121635139701821,-0.20473309680853324,-0.44276093966219837,0.6808517881551192",1,Polynomial 2,1.0 Standard Deviation,Normal + Constant variance,Up (↑),0.95,0.01,2,frequentist_restricted,3.2937974644604657,6.574116945266724,9.382869740846832,21.36529920172753,-7.6826496008637655,0.0028016894936025993,0.14367143004382998,0.14367143004382998,0.1356853741488685,2.0,0.015988680888610007,0.97643047374611,True,Recommended - Lowest AIC,,False
CES2_91688,CES2_91688,,,,,"0.0,0.1,1.0,10.0","12,3,3,3","0.2847527290209659,0.5104417818508751,0.26139902792543085,0.6124571873644383","-0.02596440561715459,0.19678475840092835,0.14784025633342399,0.599770373153265",5,Exponential 5,1.0 Standard Deviation,Normal + Constant variance,Up (↑),0.95,0.01,0,frequentist_restricted,0.6395515414145077,2.645430564880371,-9999.0,22.06378297672159,-7.031891488360795,0.09515535757909976,0.3309588169476865,0.3309588169476865,0.3392622157308419,1.0,-0.11581442386479956,-0.3745947665212018,True,Recommended - Lowest BMDL,BMD/BMDL ratio > 3.0,False
CGRRF1_1278,CGRRF1_1278,,,,,"0.0,0.1,1.0,10.0","12,3,3,3","0.7473769051313008,0.8680449673146821,0.3154073993488408,0.5154907947984149","-0.16438716080277122,-0.8772060589726158,-0.805052180175728,-2.342208710396537",2,Power,1.0 Standard Deviation,Normal + Constant variance,Down (↓),0.95,0.01,0,frequentist_restricted,2.343913080386433,3.3666419044395486,9.70323936700746,49.50594372109237,-21.752971860546186,0.001012412286266251,0.24651699375752678,0.24651699375752678,0.20206106435747617,2.0,-0.6473424679805089,0.9316764051595302,True,Recommended - Lowest AIC,,False
CHCHD10_21375,CHCHD10_21375,,,,,"0.0,0.1,1.0,10.0","12,3,3,3","0.618769026618501,0.2975419894752355,0.4321199574626877,0.25631812741109905","-0.11014028145465656,-0.3563062094905309,-0.8480241154712419,-1.0400693791526265",3,Hill,1.0 Standard Deviation,Normal + Constant variance,Down (↓),0.95,0.01,0,frequentist_restricted,0.016209526382776403,0.2975855284200304,-9999.0,37.006820730147126,-14.503410365073563,0.015397840686025788,0.10681337813952785,0.10681337813952785,0.990907648630909,1.0,-0.006609966067174049,0.0016323283049503965,True,Recommended - Lowest BMDL,"lowest dose/BMDL ratio > 3.0
BMD/BMDL ratio > 3.0",False
CHCHD1_33599,CHCHD1_33599,,,,,"0.0,0.1,1.0,10.0","12,3,3,3","0.2559623228537555,0.20737459920709878,0.4729155009934251,0.3772430617668122","-0.02229809375008422,-0.3526469747308481,-0.778172241393503,-0.9849849767994449",3,Hill,1.0 Standard Deviation,Normal + Constant variance,Down (↓),0.95,0.01,0,frequentist_restricted,0.022882959759061277,0.08398660835783289,0.41049948625984717,12.803534764503254,-2.4017673822516277,0.0003251701478551583,0.5136935615796256,0.5136935615796256,0.7584695640601937,1.0,-0.13831197418671373,0.028479123332286273,True,Recommended - Lowest AIC,"lowest dose/BMDL ratio > 3.0
BMD/BMDL ratio > 3.0",False
CHFR_91338,CHFR_91338,,,,,"0.0,0.1,1.0,10.0","12,3,3,3","0.33495656473910473,0.23789855817929956,0.657146330023139,0.6667254978025198","-0.03660417426562646,0.25177065127186915,0.539767534379706,0.7492735736953416",0,Linear,1.0 Standard Deviation,Normal + Constant variance,Up (↑),0.95,0.01,1,frequentist_unrestricted,3.6084564060237723,6.070127487182617,18.899580021068004,29.7057221937909,-11.85286109689545,0.024480634605421048,0.22746712875753983,0.22746712875753983,0.11734203677404664,2.0,-0.16172834727958138,-1.0148495162606765,True,Recommended - Lowest AIC,,False
CHFR_91601,CHFR_91601,,,,,"0.0,0.1,1.0,10.0","12,3,3,3","0.4503726805695891,0.467079774362036,0.1357837557117058,0.8878659320149374","-0.06470468315080101,-0.13414433446414484,0.4971126567341881,-1.2857247521721131",1,Polynomial 2,1.0 Standard Deviation,Normal + Constant variance,Down (↓),0.95,0.01,2,frequentist_restricted,3.038709828491222,6.175730228424072,8.436725248972266,36.11589346219902,-15.05794673109951,0.00043825296419297555,0.05259159275027736,0.05259159275027736,0.14103420879814077,2.0,-0.01711736934652257,-0.5831266676321235,True,Recommended - Lowest AIC,,False
CHMP5_92401,CHMP5_92401,,,,,"0.0,0.1,1.0,10.0","12,3,3,3","0.35939365698835046,0.31691009508862905,0.638230434410449,0.33274644857611396","-0.0430432523285876,0.014692248491922943,0.267701555309625,0.7973675324327405",3,Hill,1.0 Standard Deviation,Normal + Constant variance,Up (↑),0.95,0.01,0,frequentist_restricted,0.19726696210764738,1.2210966786291606,9.77433220187042,24.192291892801794,-8.096145946400897,0.04529853772448944,0.5647263914003333,0.5647263914003333,0.9464523198723492,1.0,-0.012633929091889227,-0.024985781207965036,True,Recommended - Lowest BMDL,BMD/BMDL ratio > 3.0,False
CIAO2A_14110,CIAO2A_14110,,,,,"0.0,0.1,1.0,10.0","12,3,3,3","0.4154155622452902,0.3524744093909668,0.22241068296896,0.33207653603451376","-0.05303486024885531,0.05451140291019239,-0.045043612107859766,-0.8127298377538933",1,Polynomial 2,1.0 Standard Deviation,Normal + Constant variance,Down (↓),0.95,0.01,2,frequentist_restricted,2.9039872428465534,6.645694971084595,9.565352525983528,20.85302957959265,-7.426514789796325,0.041024081001740154,0.442158156665002,0.442158156665002,0.888661537545056,2.0,0.0001969744596771697,-0.206828216073526,True,Recommended - Lowest AIC,,False
CIR1_92792,CIR1_92792,,,,,"0.0,0.1,1.0,10.0","12,3,3,3","0.22660980442258827,0.5110482405848971,0.1971256017001432,0.11860535997422776","-0.01682134639177388,-0.07230802463399022,0.34399259295269297,0.8098602894702062",2,Power,1.0 Standard Deviation,Normal + Constant variance,Up (↑),0.95,0.01,0,frequentist_restricted,2.234997016187198,3.1741551832346526,9.586949257487591,8.987040227769432,-1.493520113884716,0.0001670930965546047,0.08367431037201245,0.08367431037201245,0.16368928903735092,2.0,1.6469372488684697,-0.42565455218201864,True,Recommended - Lowest AIC,,False
CISD3_16115,CISD3_16115,,,,,"0.0,0.1,1.0,10.0","12,3,3,3","0.4420418587720129,0.533733244243329,0.5309644803391088,0.1404171931371403","-0.06300394364626356,0.3308090694159604,-1.009335688538369,-0.8030223575625453",3,Hill,1.0 Standard Deviation,Normal + Constant variance,Down (↓),0.95,0.01,0,frequentist_restricted,0.11779206605883408,0.3223148562311523,0.9335223236258273,31.464835710331098,-11.732417855165549,0.0013552947162353002,0.178525643407495,0.178525643407495,0.1075581061118025,1.0,1.2898623348376375,-0.6449311650174642,True,Recommended - Lowest AIC,,False
CITED1_11786,CITED1_11786,,,,,"0.0,0.1,1.0,10.0","12,3,3,3","0.2646285535942187,0.11373440436639372,0.09276091266163845,0.3056817025257213","-0.021469568122332392,-0.27993173179375525,-0.5423364379633798,-0.7447851732954538",3,Hill,1.0 Standard Deviation,Normal + Constant variance,Down (↓),0.95,0.01,0,frequentist_restricted,0.020928400826438473,0.10012766682431735,0.6062652679287424,4.025623239170998,1.987188380414501,0.00012810786011496766,0.06904224818544902,0.06904224818544902,0.548824565505138,1.0,-0.27448447488280203,0.05739585457901542,True,Recommended - Lowest AIC,"lowest dose/BMDL ratio > 3.0
BMD/BMDL ratio > 3.0",False
CKS1B_1362,CKS1B_1362,,,,,"0.0,0.1,1.0,10.0","12,3,3,3","0.4112368510987919,0.2802291159565651,0.25285601871435454,0.25308934863444793","-0.05265976389333906,0.1483515179537791,0.06454772325235485,-0.8938565903830803",1,Polynomial 2,1.0 Standard Deviation,Normal + Constant variance,Down (↓),0.95,0.01,2,frequentist_restricted,2.679293593098793,6.1391448974609375,8.355740278380788,19.94736726360287,-6.973683631801435,0.0075471830881643776,0.3263861486972588,0.3263861486972588,0.5942417206319657,2.0,-0.0037594227355996863,-0.5589493666590248,True,Recommended - Lowest AIC,,False
CMC4_27029,CMC4_27029,,,,,"0.0,0.1,1.0,10.0","12,3,3,3","0.3503683511326178,0.2522662475014312,0.31743359996906806,0.30543485184296776","-0.03707056666084859,0.33917422217565013,0.07772420032631118,0.6807144957512552",2,Power,1.0 Standard Deviation,Normal + Constant variance,Up (↑),0.95,0.01,0,frequentist_restricted,3.1550900119771934,4.9816834385952795,11.7151173600605,18.173123227783023,-6.0865616138915115,0.04398380170056693,0.7314812648945024,0.7314812648945024,0.18122335211224128,2.0,-0.10649858445668478,-0.7475459075177943,True,Recommended - Lowest AIC,,False
COG5_1449,COG5_1449,,,,,"0.0,0.1,1.0,10.0","12,3,3,3","0.48334781578634833,0.31092474794056546,0.13100883382504164,0.47025491071373254","-0.07216187814425391,0.013948506063502826,0.42467036398357316,-0.9048544738498553",1,Polynomial 2,1.0 Standard Deviation,Normal + Constant variance,Down (↓),0.95,0.01,2,frequentist_restricted,3.4457627635141663,6.799834966659546,9.988563422231541,29.99821267970374,-11.99910633985187,0.0030554134929484666,0.08490611281477756,0.08490611281477756,0.16107072279976276,2.0,-0.016490370196345697,-0.7926261558897689,True,Recommended - Lowest AIC,,False
COL5A1_1480,COL5A1_1480,,,,,"0.0,0.1,1.0,10.0","12,3,3,3","0.44408397289741497,0.166246639219036,0.22677907620409485,0.5871398697012523","-0.058601966534784146,0.11257200317896376,0.16933861396730418,1.0052671546855525",3,Hill,1.0 Standard Deviation,Normal + Constant variance,Up (↑),0.95,0.01,0,frequentist_restricted,0.3995797645484994,1.9543790249195676,9.776850993894273,27.212177779714793,-9.606088889857396,0.0030107001476424866,0.09821875083910125,0.09821875083910125,0.5469597337393176,1.0,-0.0759387471307918,-0.2364970218475089,True,Recommended - Lowest BMDL,BMD/BMDL ratio > 3.0,False
COQ4_22951,COQ4_22951,,,,,"0.0,0.1,1.0,10.0","12,3,3,3","0.2677318914912802,0.2178276174412844,0.2218317049837296,0.6729770031576923","-0.02250589675955758,0.1771518814961759,0.2740673211994674,0.8598500403742153",3,Hill,1.0 Standard Deviation,Normal + Constant variance,Up (↑),0.95,0.01,0,frequentist_restricted,0.18459506966349265,1.0476523026580455,9.63272805379942,17.704193786652176,-4.852096893326088,0.0018866921525924063,0.09867691586898597,0.09867691586898597,0.4019931515661621,1.0,-0.14623672723941622,-0.3127557997452606,True,Recommended - Lowest BMDL,BMD/BMDL ratio > 3.0,False
COX14_87565,COX14_87565,,,,,"0.0,0.1,1.0,10.0","12,3,3,3","0.7140603664452588,0.46429796590062417,0.1802889292418508,0.553106795485957","-0.14276294969137465,-0.18229307270871994,-0.5471139583280294,-1.104246865460073",0,Linear,1.0 Standard Deviation,Normal + Constant variance,Down (↓),0.95,0.01,1,frequentist_unrestricted,3.643145789082692,6.15755558013916,19.690887542548115,42.38473719340055,-18.192368596700273,0.0326775529479546,0.06367017450746404,0.06367017450746404,0.6949897086323779,2.0,0.07708045226678382,0.31652868428600045,True,Recommended - Lowest AIC,,False
CREG2_18035,CREG2_18035,,,,,"0.0,0.1,1.0,10.0","12,3,3,3","0.4121821659391843,0.5243323003236913,0.3312454849153192,0.6574134924411166","-0.05049358484088867,-0.2699635749371477,0.050551158967771494,1.701017630554827",0,Linear,1.0 Standard Deviation,Normal + Constant variance,Up (↑),0.95,0.01,1,frequentist_unrestricted,1.707797792304311,2.3144596815109253,3.527982814835948,28.794269274647874,-11.397134637323937,0.00015999526776178108,0.7120575636043855,0.7120575636043855,0.6667411207574376,2.0,-0.11185284795463278,0.4323160460929949,True,Recommended - Lowest AIC,,False
CRELD2_1561,CRELD2_1561,,,,,"0.0,0.1,1.0,10.0","12,3,3,3","0.39743688519395914,0.4215555938912627,0.5121166974113103,0.20841799156020363","-0.048334479404875084,-0.016499386811306027,-0.5708693664757977,-0.9876131722647767",0,Linear,1.0 Standard Deviation,Normal + Constant variance,Down (↓),0.95,0.01,1,frequentist_unrestricted,2.8126029832327966,4.255764484405518,8.640506861316094,26.053390200276276,-10.026695100138138,0.01121731501608092,0.4930934111647157,0.4930934111647157,0.17369220022083443,2.0,-1.6516011771554564,0.5235257825985783,True,Recommended - Lowest AIC,,False
CRYZ_1586,CRYZ_1586,,,,,"0.0,0.1,1.0,10.0","12,3,3,3","0.773840127067712,0.6298209727097714,1.6741193179454543,0.7607469853233818","-0.16129005303635713,-0.6765074222995363,-1.8317934514670462,-2.953836617450633",3,Hill,1.0 Standard Deviation,Normal + Constant variance,Down (↓),0.95,0.01,0,frequentist_restricted,0.06342328057884991,0.2791584836700277,1.0265396316015687,59.403381053040874,-25.701690526520437,0.0006349211380215491,0.2759987978552919,0.2759987978552919,0.7414072578805677,1.0,-0.2803933564477402,0.09630274574121658,True,Recommended - Lowest AIC,BMD/BMDL ratio > 3.0,False
CSNK2A2_1609,CSNK2A2_1609,,,,,"0.0,0.1,1.0,10.0","12,3,3,3","0.26105536390361805,0.24546050126063687,0.38551061668987485,0.3217706471566461","-0.021208226200450552,-0.012510161269147566,0.014953238976757344,0.9243121969827098",0,Linear,1.0 Standard Deviation,Normal + Constant variance,Up (↑),0.95,0.01,1,frequentist_unrestricted,1.9534845606507412,2.702169418334961,4.3145003383404354,8.472021592718626,-1.2360107963593125,0.0017789511188559537,0.8917207736246946,0.8917207736246946,0.9359943906550466,2.0,-0.33537454154033375,0.12311776173226703,True,Recommended - Lowest AIC,,False
CSTF2_18242,CSTF2_18242,,,,,"0.0,0.1,1.0,10.0","12,3,3,3","0.19908191500670147,0.24076876634291736,0.2629548403246089,0.41052106524743104","-0.012272976847621254,-0.07935365916525133,-0.261802060007522,-0.8215139193853301",3,Hill,1.0 Standard Deviation,Normal + Constant variance,Down (↓),0.95,0.01,0,frequentist_restricted,0.2746088728393036,0.8627640233149316,5.888744076931483,4.289269006963746,1.8553654965181272,0.0012875966113834458,0.5807325529305736,0.5807325529305736,0.8000708780191155,1.0,0.04055739038574034,0.09664419881197067,True,Recommended - Lowest BMDL,BMD/BMDL ratio > 3.0,False
CTTN_1650,CTTN_1650,,,,,"0.0,0.1,1.0,10.0","12,3,3,3","0.18939568638303672,0.18473304255289028,0.17039877501166437,0.20867917270504605","-0.011481133504461713,0.030239647463898317,0.05521189852602868,-0.4844351370454644",1,Polynomial 2,1.0 Standard Deviation,Normal + Constant variance,Down (↓),0.95,0.01,2,frequentist_restricted,2.5618555628441904,5.919461250305176,7.89226407799947,-8.304385449282629,7.152192724641314,0.017542724021655243,0.9411664773868702,0.9411664773868702,0.7848631608731219,2.0,-0.005335700660430325,-0.3785045739977799,True,Recommended - Lowest AIC,,False
CYP27B1_11889,CYP27B1_11889,,,,,"0.0,0.1,1.0,10.0","12,3,3,3","0.7654486997609024,0.27453307896693185,0.43799650936609935,0.4969782229329753","-0.2263321785783058,-0.5267247057440986,-0.9099944133071132,-1.84057757985729",3,Hill,1.0 Standard Deviation,Normal + Constant variance,Down (↓),0.95,0.01,0,frequentist_restricted,0.11395920842688603,0.8023067889819655,6.55010265644159,46.17150904821901,-19.085754524109504,0.003257103527541605,0.09719049161543647,0.09719049161543647,0.601560782849992,1.0,0.11879571970871014,0.18641180529913598,True,Recommended - Lowest BMDL,BMD/BMDL ratio > 3.0,False
DAP3_92736,DAP3_92736,,,,,"0.0,0.1,1.0,10.0","12,3,3,3","0.6204465861794074,0.8442633463831707,0.6244791733932473,0.30774780851017847","-0.10912105655382176,-0.4295408277692445,-0.5962816785192161,1.1334862264799495",1,Polynomial 2,1.0 Standard Deviation,Normal + Constant variance,Up (↑),0.95,0.01,2,frequentist_restricted,3.129866272758659,6.559528112411499,9.345314025899322,43.5579335886136,-18.7789667943068,0.01572082636927352,0.4157544063491311,0.4157544063491311,0.3369535516389469,2.0,0.010726901585630283,0.7979298950247811,True,Recommended - Lowest AIC,,False
DAP_33810,DAP_33810,,,,,"0.0,0.1,1.0,10.0","12,3,3,3","0.136221508883533,0.08631608327287775,0.3379091839863136,0.34718739831485373","-0.005832435315502046,-0.1026708642388618,-0.12801497447095933,-0.5657055734087894",0,Linear,1.0 Standard Deviation,Normal + Nonconstant variance,Down (↓),0.95,0.01,1,frequentist_unrestricted,1.6116679422199436,2.2359514236450195,4.531252355079526,-8.314767070055417,8.157383535027709,0.0005587614960477216,0.03987341384620946,0.1880949030160387,0.6568762149639733,2.0,-0.547305159031475,-0.21896079215110048,True,Recommended - Lowest AIC,,False
DBI_92888,DBI_92888,,,,,"0.0,0.1,1.0,10.0","12,3,3,3","0.5474116795177879,0.22212241296748614,0.4493582426325925,0.7080384687999701","-0.0860778535729646,-0.20295570927405845,-0.8408175854870589,-1.1132012892836711",0,Linear,1.0 Standard Deviation,Normal + Constant variance,Down (↓),0.95,0.01,1,frequentist_unrestricted,3.3733396549054087,5.48626184463501,14.537136665981063,38.76926991333244,-16.38463495666622,0.018535929187260325,0.25452166702140877,0.25452166702140877,0.12482397041945437,2.0,-1.7710509178248082,0.7784709768614153,True,Recommended - Lowest AIC,,False
DCLRE1B_14906,DCLRE1B_14906,,,,,"0.0,0.1,1.0,10.0","12,3,3,3","0.6228901876858283,0.6703055836230493,0.38321218369016147,0.5001460351103868","-0.12125461301319508,0.11924688858394909,-0.2162137985042872,-1.3124180495464313",0,Linear,1.0 Standard Deviation,Normal + Constant variance,Down (↓),0.95,0.01,1,frequentist_unrestricted,2.8633009835271643,4.3595075607299805,9.025271288204825,39.68673031493947,-16.843365157469734,0.04842498781409721,0.5891349506265484,0.5891349506265484,0.7641657776044979,2.0,-0.05804969898009596,-0.30112553873486914,True,Recommended - Lowest AIC,,False
DCTD_1785,DCTD_1785,,,,,"0.0,0.1,1.0,10.0","12,3,3,3","0.17467549787411035,0.5668743145335092,0.2541065876296093,0.25130213779094623","-0.009630269503075675,-0.08366453219710963,0.3873436346515951,0.818099385620129",2,Power,1.0 Standard Deviation,Normal + Constant variance,Up (↑),0.95,0.01,0,frequentist_restricted,2.299471693316957,3.287254495953546,9.65136796422614,10.550889308320496,-2.2754446541602484,0.00014206694844343115,0.07324984700761861,0.07324984700761861,0.10651434411701555,2.0,1.8025616222580003,-0.44063057417020296,True,Recommended - Lowest AIC,Control stdev. fit > 1.5,False
DDX39A_15753,DDX39A_15753,,,,,"0.0,0.1,1.0,10.0","12,3,3,3","0.3821533457330492,0.28861662080701217,0.19863790409821747,0.43226037670014517","-0.0456006653546183,0.11041327626574732,-0.4684266892309923,-1.2142369799676473",0,Linear,1.0 Standard Deviation,Normal + Constant variance,Down (↓),0.95,0.01,1,frequentist_unrestricted,2.1202841947097784,2.9793810844421387,4.934847140614471,21.584400909639236,-7.792200454819617,0.0005615244853863777,0.41828473050167037,0.41828473050167037,0.20984306130375552,2.0,-1.4160553471427058,0.18197614262212017,True,Recommended - Lowest AIC,,False
DDX54_15569,DDX54_15569,,,,,"0.0,0.1,1.0,10.0","12,3,3,3","0.2883808350791126,0.8406135431441489,0.4602711754302666,0.6297043785229406","-0.024774514021849964,0.28602022779145964,-0.23590978750659516,-1.0925041768176647",0,Linear,1.0 Standard Deviation,Normal + Constant variance,Down (↓),0.95,0.01,1,frequentist_unrestricted,2.598819189357423,3.836488723754883,7.234568446702148,30.030343619206157,-12.015171809603078,0.002886754055420715,0.1299753112353801,0.1299753112353801,0.407650505957872,2.0,-0.5586583832047717,-0.3145369496555854,True,Recommended - Lowest AIC,,False
DENND1C_22779,DENND1C_22779,,,,,"0.0,0.1,1.0,10.0","12,3,3,3","0.4433806967074665,0.4189702574236617,0.29256890881624004,0.6087628897349388","-0.061029287795938365,0.05849146633260018,-0.211707955483961,1.2511647627713076",1,Polynomial 2,1.0 Standard Deviation,Normal + Constant variance,Up (↑),0.95,0.01,2,frequentist_restricted,2.356512410557272,5.585019588470459,7.24187634618727,28.25586531401278,-11.12793265700639,0.003375156209138752,0.6349655482686347,0.6349655482686347,0.6918522819126023,2.0,0.006551226231954984,0.06027410562669249,True,Recommended - Lowest AIC,,False
DENND6B_21360,DENND6B_21360,,,,,"0.0,0.1,1.0,10.0","12,3,3,3","0.8403611446568793,0.8661828403359265,0.6342318996728469,0.35761166504267583","-0.22904261918154542,0.7366789054980853,1.6457243987667727,1.966525081899581",3,Hill,1.0 Standard Deviation,Normal + Constant variance,Up (↑),0.95,0.01,0,frequentist_restricted,0.011876717272645382,0.062283525007798934,0.33456117861025214,52.72609357738511,-22.363046788692554,0.0004978856086471639,0.29206047859725204,0.29206047859725204,0.8593688809319603,1.0,0.05195990334896091,-0.007461610282061983,True,Recommended - Lowest AIC,"lowest dose/BMDL ratio > 3.0
BMD/BMDL ratio > 3.0",False
DHRS12_25640,DHRS12_25640,,,,,"0.0,0.1,1.0,10.0","12,3,3,3","0.3561337428057812,0.3804043500137375,0.18053457502216055,0.5686463453378883","-0.043948114196714405,0.1784541604881035,0.768870785903049,1.6404178467187551",3,Hill,1.0 Standard Deviation,Normal + Constant variance,Up (↑),0.95,0.01,0,frequentist_restricted,0.11591622352177185,0.2842737886920161,0.9430769810530303,22.188449077986864,-7.094224538993432,1.0164543646551394e-05,0.3410061124002821,0.3410061124002821,0.6764549250089616,1.0,0.37388811172173303,-0.14349086282498674,True,Recommended - Lowest AIC,,False
DHRS12_27110,DHRS12_27110,,,,,"0.0,0.1,1.0,10.0","12,3,3,3","0.6431722594605613,0.49187477735315277,0.583876329921623,0.32754205681354626","-0.13365354077362038,-0.07190334856195542,0.4322442123501422,1.6850062362666014",0,Linear,1.0 Standard Deviation,Normal + Constant variance,Up (↑),0.95,0.01,1,frequentist_unrestricted,2.173345760082305,3.069677948951721,5.146769534505646,40.303341916131814,-17.151670958065907,0.001593196324316537,0.4047907113084527,0.4047907113084527,0.5325678227883675,2.0,1.0150239962218417,-0.42125036774706576,True,Recommended - Lowest AIC,,False
DHRS2_1857,DHRS2_1857,,,,,"0.0,0.1,1.0,10.0","12,3,3,3","0.4794135787995367,0.6865370578235647,0.745497100943946,0.4955346988818993","-0.0692155030164992,0.034155801871979495,0.3273645301743973,0.9468403747860262",3,Hill,1.0 Standard Deviation,Normal + Constant variance,Up (↑),0.95,0.01,0,frequentist_restricted,0.1496888402123226,1.399815896435521,9.971067311066625,37.78823557010225,-14.894117785051126,0.14874481615977397,0.8639523073282047,0.8639523073282047,0.8792951800980069,1.0,-0.030460297149831374,-0.05582238456706753,True,Recommended - Lowest BMDL,BMD/BMDL ratio > 3.0,False
DHX37_13234,DHX37_13234,,,,,"0.0,0.1,1.0,10.0","12,3,3,3","0.7217595867383083,0.2342666770780511,0.5216932661170657,0.9482115660066764","-0.14361219779932993,-0.14650919683111754,-0.38884808070657106,-1.4569713589329722",0,Linear,1.0 Standard Deviation,Normal + Constant variance,Down (↓),0.95,0.01,1,frequentist_unrestricted,3.0650275677104917,4.785351753234863,10.786761392746786,45.89111076255609,-19.945555381278044,0.024125067222239838,0.1295451553643977,0.1295451553643977,0.9567434928088412,2.0,-0.2733730852768648,0.08743254891007009,True,Recommended - Lowest AIC,,False
DIABLO_22200,DIABLO_22200,,,,,"0.0,0.1,1.0,10.0","12,3,3,3","0.420455029133816,0.1326633252008164,0.40234050601939614,0.39213958531107573","-0.05257478891546686,0.35403952261890964,0.2587795907902412,0.7854955718341655",5,Exponential 5,1.0 Standard Deviation,Normal + Constant variance,Up (↑),0.95,0.01,0,frequentist_restricted,0.45776245198837306,1.3894104957580566,7.23260004434203,26.36907784150315,-9.184538920751574,0.012798433122284236,0.17874593866298571,0.17874593866298571,0.11006006526770329,1.0,-0.2187599370477067,-0.604732842065176,True,Recommended - Lowest BMDL,BMD/BMDL ratio > 3.0,False
DISC1_25716,DISC1_25716,,,,,"0.0,0.1,1.0,10.0","12,3,3,3","0.43927566719355826,0.24278244783955197,0.6512825474646456,0.7789137103561993","-0.06419716999051144,-0.10865221336319027,0.5546638973671485,0.729882900390678",0,Linear,1.0 Standard Deviation,Normal + Constant variance,Up (↑),0.95,0.01,1,frequentist_unrestricted,3.7432299850196014,6.424660682678223,22.40957663376213,35.791113731598415,-14.89555686579921,0.051257418918293385,0.2946767765621845,0.2946767765621845,0.17474510329926474,2.0,-0.1604396458420372,-0.5219564882316656,True,Recommended - Lowest AIC,,False
DISP2_19584,DISP2_19584,,,,,"0.0,0.1,1.0,10.0","12,3,3,3","0.9869342333019842,1.5364425232113035,1.3904649429682976,0.6161343457506581","-0.28752293595372375,0.006690898765474444,0.7573822480880805,1.9838673320083924",3,Hill,1.0 Standard Deviation,Normal + Constant variance,Up (↑),0.95,0.01,0,frequentist_restricted,0.11043733904109077,0.8846816157689509,9.6118656957281,66.67932658592112,-29.33966329296056,0.040565752562122026,0.49359224466105944,0.49359224466105944,0.8343339298769443,1.0,-0.052107078452086744,-0.07335965570300788,True,Recommended - Lowest BMDL,BMD/BMDL ratio > 3.0,False
DMPK_91464,DMPK_91464,,,,,"0.0,0.1,1.0,10.0","12,3,3,3","0.2965071865248551,0.9175675344983485,0.25045552276947775,0.5662470164183415","-0.027861276944370555,-0.08718867616867221,0.7556247700570857,0.19335988178708363",2,Power,1.0 Standard Deviation,Normal + Nonconstant variance,Up (↑),0.95,0.01,0,frequentist_restricted,8.075224784424506,10.26499838994046,13.647489306396443,30.754081816051738,-11.377040908025869,0.013181643897384743,0.046463028969812026,0.07309757632825553,0.13319747888114342,2.0,-0.2014369634513147,-0.3372049168025591,True,Recommended - Lowest AIC,BMD/highest dose ratio > 1.0,False
DMXL2_16726,DMXL2_16726,,,,,"0.0,0.1,1.0,10.0","12,3,3,3","0.8464740221345783,1.0029728913480078,0.8959755566369325,0.8077542038207601","-0.2583365048337603,-0.16780642112872932,0.842104730418897,1.4647820972749637",0,Linear,1.0 Standard Deviation,Normal + Constant variance,Up (↑),0.95,0.01,1,frequentist_unrestricted,3.220717917249718,5.131105184555054,12.480087579437523,58.47253950443246,-26.23626975221623,0.07861437665401516,0.973311893511123,0.973311893511123,0.19524136935941994,2.0,1.6016912098621543,-0.6380878760430646,True,Recommended - Lowest AIC,,False
DNAJC12_24724,DNAJC12_24724,,,,,"0.0,0.1,1.0,10.0","12,3,3,3","0.1961830095272198,0.18863740114864122,0.7144698920555705,0.6367495970572887","-0.012650390040424168,0.29453796648651104,-0.0029924382476159694,-0.9435297229918974",1,Polynomial 2,1.0 Standard Deviation,Normal + Nonconstant variance,Down (↓),0.95,0.01,2,frequentist_restricted,2.566164086335454,4.467215538024902,5.549684996174873,12.237853900403142,-3.118926950201571,7.309530984811463e-05,0.006390502612335425,0.07906455516427113,0.9938091506443922,3.0,0.02332951383312611,-0.23277946441039776,True,Recommended - Lowest AIC,,False
DNAJC18_18335,DNAJC18_18335,,,,,"0.0,0.1,1.0,10.0","12,3,3,3","0.4402065674153496,0.17275931162219507,0.6479502155865282,0.36767233444002356","-0.06365018621950079,0.2741853727944948,0.03394271954073939,1.067555486391644",0,Linear,1.0 Standard Deviation,Normal + Constant variance,Up (↑),0.95,0.01,1,frequentist_unrestricted,2.600502182378638,3.8397812843322754,7.244746404185603,28.39791773458889,-11.198958867294445,0.004572432247380465,0.19731369198034443,0.19731369198034443,0.43679214087501406,2.0,-0.2658204331936414,-0.44915883056351735,True,Recommended - Lowest AIC,,False
DNAJC3_1920,DNAJC3_1920,,,,,"0.0,0.1,1.0,10.0","12,3,3,3","0.3877836101720536,0.49083030826067997,0.31638546444788,0.41658148562099534","-0.05168524868224051,-0.15819229405646015,-0.5567028753939022,-1.0995738639669452",3,Hill,1.0 Standard Deviation,Normal + Constant variance,Down (↓),0.95,0.01,0,frequentist_restricted,0.12329181367146072,0.5773030644101667,3.609095435934729,24.39968917312923,-8.199844586564614,0.013292575337494728,0.8848838118025655,0.8848838118025655,0.9139747497267724,1.0,0.028347638665390293,0.03741563498691173,True,Recommended - Lowest BMDL,BMD/BMDL ratio > 3.0,False
DOCK7_14848,DOCK7_14848,,,,,"0.0,0.1,1.0,10.0","12,3,3,3","0.13950988413472754,0.1280274828839713,0.49040754078845156,0.666421360814004","-0.006131104391887686,-0.0061790420395493005,-0.47155345870881443,-0.750626639826281",0,Linear,1.0 Standard Deviation,Normal + Nonconstant variance,Down (↓),0.95,0.01,1,frequentist_unrestricted,1.4162762119643806,1.4521265029907227,1.4611168322605756,1.1193990018192492,3.4403004990903754,1.5249402169792425e-05,0.0006573830744148745,0.9576626606500698,0.10834705672169287,2.0,-1.7246142034655185,-0.2940568325213851,True,Recommended - Lowest AIC,,False
DPM2_1947,DPM2_1947,,,,,"0.0,0.1,1.0,10.0","12,3,3,3","0.286624851297341,0.6056158596964171,0.37387473505287927,1.1965169329418863","-0.024616967134677873,-0.13094090579976655,-0.38158878504523935,-1.1668770121720424",1,Polynomial 2,1.0 Standard Deviation,Normal + Nonconstant variance,Down (↓),0.95,0.01,2,frequentist_restricted,2.228007887332138,2.2550511360168457,2.3688934422923675,28.08342075332363,-10.041710376661815,0.0010829223768650253,0.009580456180950159,0.44999014278063987,0.49416157361131163,2.0,-0.7228100958231318,-0.31412988396294517,True,Recommended - Lowest AIC,,False
DPY19L4_26348,DPY19L4_26348,,,,,"0.0,0.1,1.0,10.0","12,3,3,3","0.2467725173729701,0.5718430311316322,0.40318714252722926,0.3966975654954199","-0.019518451274294298,-0.3050511889861744,-0.18966319981398294,1.0563980413897094",3,Hill,1.0 Standard Deviation,Normal + Constant variance,Up (↑),0.95,0.01,0,frequentist_restricted,1.0507194461398401,4.2062955916874305,9.555638400329185,20.135259004012653,-6.0676295020063264,0.0003590819148411306,0.41307413110443325,0.41307413110443325,0.12912009863714224,1.0,-0.5050786753980674,0.8144254654259087,True,Recommended - Lowest BMDL,BMD/BMDL ratio > 3.0,False
DTX2_91500,DTX2_91500,,,,,"0.0,0.1,1.0,10.0","12,3,3,3","0.5213619727217579,0.7058176741652452,0.7627032204166562,0.34219891206436326","-0.08728349753750213,-0.45592009003959766,-0.8957804259258836,-1.258796619157915",3,Hill,1.0 Standard Deviation,Normal + Constant variance,Down (↓),0.95,0.01,0,frequentist_restricted,0.017836977185724835,0.23795385892612325,2.6201965829607117,39.18592704802423,-15.592963524012116,0.031594490221978244,0.5951810487839229,0.5951810487839229,0.6770628851936389,1.0,-0.24566363587212603,0.06148640810627281,True,Recommended - Lowest BMDL,"lowest dose/BMDL ratio > 3.0
BMD/BMDL ratio > 3.0",False
DUSP8_16306,DUSP8_16306,,,,,"0.0,0.1,1.0,10.0","12,3,3,3","0.22929359566321023,0.2716144269839425,0.33117075800282114,0.37507478914727593","-0.015935368750172273,0.13399630072674473,0.6658857477506647,1.084476244826763",3,Hill,1.0 Standard Deviation,Normal + Constant variance,Up (↑),0.95,0.01,0,frequentist_restricted,0.06866516972025066,0.18664689738614504,0.8831376483759007,7.951837104477702,0.024081447761148844,5.9957125919996024e-05,0.8665666938512399,0.8665666938512399,0.9610166088429126,1.0,0.041613650406139076,-0.014307050983133627,True,Recommended - Lowest AIC,,False
EDARADD_15013,EDARADD_15013,,,,,"0.0,0.1,1.0,10.0","12,3,3,3","0.3867578553747672,0.20298662326455133,0.4377891990127911,0.7125659315982269","-0.05074903197152581,0.4049762446861715,0.36575662217132626,0.815426896078144",5,Exponential 5,1.0 Standard Deviation,Normal + Constant variance,Up (↑),0.95,0.01,0,frequentist_restricted,0.3444583293740961,0.9917730093002319,9.853519201759832,30.11349640154416,-11.05674820077208,0.021539400812719434,0.2557517018958718,0.2557517018958718,0.1128380116700981,1.0,-0.2726492934013279,-0.5837775300010486,True,Recommended - Lowest BMDL,,False
EDA_19800,EDA_19800,,,,,"0.0,0.1,1.0,10.0","12,3,3,3","0.706640026671844,0.6871037659965895,0.6460773282107563,1.384692673835004","-0.14032861881569506,-0.2203591583441141,0.43081685770044703,1.3247801872100402",0,Linear,1.0 Standard Deviation,Normal + Constant variance,Up (↑),0.95,0.01,1,frequentist_unrestricted,3.2176461663403586,5.124090909957886,12.442671284536718,53.18092484901497,-23.590462424507486,0.07703926003367567,0.4627810194852805,0.4627810194852805,0.618086577054475,2.0,0.8769446895486174,-0.22900216754777225,True,Recommended - Lowest AIC,,False
EDC4_16002,EDC4_16002,,,,,"0.0,0.1,1.0,10.0","12,3,3,3","0.20315370252358073,0.35488312583468357,0.5051720293257055,0.23244983122362223","-0.012704920213131419,0.24180091213658306,0.08745453754643852,-0.665022427002599",1,Polynomial 2,1.0 Standard Deviation,Normal + Constant variance,Down (↓),0.95,0.01,2,frequentist_restricted,2.6614673045033186,6.114006042480469,8.300264284817834,10.003986439680242,-2.001993219840121,0.0032568976831741647,0.2640801061085112,0.2640801061085112,0.29457417058613034,2.0,-0.003188304606548071,-0.7838311891781039,True,Recommended - Lowest AIC,,False
EDNRA_88670,EDNRA_88670,,,,,"0.0,0.1,1.0,10.0","12,3,3,3","0.339278530673296,0.28198973901658886,0.5082610677020143,0.8417027818820855","-0.034578798342198395,-0.44538040475147717,-0.42212771820912814,-0.9573418708864437",0,Linear,1.0 Standard Deviation,Normal + Constant variance,Down (↓),0.95,0.01,1,frequentist_unrestricted,3.2386190242528006,5.172185897827148,12.700218217856209,30.1046082930457,-12.05230414652285,0.016251002629887656,0.18435944110004598,0.18435944110004598,0.22305140050073557,2.0,-0.7674144916471379,0.9208063478403721,True,Recommended - Lowest AIC,,False
EEF1D_92473,EEF1D_92473,,,,,"0.0,0.1,1.0,10.0","12,3,3,3","0.7609106207517091,0.6105436370484308,0.5703449382095034,0.47389137455598035","-0.18100860070216498,-0.27054050610183816,-0.545298175406721,-1.4480346098835108",0,Linear,1.0 Standard Deviation,Normal + Constant variance,Down (↓),0.95,0.01,1,frequentist_unrestricted,3.207635700532447,5.100992918014526,12.321078573778596,46.24421878880305,-20.122109394401527,0.10059482380686258,0.5031689984080945,0.5031689984080945,0.8348987750412692,2.0,-0.5241242333380368,0.2731338045611956,True,Recommended - Lowest AIC,,False
EFHD1_23189,EFHD1_23189,,,,,"0.0,0.1,1.0,10.0","12,3,3,3","0.2483604050422104,0.1890622147483884,0.525341981325074,1.0380080441267647","-0.018572214339308734,0.08347950579011733,-0.3115182352437637,-1.0842927327306267",0,Linear,1.0 Standard Deviation,Normal + Nonconstant variance,Down (↓),0.95,0.01,1,frequentist_unrestricted,1.0390553333965917,2.097163200378418,3.960432637042069,17.451081058558582,-4.725540529279291,0.00014169467420432902,0.0030910477602617004,0.6903577686159335,0.647469434975283,2.0,-0.770689280157423,-0.3935293894477857,True,Recommended - Lowest AIC,,False
EGLN3_90114,EGLN3_90114,,,,,"0.0,0.1,1.0,10.0","12,3,3,3","0.9245104358767272,0.6905877174462464,0.40097428973067684,0.9911697779061999","-0.25728929276315216,-0.6628125927396846,-0.29600987351347874,-2.9094990080107297",1,Polynomial 2,1.0 Standard Deviation,Normal + Constant variance,Down (↓),0.95,0.01,2,frequentist_restricted,2.193546603545979,5.525372624397278,7.1308544363613455,55.6016533219386,-24.8008266609693,0.0012529302313182278,0.29845877215352723,0.29845877215352723,0.7176783861572138,2.0,-0.0011762861634341106,0.3066785960501271,True,Recommended - Lowest AIC,,False
EHD4_23085,EHD4_23085,,,,,"0.0,0.1,1.0,10.0","12,3,3,3","0.3375428468645165,0.37780214017377095,0.2180008178904962,0.5583997393632549","-0.035188948187795804,-0.40997529067720095,-0.7628671247120344,-1.1904235256944387",3,Hill,1.0 Standard Deviation,Normal + Constant variance,Down (↓),0.95,0.01,0,frequentist_restricted,0.02776226936059683,0.15347914593686124,0.8711905128355371,21.58582127608944,-6.79291063804472,0.0007237562434647682,0.4939124008771898,0.4939124008771898,0.36324215414333283,1.0,-0.5998562199968924,0.16377112104724326,True,Recommended - Lowest AIC,"lowest dose/BMDL ratio > 3.0
BMD/BMDL ratio > 3.0",False
EIF1B_26583,EIF1B_26583,,,,,"0.0,0.1,1.0,10.0","12,3,3,3","0.45010069176204687,0.5427939104555969,0.1724246447398387,0.49373970427842684","-0.06818498913958894,0.4285417171599275,0.07386697922000429,1.2391444521601658",2,Power,1.0 Standard Deviation,Normal + Constant variance,Up (↑),0.95,0.01,0,frequentist_restricted,2.4454966336878385,3.55064386750566,9.765140961906823,30.47121042522485,-12.235605212612425,0.0017260168072584792,0.27868413698719907,0.27868413698719907,0.18916813743418637,2.0,-0.257755543074905,-0.6755080865945263,True,Recommended - Lowest AIC,,False
EIF2A_90505,EIF2A_90505,,,,,"0.0,0.1,1.0,10.0","12,3,3,3","0.526021459706183,0.7005202117064188,0.6807244956021286,0.3444745940293102","-0.09564864951596214,0.3601657000974647,-0.47788180458079355,0.9765983176200367",1,Polynomial 2,1.0 Standard Deviation,Normal + Constant variance,Up (↑),0.95,0.01,2,frequentist_restricted,3.5420788841411848,7.190501689910889,11.416658976861573,40.222507356982675,-17.111253678491337,0.03610306055517787,0.6611632939969392,0.6611632939969392,0.1364404951164886,2.0,0.012660227438311135,-0.07066861093630013,True,Recommended - Lowest AIC,,False
EIF2A_91348,EIF2A_91348,,,,,"0.0,0.1,1.0,10.0","12,3,3,3","0.676990396936611,0.25500159899738883,0.49661706642965775,0.5969605554076831","-0.1319635798655334,0.3938314576096704,0.3052542792300499,1.0452151265102092",0,Linear,1.0 Standard Deviation,Normal + Constant variance,Up (↑),0.95,0.01,1,frequentist_unrestricted,3.373621101984645,5.486788749694824,14.540298848044229,42.95845745524781,-18.479228727623905,0.030594458891565424,0.21024880199153584,0.21024880199153584,0.30275195366147367,2.0,0.5752710705572933,-0.8144502976013119,True,Recommended - Lowest AIC,,False
EIF3B_16048,EIF3B_16048,,,,,"0.0,0.1,1.0,10.0","12,3,3,3","0.19812344132174525,0.18928569566526096,0.3631058765651144,0.7093216019981167","-0.012468453808442791,-0.18595681272060569,-0.35817117770114293,-0.809473426561849",0,Linear,1.0 Standard Deviation,Normal + Nonconstant variance,Down (↓),0.95,0.01,1,frequentist_unrestricted,1.9383637293871412,2.1504247188568115,3.9017376564201998,10.431356161032685,-1.215678080516342,0.0006884188464341134,0.020643961958018542,0.30601830523595064,0.3430378896250126,2.0,-1.2127719090063547,-0.2583532573971431,True,Recommended - Lowest AIC,,False
ELAC2_2114,ELAC2_2114,,,,,"0.0,0.1,1.0,10.0","12,3,3,3","0.5314561606263739,0.31850683105024447,0.4262148365194047,0.14935727176861655","-0.0935230361899571,-0.34072791426532234,-0.7119660747538505,-0.9642904923487784",3,Hill,1.0 Standard Deviation,Normal + Constant variance,Down (↓),0.95,0.01,0,frequentist_restricted,0.0159137758571246,0.3092356387821329,266.0567166249135,31.30179834326523,-11.650899171632615,0.009084281351160572,0.07532168370086234,0.07532168370086234,0.7972828123353588,1.0,-0.1619060341984829,0.04245890599925639,True,Recommended - Lowest BMDL,"lowest dose/BMDL ratio > 3.0
BMD/BMDL ratio > 3.0",False
ELF2_2118,ELF2_2118,,,,,"0.0,0.1,1.0,10.0","12,3,3,3","0.45843698515151743,0.27147383802142117,0.5911898402457612,0.6200451791533588","-0.06241406879971508,-0.4837814763800696,0.33520300792779084,1.0858641362950276",2,Power,1.0 Standard Deviation,Normal + Constant variance,Up (↑),0.95,0.01,0,frequentist_restricted,2.6468444390647985,3.929019450996626,9.821430815152581,34.209533684511804,-14.104766842255902,0.006530320498892128,0.5625801014885305,0.5625801014885305,0.14785770180547375,2.0,1.1247569176438752,0.22317042700005507,True,Recommended - Lowest AIC,,False
ELOVL1_2131,ELOVL1_2131,,,,,"0.0,0.1,1.0,10.0","12,3,3,3","0.36141012551013746,0.1744482439901433,0.362546962349668,0.17323241236921408","-0.04081018660524053,0.21130592799168543,-0.2807596177928706,-0.6783193282134069",0,Linear,1.0 Standard Deviation,Normal + Constant variance,Down (↓),0.95,0.01,1,frequentist_unrestricted,3.035483663617717,4.720940589904785,10.499171657779314,17.3250204942429,-5.66251024712145,0.009559315704781302,0.1831774895522098,0.1831774895522098,0.21410091497261363,2.0,-1.0381959519762898,-0.18689597156661078,True,Recommended - Lowest AIC,,False
EN2_21953,EN2_21953,,,,,"0.0,0.1,1.0,10.0","12,3,3,3","0.5872402472418239,0.3083647473982161,0.2861633868597011,0.8365645621752216","-0.09364869715651758,0.12921632295503246,0.013547257741398375,-1.217520298945482",1,Polynomial 2,1.0 Standard Deviation,Normal + Constant variance,Down (↓),0.95,0.01,2,frequentist_restricted,2.9576851377384417,6.638520956039429,9.546775539968165,38.13705458183746,-16.06852729091873,0.014372771872784074,0.16119537471338208,0.16119537471338208,0.7794989495595241,2.0,-0.002118868132948566,-0.3789314323697484,True,Recommended - Lowest AIC,,False
ENOPH1_2156,ENOPH1_2156,,,,,"0.0,0.1,1.0,10.0","12,3,3,3","0.29160145707248164,0.6083373219753173,0.22691080373968323,0.20014631711790667","-0.0271703910612795,-0.009365952104797145,-0.16666162463485465,-0.6695670672033344",2,Power,1.0 Standard Deviation,Normal + Constant variance,Down (↓),0.95,0.01,0,frequentist_restricted,3.007340411776431,4.659982222348099,10.238179088393633,14.874884028262356,-4.437442014131178,0.02677067419576451,0.18042116301344135,0.18042116301344135,0.9056177063809221,2.0,-0.39349149783787396,0.08625505700265292,True,Recommended - Lowest AIC,,False
ENTPD7_25904,ENTPD7_25904,,,,,"0.0,0.1,1.0,10.0","12,3,3,3","0.27524793368844563,0.3266849821245871,0.5856279799747685,0.5075085322716015","-0.023538434193292306,-0.12983780141176193,-0.23002209263872517,-0.962334947921527",3,Hill,1.0 Standard Deviation,Normal + Constant variance,Down (↓),0.95,0.01,0,frequentist_restricted,0.39852950744806614,1.8027176714590558,9.797230956492905,20.828849888761944,-6.414424944380972,0.010279316576934483,0.43642834300149813,0.43642834300149813,0.6903195103247326,1.0,0.05118575022793578,0.1564994166158861,True,Recommended - Lowest BMDL,BMD/BMDL ratio > 3.0,False
EPB41L1_21364,EPB41L1_21364,,,,,"0.0,0.1,1.0,10.0","12,3,3,3","0.3747254061036601,0.4448505918690028,0.5659631132691527,0.41284429559746966","-0.04673226481108051,-0.3068004840732808,0.28499084732846186,0.7932547323312594",2,Power,1.0 Standard Deviation,Normal + Constant variance,Up (↑),0.95,0.01,0,frequentist_restricted,2.964364538799267,4.567902967967318,10.00560760657949,26.85800370672718,-10.42900185336359,0.0501448762544916,0.9368456886395505,0.9368456886395505,0.26176542571963957,2.0,1.0998370540034847,0.06785326945603135,True,Recommended - Lowest AIC,,False
EPB41L4A-AS1_2179,EPB41L4A-AS1_2179,,,,,"0.0,0.1,1.0,10.0","12,3,3,3","0.18448836848722147,0.5150690242586172,0.28725417195574643,0.46572321766120106","-0.010685833867560451,0.5286206660268907,1.2454325174795564,1.5116916027324467",3,Hill,1.0 Standard Deviation,Normal + Constant variance,Up (↑),0.95,0.01,0,frequentist_restricted,0.01889571129380807,0.04099315140359946,0.11949722872749485,12.288030203046556,-2.1440151015232787,6.432557098090541e-08,0.11453950408840186,0.11453950408840186,0.807305331139686,1.0,-0.019548150941029067,-0.019548150941029067,True,Recommended - Lowest AIC,lowest dose/BMDL ratio > 3.0,False
EPDR1_88706,EPDR1_88706,,,,,"0.0,0.1,1.0,10.0","12,3,3,3","0.2407977541558921,0.5807250172954738,0.14558947350949006,0.3186494275442897","-0.01829239626279776,0.07742355816791235,0.16700241790140427,-0.7582638184441675",1,Polynomial 2,1.0 Standard Deviation,Normal + Constant variance,Down (↓),0.95,0.01,2,frequentist_restricted,2.691458841119907,5.975121259689331,8.00243752759235,12.246500144593504,-3.1232500722967527,0.0016165851046445745,0.11544248103987043,0.11544248103987043,0.5279004990400443,2.0,-0.008988385095781409,-0.5911781722013174,True,Recommended - Lowest AIC,,False
EPS8_90604,EPS8_90604,,,,,"0.0,0.1,1.0,10.0","12,3,3,3","0.2624507633562769,0.17158124130830535,0.15478945002662153,0.7119796429280668","-0.021583835007712243,-0.11778523279560717,0.0066968826624980065,-0.7260815895341705",1,Polynomial 2,1.0 Standard Deviation,Normal + Nonconstant variance,Down (↓),0.95,0.01,2,frequentist_restricted,2.6628771177557264,5.7889556884765625,18.171023979318313,9.277645345630562,-0.6388226728152813,0.0020666355477269027,0.019352303111178637,0.49196583517881287,0.6472571270406022,2.0,-0.04048995390035923,-0.4100530547631902,True,Recommended - Lowest AIC,,False
ERBB2_88307,ERBB2_88307,,,,,"0.0,0.1,1.0,10.0","12,3,3,3","0.32237285040216124,0.3129366457695708,0.5631207004193615,0.2139823426049878","-0.0318192241287041,0.3445237548664492,0.21283713620768208,0.8799695019447232",0,Linear,1.0 Standard Deviation,Normal + Constant variance,Up (↑),0.95,0.01,1,frequentist_unrestricted,2.711785639326134,4.053585529327393,7.93526260868321,20.126654653047787,-7.063327326523894,0.007572786880689852,0.42012696517743753,0.42012696517743753,0.197860865849123,2.0,0.38161921868579884,-0.8843140104530544,True,Recommended - Lowest AIC,,False
ERCC6L_21151,ERCC6L_21151,,,,,"0.0,0.1,1.0,10.0","12,3,3,3","0.5339156771561467,0.4530225488633531,0.5302443085202837,0.3912424287853854","-0.08033343568532157,0.054056980919419406,-1.2394076611300633,-0.8023583049699882",3,Hill,1.0 Standard Deviation,Normal + Constant variance,Down (↓),0.95,0.01,0,frequentist_restricted,0.10709261443777368,0.30922601942718075,0.9414582473870343,36.35718854320809,-14.178594271604045,0.016256371719889806,0.7553582241169348,0.7553582241169348,0.2186404996548641,1.0,0.3917716560740494,-0.1958857696328841,True,Recommended - Lowest AIC,,False
ERICH5_17326,ERICH5_17326,,,,,"0.0,0.1,1.0,10.0","12,3,3,3","0.4288704971331461,0.5809786864064633,0.7435042330749476,0.23857702404612316","-0.05806460197794581,-0.267042454786528,-0.479993470631577,1.1977022148807184",1,Polynomial 2,1.0 Standard Deviation,Normal + Constant variance,Up (↑),0.95,0.01,2,frequentist_restricted,2.6808310615852786,5.806213617324829,7.662594436817352,32.82287168356345,-13.411435841781723,0.0016943483488421895,0.3356536506615755,0.3356536506615755,0.2884266102557811,2.0,0.01245976294607461,0.8079916747092413,True,Recommended - Lowest AIC,,False
ETFA_2244,ETFA_2244,,,,,"0.0,0.1,1.0,10.0","12,3,3,3","0.2457185746098383,0.3144774561628766,0.20029007725051023,0.05274530711109562","-0.018685749689174965,-0.3498100302953704,-0.48145887904736767,-0.7945384788321112",3,Hill,1.0 Standard Deviation,Normal + Constant variance,Down (↓),0.95,0.01,0,frequentist_restricted,0.010612888194359207,0.0767017605170068,0.7836437955348874,4.4975195288198835,1.7512402355900583,5.333068267288077e-05,0.05604821301678309,0.05604821301678309,0.1610650717193559,1.0,-0.4799194791144106,0.08102297044038101,True,Recommended - Lowest AIC,"lowest dose/BMDL ratio > 3.0
BMD/BMDL ratio > 3.0",False
ETFDH_90875,ETFDH_90875,,,,,"0.0,0.1,1.0,10.0","12,3,3,3","0.28064398256836237,0.2904009488269227,0.19774529337892474,0.12217540955379687","-0.02469686163061754,0.00424223358943356,-0.5867328909924523,-0.4055060302102012",3,Hill,1.0 Standard Deviation,Normal + Constant variance,Down (↓),0.95,0.01,0,frequentist_restricted,0.10312124302574126,0.30444493629382213,0.9700498684574874,7.390472478733682,0.304763760633159,0.008292594812921994,0.2815276750247917,0.2815276750247917,0.33709205113377005,1.0,0.16814171997192842,-0.08407085093742883,True,Recommended - Lowest AIC,,False
EVPL_14384,EVPL_14384,,,,,"0.0,0.1,1.0,10.0","12,3,3,3","0.76385258812388,0.46210711023185685,0.572417971594168,0.5601823525654044","-0.17027578474183733,-0.8268534704285978,0.014118524200235053,-2.2517559275402608",1,Polynomial 2,1.0 Standard Deviation,Normal + Constant variance,Down (↓),0.95,0.01,2,frequentist_restricted,2.4755349671761504,5.786263942718506,7.62297091015086,48.81331738958889,-21.406658694794444,0.0016198276081207386,0.44335816255031557,0.44335816255031557,0.20693028326678653,2.0,-0.007087693133704944,0.391466735922805,True,Recommended - Lowest AIC,,False
EXOC1_2261,EXOC1_2261,,,,,"0.0,0.1,1.0,10.0","12,3,3,3","0.47623661448956145,0.4182645473983161,0.42752888088068147,0.20741611270963212","-0.06876084275924683,0.4516573477923047,0.6991244980919618,1.246781407214345",3,Hill,1.0 Standard Deviation,Normal + Constant variance,Up (↑),0.95,0.01,0,frequentist_restricted,0.013350809139341255,0.11866533702924781,1.2589714092271511,30.30507815365946,-11.15253907682973,0.0010145094281607259,0.3369583244746508,0.3369583244746508,0.20650567187999902,1.0,0.5844100817494123,-0.12446530000900516,True,Recommended - Lowest AIC,"lowest dose/BMDL ratio > 3.0
BMD/BMDL ratio > 3.0",False
EXOC4_25220,EXOC4_25220,,,,,"0.0,0.1,1.0,10.0","12,3,3,3","0.3551911097419861,0.16137471185653204,0.4285190797060462,0.20084089619605783","-0.03819531306003301,0.16976822948205406,-0.12999536329081907,0.7167171395720832",1,Polynomial 2,1.0 Standard Deviation,Normal + Constant variance,Up (↑),0.95,0.01,2,frequentist_restricted,2.940708382788614,6.510782241821289,9.220549381737221,16.64294655443986,-5.321473277219929,0.008823810168099078,0.2031709656244336,0.2031709656244336,0.4406442445129082,2.0,0.00642140448032316,-0.2035111691268441,True,Recommended - Lowest AIC,,False
EXOSC4_2269,EXOSC4_2269,,,,,"0.0,0.1,1.0,10.0","12,3,3,3","0.7829938707556428,0.6920478020111054,0.922903570014913,0.29461437138082064","-0.1798747925979035,-0.6311984096439862,-0.6761788834868119,-1.7591452611113005",0,Linear,1.0 Standard Deviation,Normal + Constant variance,Down (↓),0.95,0.01,1,frequentist_unrestricted,3.033905834519612,4.717676639556885,10.48517806225911,50.4491226335758,-22.2245613167879,0.025042525220483114,0.2505899055115868,0.2505899055115868,0.5122183150159516,2.0,-0.5511918356482793,0.6291269127673603,True,Recommended - Lowest AIC,,False
EXTL3_21768,EXTL3_21768,,,,,"0.0,0.1,1.0,10.0","12,3,3,3","0.40537233096830194,0.5303566053188092,0.2623496466138134,0.40213085693802614","-0.04670985259932323,-0.22089509827358653,-0.43776170025748806,-1.4859367984030507",3,Hill,1.0 Standard Deviation,Normal + Constant variance,Down (↓),0.95,0.01,0,frequentist_restricted,0.3101712681836804,0.949760412968399,9.324401547795862,25.8105642223151,-8.90528211115755,0.0007761680140978555,0.6631175897677217,0.6631175897677217,0.5868883722522789,1.0,0.07915456932180814,0.20954680420229915,True,Recommended - Lowest BMDL,BMD/BMDL ratio > 3.0,False
EZR_25288,EZR_25288,,,,,"0.0,0.1,1.0,10.0","12,3,3,3","0.6408630264712313,0.26808040890449464,0.31388944486656867,0.2865256814419062","-0.15073010345815288,-0.24309129506565705,-0.13248207467928996,-1.0282048758496558",1,Polynomial 2,1.0 Standard Deviation,Normal + Constant variance,Down (↓),0.95,0.01,2,frequentist_restricted,3.4717771570975127,7.523775100708008,15.041126917001728,35.66061824819085,-14.830309124095425,0.023924557725745088,0.05308450130596698,0.05308450130596698,0.948057816169759,2.0,-0.001308953380224474,0.07740627239652673,True,Recommended - Lowest AIC,,False
FAM118B_15472,FAM118B_15472,,,,,"0.0,0.1,1.0,10.0","12,3,3,3","0.20515043734103355,0.09652028129848253,0.17043042249125173,0.18889658231462064","-0.01332621027829494,-0.360132040691953,-0.5436232815269596,-0.7663339352908128",3,Hill,1.0 Standard Deviation,Normal + Constant variance,Down (↓),0.95,0.01,0,frequentist_restricted,0.011016467206817416,0.04138529939760761,0.19250801291217473,-5.339305566466624,6.669652783233312,1.939926913685497e-05,0.3803259893053763,0.3803259893053763,0.24622508776594554,1.0,0.04184239514237555,0.04184239514237555,True,Recommended - Lowest AIC,"lowest dose/BMDL ratio > 3.0
BMD/BMDL ratio > 3.0",False
FAM174A_2316,FAM174A_2316,,,,,"0.0,0.1,1.0,10.0","12,3,3,3","0.5303976062247474,0.4850407965421551,0.23771249293842672,0.3707956318399305","-0.08708899056508727,-0.31722318332403004,-0.14134160865511894,0.8935002520854237",1,Polynomial 2,1.0 Standard Deviation,Normal + Constant variance,Up (↑),0.95,0.01,2,frequentist_restricted,2.8656472277414053,6.543699502944946,9.304456590879404,31.194340200440983,-12.597170100220492,0.019197820326931958,0.28908811861076966,0.28908811861076966,0.7154802628412674,2.0,0.0006779305706703065,0.38584192172902104,True,Recommended - Lowest AIC,,False
FAM189B_16340,FAM189B_16340,,,,,"0.0,0.1,1.0,10.0","12,3,3,3","0.3685620839906401,0.5260135562929732,0.41075781902619735,0.7742147030259124","-0.04485909713784183,0.4350384273296275,0.33196316694335565,1.3824602668203194",3,Hill,1.0 Standard Deviation,Normal + Constant variance,Up (↑),0.95,0.01,0,frequentist_restricted,0.276418903950305,1.298474364478085,9.63221315930009,33.05398543114146,-12.526992715570731,0.002188906948765279,0.5226300273795434,0.5226300273795434,0.10765633190719026,1.0,-0.22411282334193808,-0.6054105948743468,True,Recommended - Lowest BMDL,BMD/BMDL ratio > 3.0,False
FAM214A_13942,FAM214A_13942,,,,,"0.0,0.1,1.0,10.0","12,3,3,3","0.33064923713151245,0.5618444538371702,0.3193938687262284,0.284352291206943","-0.03530328039438673,0.2830911593291845,0.4720927862283702,0.8660778750752685",3,Hill,1.0 Standard Deviation,Normal + Constant variance,Up (↑),0.95,0.01,0,frequentist_restricted,0.016522979036180843,0.2922624284501432,2.7290749385509807,21.229243346455434,-6.614621673227717,0.01152155040460856,0.631130015671361,0.631130015671361,0.3139191603318463,1.0,0.7574410496942402,-0.23032894203590354,True,Recommended - Lowest BMDL,"lowest dose/BMDL ratio > 3.0
BMD/BMDL ratio > 3.0",False
FAM76B_14664,FAM76B_14664,,,,,"0.0,0.1,1.0,10.0","12,3,3,3","0.5112595727946329,0.18571518275670515,0.5236774482347296,0.3593539013789749","-0.08420932237294182,-0.1644207230554359,0.29494665462119674,1.1818765005841652",0,Linear,1.0 Standard Deviation,Normal + Constant variance,Up (↑),0.95,0.01,1,frequentist_unrestricted,2.3801025760540897,3.4318923950195312,6.066239798270093,30.547050008881975,-12.273525004440987,0.002211305436306432,0.1914530363757283,0.1914530363757283,0.56999331071885,2.0,0.9163706881587954,-0.18353748118528967,True,Recommended - Lowest AIC,,False
FAM83B_13670,FAM83B_13670,,,,,"0.0,0.1,1.0,10.0","12,3,3,3","0.39096690204500556,0.33939007951759764,0.49177445352061944,0.07952643672724446","-0.04687314234177675,0.3618547231651232,0.04640951733707003,-1.020261379530433",1,Polynomial 2,1.0 Standard Deviation,Normal + Constant variance,Down (↓),0.95,0.01,2,frequentist_restricted,2.4652641817955208,5.878646373748779,7.809220629570507,23.36090904847571,-8.680454524237854,0.00025154399269633476,0.052984689779921657,0.052984689779921657,0.19742732531499219,2.0,-0.0010271061879168414,-0.8087981946827072,True,Recommended - Lowest AIC,,False
FANCG_25117,FANCG_25117,,,,,"0.0,0.1,1.0,10.0","12,3,3,3","0.6292659758778862,1.023724694457741,0.726912101474447,0.7679415923407811","-0.11934748913429997,0.3289051346203364,0.7699227425015414,1.0681758840140645",2,Power,1.0 Standard Deviation,Normal + Constant variance,Up (↑),0.95,0.01,0,frequentist_restricted,3.8292641694688085,6.657334566871398,25.22022871330273,50.78306961806268,-22.39153480903134,0.15455422899326798,0.8887665071753263,0.8887665071753263,0.15553592408440875,2.0,-0.15152120720108603,-0.9528630006824483,True,Recommended - Lowest AIC,,False
FASN_11197,FASN_11197,,,,,"0.0,0.1,1.0,10.0","12,3,3,3","0.30463302828048644,0.1910841402484128,0.16407039880833277,0.3002037403491887","-0.03066964356197084,-0.45977904666440733,-0.8732083247727304,-1.422464708371093",3,Hill,1.0 Standard Deviation,Normal + Constant variance,Down (↓),0.95,0.01,0,frequentist_restricted,0.03228935215761343,0.11049638549646362,0.3656875395038536,11.682903722950293,-1.8414518614751465,1.4211846328660016e-06,0.35656477903123784,0.35656477903123784,0.15056507968433508,1.0,-1.057613880158033,0.3188368914368653,True,Recommended - Lowest AIC,"lowest dose/BMDL ratio > 3.0
BMD/BMDL ratio > 3.0",False
FBXO44_27216,FBXO44_27216,,,,,"0.0,0.1,1.0,10.0","12,3,3,3","0.32984040916603957,0.16691225098284657,0.49160523345356233,0.5621497380670827","-0.03454769870893252,0.29384285772543606,0.5082093811745012,0.9871396818065356",3,Hill,1.0 Standard Deviation,Normal + Constant variance,Up (↑),0.95,0.01,0,frequentist_restricted,0.03121587062697578,0.3679637778502346,2.5086651273343,22.8457980205289,-7.42289901026445,0.0024076370008748738,0.2682926572275742,0.2682926572275742,0.29784115546624323,1.0,0.8776038586731183,-0.3030127699327654,True,Recommended - Lowest BMDL,"lowest dose/BMDL ratio > 3.0
BMD/BMDL ratio > 3.0",False
FIG4_20285,FIG4_20285,,,,,"0.0,0.1,1.0,10.0","12,3,3,3","0.3281060236278965,0.21814987645344452,0.14558823878921118,0.6246774839648263","-0.03431645368895172,-0.3763951657191362,-0.00949350410533934,0.6253403602535251",0,Linear,1.0 Standard Deviation,Normal + Constant variance,Up (↑),0.95,0.01,1,frequentist_unrestricted,3.00802192770413,4.66156005859375,10.24109906258599,20.012972437351202,-7.006486218675601,0.004978687461352105,0.08476763693347977,0.08476763693347977,0.2528629349934035,2.0,0.0941010513150263,0.6767674346845824,True,Recommended - Lowest AIC,,False
FKBP1A_27226,FKBP1A_27226,,,,,"0.0,0.1,1.0,10.0","12,3,3,3","0.48931656544502666,0.40981317729853445,0.31561865890389335,1.0492591479033224","-0.07092059897720528,-0.25233493386165334,-0.2353599656009894,-1.7685689961528173",0,Linear,1.0 Standard Deviation,Normal + Constant variance,Down (↓),0.95,0.01,1,frequentist_unrestricted,2.1616663757907326,3.0497467517852783,5.099094735625962,37.22599840485162,-15.61299920242581,0.0008740504131564686,0.1580145374640043,0.1580145374640043,0.8758032095117096,2.0,0.10124878137578348,0.1859311256227725,True,Recommended - Lowest AIC,,False
FKBP4_92325,FKBP4_92325,,,,,"0.0,0.1,1.0,10.0","12,3,3,3","0.6264555752576417,0.4474509461409937,0.3943808325165366,0.6943953306368219","-0.11405519820438714,0.5185245560677375,-0.0728402476858077,-1.3533927193565447",0,Linear,1.0 Standard Deviation,Normal + Constant variance,Down (↓),0.95,0.01,1,frequentist_unrestricted,2.798740842176455,4.227515459060669,8.538900687493923,42.52837439361301,-18.264187196806503,0.012847052065275255,0.535836381607596,0.535836381607596,0.1953167197033444,2.0,0.12601472962114266,-0.8146556265248528,True,Recommended - Lowest AIC,,False
FKTN_90566,FKTN_90566,,,,,"0.0,0.1,1.0,10.0","12,3,3,3","0.8423347933534873,0.43928815629264206,0.8652540041795577,1.1476973811879494","-0.1897940478699651,0.5472023467358386,0.2901310390496107,1.0809201016355023",0,Linear,1.0 Standard Deviation,Normal + Constant variance,Up (↑),0.95,0.01,1,frequentist_unrestricted,4.030398176443574,7.235019207000732,34.931962467225404,56.646254176862456,-25.323127088431228,0.1655160407617624,0.45860729256267807,0.45860729256267807,0.3253287077056922,2.0,-0.05245363588181104,-0.764175619347085,True,Recommended - Lowest AIC,,False
FMR1_13668,FMR1_13668,,,,,"0.0,0.1,1.0,10.0","12,3,3,3","0.4997835037117778,0.22481968052718118,1.0136419623400392,0.4893816805256197","-0.07612059795107746,0.5991172809712041,0.533592020094662,1.2928438896702659",4,Exponential 3,1.0 Standard Deviation,Normal + Constant variance,Up (↑),0.95,0.01,0,frequentist_restricted,5.919042270482105,7.324265241622925,10.074105130640426,42.382655570507964,-18.191327785253982,0.0029054295440666955,0.115964140648528,0.115964140648528,0.14627974345535177,3.0,-0.01606505786723153,-1.3014997908656165,True,Recommended - Lowest AIC,,False
FNBP4_19463,FNBP4_19463,,,,,"0.0,0.1,1.0,10.0","12,3,3,3","0.13955399968955373,0.25200066947465977,0.09902119435148402,0.07358920579019719","-0.006143051136964967,0.13733949004205045,0.43424471122041247,0.512479575894195",5,Exponential 5,1.0 Standard Deviation,Normal + Constant variance,Up (↑),0.95,0.01,0,frequentist_restricted,0.06564875643600851,0.09062722325325012,0.15380179327738,-16.716673019025723,12.358336509512862,2.171790198968182e-05,0.16907944547255127,0.16907944547255127,0.5234262354824537,1.0,-0.11839632500464779,-0.17400410483225065,True,Recommended - Lowest AIC,,False
FNDC10_15436,FNDC10_15436,,,,,"0.0,0.1,1.0,10.0","12,3,3,3","0.2716731647405072,0.16812410439890035,0.5859638662303357,0.13389646029171548","-0.022960103409490572,-0.11029588162621025,-0.050094279544637556,-0.8511832234043081",0,Linear,1.0 Standard Deviation,Normal + Constant variance,Down (↓),0.95,0.01,1,frequentist_unrestricted,2.3588732529634946,3.3936643600463867,5.963985864308929,11.772250671818792,-2.8861253359093966,0.0007859425979445112,0.051363689352814546,0.051363689352814546,0.8349978249014346,2.0,0.3719766078237573,0.06177452220815913,True,Recommended - Lowest AIC,,False
FOXJ2_23394,FOXJ2_23394,,,,,"0.0,0.1,1.0,10.0","12,3,3,3","0.4804900466151918,0.2085064905500273,0.5840785723790473,1.0155575115393476","-0.06687520107542784,0.3263952752856084,-0.1410599489466068,1.1920916352405229",0,Linear,1.0 Standard Deviation,Normal + Constant variance,Up (↑),0.95,0.01,1,frequentist_unrestricted,2.8830172743893216,4.399919509887695,9.178867472590413,38.952871052903554,-16.476435526451777,0.005626931314777761,0.10259229068002895,0.10259229068002895,0.369903259573936,2.0,-0.7480768929973951,-0.2242269293690028,True,Recommended - Lowest BMDL,,False
FTCD_87434,FTCD_87434,,,,,"0.0,0.1,1.0,10.0","12,3,3,3","0.9897480178040402,0.4250169206468903,0.508436729667605,0.6714124539012528","-0.29308930495681357,-0.2899085247728753,0.015072048939209918,-1.6287935785778511",1,Polynomial 2,1.0 Standard Deviation,Normal + Constant variance,Down (↓),0.95,0.01,2,frequentist_restricted,3.588199459721992,7.505097985267639,14.42532397390117,55.221321787060006,-24.610660893530003,0.043290922587607916,0.12597610175603458,0.12597610175603458,0.8075319432618812,2.0,-0.0059367374260262265,-0.2384909008830091,True,Recommended - Lowest AIC,,False
FUT4_88787,FUT4_88787,,,,,"0.0,0.1,1.0,10.0","12,3,3,3","0.43063449528689046,0.9103626899124904,0.43370550486357745,0.7818588662127736","-0.06395916703660255,-0.2373670029560492,1.178267076423472,0.5674743413928657",3,Hill,1.0 Standard Deviation,Normal + Constant variance,Up (↑),0.95,0.01,0,frequentist_restricted,0.10870235856341066,0.3118965026090197,91.15435086246418,41.03388966112206,-16.51694483056103,0.01209730039352952,0.385885432596649,0.385885432596649,0.1239628322372297,1.0,-0.4522459581684343,0.22612300532190707,True,Recommended - Lowest AIC,,False
FUZ_21213,FUZ_21213,,,,,"0.0,0.1,1.0,10.0","12,3,3,3","0.35286392706008607,0.13619973731575402,0.5093106904357769,0.15121026589604428","-0.03772825213936252,0.18297888559066774,-0.18015155560793664,0.7166730898535812",1,Polynomial 2,1.0 Standard Deviation,Normal + Constant variance,Up (↑),0.95,0.01,2,frequentist_restricted,3.050315306255218,6.59682035446167,9.441978518201914,18.047009196209803,-6.023504598104902,0.002843922951295208,0.061398416262886446,0.061398416262886446,0.3439779651657844,2.0,0.008587513251836773,-0.12967273130864526,True,Recommended - Lowest AIC,,False
FXN_25483,FXN_25483,,,,,"0.0,0.1,1.0,10.0","12,3,3,3","0.29704621904030337,0.27761008953354993,0.4982802970991477,0.1245036043182469","-0.02640965490279217,-0.07154992588684607,-0.26242694077213313,-0.7138511382838727",3,Hill,1.0 Standard Deviation,Normal + Constant variance,Down (↓),0.95,0.01,0,frequentist_restricted,0.22851581572880028,1.2798995999821083,9.806443093968667,14.212173881382755,-3.1060869406913776,0.012774317224344967,0.18656116806953293,0.18656116806953293,0.9375659653049382,1.0,0.013724520547978307,0.029494241696627652,True,Recommended - Lowest BMDL,BMD/BMDL ratio > 3.0,False
G0S2_13343,G0S2_13343,,,,,"0.0,0.1,1.0,10.0","12,3,3,3","0.4060164296359874,0.7166616874821595,0.4718285987158224,0.5494861984942255","-0.05413525511493772,-1.167714617950706,-2.259405673213368,-2.662464697129044",3,Hill,1.0 Standard Deviation,Normal + Constant variance,Down (↓),0.95,0.01,0,frequentist_restricted,0.013313018847483416,0.027842709917076398,0.07487582968992708,32.32201081015397,-12.161005405076983,1.7348220626711708e-07,0.7978180785452397,0.7978180785452397,0.7115052237585775,1.0,0.017213728598939007,0.017213728598939007,True,Recommended - Lowest AIC,"lowest dose/BMDL ratio > 3.0
lowest dose/BMD ratio > 3.0",False
G3BP1_93286,G3BP1_93286,,,,,"0.0,0.1,1.0,10.0","12,3,3,3","0.30992379954771665,0.2632314833942223,0.2347486148327894,0.4578518828192763","-0.029757522828148322,-0.2280565951096503,-0.6070947349529624,-1.1369859543574095",3,Hill,1.0 Standard Deviation,Normal + Constant variance,Down (↓),0.95,0.01,0,frequentist_restricted,0.08689511392058606,0.3259674551751158,1.0362641178563443,15.384413146157602,-3.6922065730788014,0.0005077931770657296,0.6349428731702544,0.6349428731702544,0.5975729554384737,1.0,-0.46637341033893565,0.17251499923138366,True,Recommended - Lowest AIC,BMD/BMDL ratio > 3.0,False
GADD45A_2569,GADD45A_2569,,,,,"0.0,0.1,1.0,10.0","12,3,3,3","0.23363148566905198,0.38507714527800724,0.9539484419560509,0.3882185649629135","-0.017279643115024935,0.3450428107328482,0.47314752850212294,0.9428655207872119",5,Exponential 5,1.0 Standard Deviation,Normal + Nonconstant variance,Up (↑),0.95,0.01,0,frequentist_restricted,0.06113469963395393,0.11741459369659424,0.41579827873667013,22.38895908315678,-6.19447954157839,0.0007618873604402499,0.01449141939924925,0.17262329533369192,0.45600352905040964,1.0,0.5467236898517585,-0.4578953875606776,True,Recommended - Lowest AIC,,False
GAS6_27253,GAS6_27253,,,,,"0.0,0.1,1.0,10.0","12,3,3,3","0.31768466805890727,0.21420761036534264,0.3951475041008333,0.582333389909414","-0.032974920002258705,-0.058033089594738484,0.7777862241580827,0.681454860604093",3,Hill,1.0 Standard Deviation,Normal + Constant variance,Up (↑),0.95,0.01,0,frequentist_restricted,0.10224424154447087,0.30253888209410695,0.9124288967168971,20.292972655511452,-6.146486327755726,0.004188488502244403,0.41949182529354057,0.41949182529354057,0.7011827704628644,1.0,-0.1070837643193513,0.05354184971835434,True,Recommended - Lowest AIC,,False
GATAD1_13838,GATAD1_13838,,,,,"0.0,0.1,1.0,10.0","12,3,3,3","0.28601880722531925,0.12936956558126486,0.327964954004927,0.12866876761998913","-0.026077571495342927,0.23878175739135896,0.6163112230443492,1.0753905220743665",3,Hill,1.0 Standard Deviation,Normal + Constant variance,Up (↑),0.95,0.01,0,frequentist_restricted,0.05227605697671073,0.18335476959978758,0.8674597105454152,7.929412571966204,0.03529371401689785,7.238216501392891e-06,0.1347627089931438,0.1347627089931438,0.38175241253933745,1.0,0.7299215373003337,-0.24715605889581754,True,Recommended - Lowest BMDL,BMD/BMDL ratio > 3.0,False
GFOD1_28179,GFOD1_28179,,,,,"0.0,0.1,1.0,10.0","12,3,3,3","0.5652625339295448,0.3421442758241939,0.2808331358315235,0.5527902456461641","-0.09205597071539945,-0.2622658052336478,-0.32269378695919304,-1.7267868845240626",3,Hill,1.0 Standard Deviation,Normal + Constant variance,Down (↓),0.95,0.01,0,frequentist_restricted,0.537482757620027,2.243307492709489,9.601932265510364,35.57369498053643,-13.786847490268213,0.0010127424018990805,0.29218345336683216,0.29218345336683216,0.6206623420230553,1.0,0.053089722900941376,0.19827751991227552,True,Recommended - Lowest BMDL,BMD/BMDL ratio > 3.0,False
GGT1_27266,GGT1_27266,,,,,"0.0,0.1,1.0,10.0","12,3,3,3","0.329043766667437,0.19892990782614198,0.41709449738747284,0.4365432710180784","-0.0345966519479969,0.3235898670028136,0.8564430886225337,1.0655751138758653",3,Hill,1.0 Standard Deviation,Normal + Constant variance,Up (↑),0.95,0.01,0,frequentist_restricted,0.024695019176532197,0.08549967508417852,0.4233969072331145,18.229084199823994,-5.114542099911997,0.0003297937656533412,0.5950883852414491,0.5950883852414491,0.8846267193953735,1.0,0.06790310779756474,-0.014385922045576914,True,Recommended - Lowest AIC,"lowest dose/BMDL ratio > 3.0
BMD/BMDL ratio > 3.0",False
GIPC1_24459,GIPC1_24459,,,,,"0.0,0.1,1.0,10.0","12,3,3,3","0.4581009947447589,0.09784895229696632,0.46434355635697666,0.27369435959935573","-0.06197893624885683,-0.29297932137136135,-0.3879454080569744,-0.8153789424140226",0,Linear,1.0 Standard Deviation,Normal + Nonconstant variance,Down (↓),0.95,0.01,1,frequentist_unrestricted,3.1021349349509357,4.794988632202148,-9999.0,25.826491836923978,-10.913245918461989,0.010399812687374665,0.041326057286170226,0.060157048159892756,0.17369570847016014,4.0,-1.2902651481697867,-0.5276895155059992,True,Recommended - Lowest AIC,,False
GJB2_2653,GJB2_2653,,,,,"0.0,0.1,1.0,10.0","12,3,3,3","0.49895500112037827,0.829835783378961,0.3112761327322113,0.9281711553319114","-0.07594045453779273,-0.48060094378934387,-0.5485647202968126,-1.7147677261364418",3,Hill,1.0 Standard Deviation,Normal + Constant variance,Down (↓),0.95,0.01,0,frequentist_restricted,0.25341128010381153,1.2583394429327546,9.66209045923442,42.41469451825894,-17.20734725912947,0.00397058245507298,0.28933561684476206,0.28933561684476206,0.3140315896301602,1.0,0.15273433678902615,0.3823204798591954,True,Recommended - Lowest BMDL,BMD/BMDL ratio > 3.0,False
GLDC_90919,GLDC_90919,,,,,"0.0,0.1,1.0,10.0","12,3,3,3","0.3727013349000136,0.2833349025159873,0.4106562967889812,0.28440310624161647","-0.04648793194466516,-0.34836242298333,-0.20727856723176563,-0.9161476220760627",3,Hill,1.0 Standard Deviation,Normal + Constant variance,Down (↓),0.95,0.01,0,frequentist_restricted,0.3993516394634272,2.754911291140905,9.89624414888572,21.942916725932747,-6.971458362966374,0.026937983040544955,0.7207450217536236,0.7207450217536236,0.1745045962068994,1.0,0.1538364891791199,0.5294976301308669,True,Recommended - Lowest BMDL,BMD/BMDL ratio > 3.0,False
GLIDR_4155,GLIDR_4155,,,,,"0.0,0.1,1.0,10.0","12,3,3,3","0.3131396638050786,0.37920312607246554,0.2534759299784665,0.5906107972799699","-0.030578525741399503,0.25220947686270895,0.41806734565647274,0.6025240046037369",0,Linear,1.0 Standard Deviation,Normal + Constant variance,Up (↑),0.95,0.01,1,frequentist_unrestricted,3.7334989182016014,6.397724151611328,22.112670293293167,22.243310590828187,-8.121655295414094,0.06691760199745689,0.5083218675401964,0.5083218675401964,0.12883939146088896,2.0,-0.14751186529742943,-1.0370309272957936,True,Recommended - Lowest AIC,,False
GMDS_16555,GMDS_16555,,,,,"0.0,0.1,1.0,10.0","12,3,3,3","0.28992562948252404,0.48150898012164633,0.4279215985720744,1.2638473321588815","-0.02638817950139495,0.03987522284021868,-0.43375648226825064,-1.4493074637360912",1,Polynomial 2,1.0 Standard Deviation,Normal + Nonconstant variance,Down (↓),0.95,0.01,2,frequentist_restricted,1.4456646114460014,1.8308818340301514,6.641868536788732,27.334117822077964,-9.667058911038982,0.0001262344589820774,0.0069506271440737954,0.514888891063736,0.6400350120210936,2.0,-0.8273480589798364,-0.3633880652727572,True,Recommended - Lowest AIC,,False
GMPPB_13520,GMPPB_13520,,,,,"0.0,0.1,1.0,10.0","12,3,3,3","0.13229547511369205,0.1279412481204194,0.14530480820310507,0.1328123399017746","-0.005584325389403772,-0.15686109945139565,-0.10566663617420548,-0.6192165203433987",0,Linear,1.0 Standard Deviation,Normal + Constant variance,Down (↓),0.95,0.01,1,frequentist_unrestricted,1.6453098744160313,2.21895694732666,3.3466462487793693,-20.151296373081102,13.075648186540551,5.250366549724994e-05,0.9715049256829391,0.9715049256829391,0.19408271944637345,2.0,-0.14382267794213158,0.8217517888443684,True,Recommended - Lowest AIC,,False
GNB1L_89611,GNB1L_89611,,,,,"0.0,0.1,1.0,10.0","12,3,3,3","0.4181765195593864,0.42029385186128615,0.36591811988610756,0.4736797006959299","-0.050704832674056594,-0.10751125245465941,-0.024742839573178427,-1.1954680457486833",1,Polynomial 2,1.0 Standard Deviation,Normal + Constant variance,Down (↓),0.95,0.01,2,frequentist_restricted,2.367316437399475,5.75869083404541,7.5682044406577775,24.780699892434107,-9.390349946217054,0.01273186336426968,0.9352932584262937,0.9352932584262937,0.9533646622466776,2.0,-0.0018364878849252708,0.030088590328730954,True,Recommended - Lowest AIC,,False
GNB1_33698,GNB1_33698,,,,,"0.0,0.1,1.0,10.0","12,3,3,3","0.4020058758579908,0.7058079259931895,0.20347324178843368,0.5425479913525358","-0.054631202753239606,-0.026947045596256308,-0.5210282311114448,-0.8836357192019443",0,Linear,1.0 Standard Deviation,Normal + Constant variance,Down (↓),0.95,0.01,1,frequentist_unrestricted,3.2895871989711987,5.287644863128662,13.341890069294706,29.903458631961342,-11.951729315980671,0.033928094552168386,0.27015864541924595,0.27015864541924595,0.32234148637797455,2.0,-1.3477625607635522,0.4286627271508968,True,Recommended - Lowest AIC,,False
GNPDA1_28283,GNPDA1_28283,,,,,"0.0,0.1,1.0,10.0","12,3,3,3","0.1624566329997231,0.26731031633256735,0.33721098410008765,1.2264175033419302","-0.008348297235674589,-0.008326092487005443,-0.3480763918417229,-1.2582961903728436",0,Linear,1.0 Standard Deviation,Normal + Nonconstant variance,Down (↓),0.95,0.01,1,frequentist_unrestricted,1.1237032382927727,1.152099370956421,1.1806434510130361,8.026834259189833,-0.013417129594917032,4.1001942308049877e-07,1.631314664385375e-05,0.44394426731855086,0.8476174770172733,2.0,-0.8336350021781622,-0.2692629629798438,True,Recommended - Lowest AIC,,False
GOLGA6L22_33987,GOLGA6L22_33987,,,,,"0.0,0.1,1.0,10.0","12,3,3,3","0.9904663984234554,0.8225171466384357,0.4274142126718259,1.4727188157637394","-0.23182856571422775,0.1133778199932368,1.1220777463839962,1.0492837509834985",2,Power,1.0 Standard Deviation,Normal + Constant variance,Up (↑),0.95,0.01,0,frequentist_restricted,4.488633943774176,8.718494142162665,146.96490726743664,65.18473519852888,-29.592367599264442,0.07356803175559679,0.2360804869762767,0.2360804869762767,0.12147799595013953,2.0,-0.17552059831887123,-0.8592721072037273,True,Recommended - Lowest AIC,,False
GPR162_14385,GPR162_14385,,,,,"0.0,0.1,1.0,10.0","12,3,3,3","0.6372383815171554,0.8621962828116664,0.48421959318816826,1.2672264244930833","-0.12344343958072974,-0.3845331957004385,0.27359757364774673,-2.253439545634802",1,Polynomial 2,1.0 Standard Deviation,Normal + Constant variance,Down (↓),0.95,0.01,2,frequentist_restricted,2.5106905226507243,5.712200403213501,7.477764750605896,50.74038777001635,-22.370193885008174,0.002243900275482824,0.39709307772041236,0.39709307772041236,0.4704397234922122,2.0,-0.009622774666831492,-0.1264602542503852,True,Recommended - Lowest AIC,,False
GSPT1_12262,GSPT1_12262,,,,,"0.0,0.1,1.0,10.0","12,3,3,3","0.3552677886336155,0.3251028354824756,0.39651403039966515,0.1433585391206092","-0.03897526040824478,0.026115246848008995,-0.01789520839507308,-0.7392993247463808",0,Linear,1.0 Standard Deviation,Normal + Constant variance,Down (↓),0.95,0.01,1,frequentist_unrestricted,2.820043488858221,4.271025657653809,8.69622990760486,16.042105446005994,-5.021052723002997,0.024704878511112027,0.30511092874046175,0.30511092874046175,0.8606085816882668,2.0,0.37574388065345155,-0.2971899823559282,True,Recommended - Lowest BMDL,,False
GSS_2814,GSS_2814,,,,,"0.0,0.1,1.0,10.0","12,3,3,3","0.21779783358877886,0.3932193760888456,0.35724733538554687,0.37033755572262855","-0.014774142132901078,-0.20961339555179745,0.25041344129126736,0.7597619094236648",2,Power,1.0 Standard Deviation,Normal + Constant variance,Up (↑),0.95,0.01,0,frequentist_restricted,2.3892478243689963,3.4484456917764716,9.698511172346207,11.37290159819247,-2.686450799096235,0.0035900849489445275,0.6727340878008345,0.6727340878008345,0.1972877705998899,2.0,1.2042621279307106,0.07247308894063086,True,Recommended - Lowest AIC,,False
GSTA4_88791,GSTA4_88791,,,,,"0.0,0.1,1.0,10.0","12,3,3,3","0.5263861925488956,0.43627609153595404,0.17507433327818975,0.8887151392056215","-0.08991688359643824,0.47528483260965926,0.023477837644024807,1.5940920183632539",4,Exponential 3,1.0 Standard Deviation,Normal + Constant variance,Up (↑),0.95,0.01,0,frequentist_restricted,5.693706159134334,7.494454979896545,8.934378840594018,38.697870980194196,-16.348935490097098,0.0003720544394960612,0.09419451042020244,0.09419451042020244,0.22885997667613966,2.0,-0.00013967116519448248,-0.7406613857093423,True,Recommended - Lowest AIC,,False
GTPBP3_91046,GTPBP3_91046,,,,,"0.0,0.1,1.0,10.0","12,3,3,3","0.6522485764183157,0.23836970511521807,0.22934768652274035,0.6465143996354338","-0.1261464580404437,0.06004700264106297,-0.07472492678126906,-1.0368098426390606",1,Polynomial 2,1.0 Standard Deviation,Normal + Constant variance,Down (↓),0.95,0.01,2,frequentist_restricted,3.42260274866018,7.437539100646973,14.209096681267216,38.644877630686196,-16.322438815343098,0.019469777770632746,0.0515525689657691,0.0515525689657691,0.8573272419515361,2.0,-0.0006984246874536719,-0.2709186989161367,True,Recommended - Lowest AIC,,False
GUCY1A2_18427,GUCY1A2_18427,,,,,"0.0,0.1,1.0,10.0","12,3,3,3","0.639773414970754,0.3646920297857024,0.27380794095835276,0.2800961439923354","-0.1182084272140963,-0.46224655577306467,1.4820711219752891,1.0812610579574642",3,Hill,1.0 Standard Deviation,Normal + Constant variance,Up (↑),0.95,0.01,0,frequentist_restricted,0.11214502968413725,0.308376493336908,0.9119232216467492,39.83968011496482,-15.91984005748241,4.7066075229529325e-05,0.07033385591111552,0.07033385591111552,0.15048776024810206,1.0,-0.9231262566512276,0.46156311300236064,True,Recommended - Lowest AIC,,False
GUCY1B1_11762,GUCY1B1_11762,,,,,"0.0,0.1,1.0,10.0","12,3,3,3","0.47978954310879346,0.2668454996795249,0.4390066412647357,0.3371153897357983","-0.08023415688859388,-0.30030766023241773,-0.3534500872579591,0.8110690012168771",1,Polynomial 2,1.0 Standard Deviation,Normal + Constant variance,Up (↑),0.95,0.01,2,frequentist_restricted,3.02893014925167,6.499456167221069,9.191927643411802,28.24496759914919,-11.122483799574596,0.018029254443386544,0.42917474525803767,0.42917474525803767,0.45093193446323665,2.0,0.008463015526716692,0.7040221020408698,True,Recommended - Lowest AIC,,False
GUSB_19359,GUSB_19359,,,,,"0.0,0.1,1.0,10.0","12,3,3,3","0.35633650348104107,0.18264150722932365,0.38918243975560624,0.9469971551216116","-0.037025683549708685,0.4112538392170211,0.5258908820397029,1.0156062181403118",5,Exponential 5,1.0 Standard Deviation,Normal + Nonconstant variance,Up (↑),0.95,0.01,0,frequentist_restricted,0.13340253978655559,0.595528781414032,6.895579372331321,31.29810836461801,-10.649054182309005,0.0015667743366399867,0.038800247061568593,0.05615457713682326,0.20701065396716278,1.0,-0.034903366027868615,-0.7880062598492554,True,Recommended - Lowest BMDL,BMD/BMDL ratio > 3.0,False
GZF1_88131,GZF1_88131,,,,,"0.0,0.1,1.0,10.0","12,3,3,3","0.3327230019242284,0.7111874039522281,0.23785743823406943,0.4246852413581062","-0.033834726002642194,0.058345395222181295,-0.25970137657748976,-1.2786295076797725",0,Linear,1.0 Standard Deviation,Normal + Constant variance,Down (↓),0.95,0.01,1,frequentist_unrestricted,2.0667579776968585,2.889089584350586,4.726343521181484,23.02996153645841,-8.514980768229204,0.0008089935354369526,0.2778955334955404,0.2778955334955404,0.7841119036256736,2.0,-0.48924994793662685,-0.021849032736812858,True,Recommended - Lowest AIC,,False
H2AC21_18134,H2AC21_18134,,,,,"0.0,0.1,1.0,10.0","12,3,3,3","0.6318226612971772,0.7224610655400395,0.19517010595002798,0.2794259243847055","-0.12181159459468464,0.07920827215337937,0.7172520892901888,1.4281187961425827",3,Hill,1.0 Standard Deviation,Normal + Constant variance,Up (↑),0.95,0.01,0,frequentist_restricted,0.09125287152454112,0.44325676535697517,2.3885776457633203,40.11245716392085,-16.056228581960426,0.0005760992700866163,0.05476626538829854,0.05476626538829854,0.880697188263562,1.0,0.13273791664774426,-0.04887239187021021,True,Recommended - Lowest BMDL,BMD/BMDL ratio > 3.0,False
HBP1_90275,HBP1_90275,,,,,"0.0,0.1,1.0,10.0","12,3,3,3","0.39060730234051455,0.22127520712062249,0.12368464116907987,0.4334051205256079","-0.049756376213489585,0.46569543791158746,0.712481392262065,1.137143928702758",3,Hill,1.0 Standard Deviation,Normal + Constant variance,Up (↑),0.95,0.01,0,frequentist_restricted,0.010919051079170876,0.06611529778668608,0.5354312507379395,21.53072960480769,-6.765364802403845,6.845056966919838e-05,0.09719302345717273,0.09719302345717273,0.2237372881906663,1.0,0.38483519653290044,-0.06029319757024326,True,Recommended - Lowest AIC,"lowest dose/BMDL ratio > 3.0
BMD/BMDL ratio > 3.0",False
HDAC6_90749,HDAC6_90749,,,,,"0.0,0.1,1.0,10.0","12,3,3,3","0.5450430511083006,0.39623356187862563,0.25998932346931386,0.6238225333087919","-0.10102007927967538,0.07775944376052694,0.6363582492554533,0.8137348378610579",0,Linear,1.0 Standard Deviation,Normal + Constant variance,Up (↑),0.95,0.01,1,frequentist_unrestricted,3.6265498629760673,6.11713171005249,19.319198731541597,37.58902642265146,-15.794513211325729,0.03540133123591083,0.33993842619694914,0.33993842619694914,0.11276269457183796,2.0,-0.1785436703719397,-0.8670636985362845,True,Recommended - Lowest AIC,,False
HEBP1_2919,HEBP1_2919,,,,,"0.0,0.1,1.0,10.0","12,3,3,3","0.6759520115164733,0.6990442839223708,0.41916109004053137,0.5605447305167545","-0.12874183262570318,0.6430270099619849,0.36963614060721794,0.9481093054146544",0,Linear,1.0 Standard Deviation,Normal + Constant variance,Up (↑),0.95,0.01,1,frequentist_unrestricted,3.942331399712306,6.979556083679199,30.042831348803418,46.709080436248,-20.354540218124,0.100174077423697,0.6128898892649445,0.6128898892649445,0.12032618749926283,2.0,-0.0743628455228652,-1.0339201899720483,True,Recommended - Lowest AIC,,False
HEXA_2929,HEXA_2929,,,,,"0.0,0.1,1.0,10.0","12,3,3,3","0.3886341378684042,0.40910983439419624,0.7296866469389501,0.6923858042203184","-0.047818479413259,0.033035269053673655,0.4169455531112091,1.1242171715180662",3,Hill,1.0 Standard Deviation,Normal + Constant variance,Up (↑),0.95,0.01,0,frequentist_restricted,0.18558798051779107,0.914224045877386,9.573960222634923,32.87927166942626,-12.43963583471313,0.017797125373718248,0.548621764169021,0.548621764169021,0.9576412125619891,1.0,-0.010749702702806166,-0.01949607110194007,True,Recommended - Lowest BMDL,BMD/BMDL ratio > 3.0,False
HHEX_17934,HHEX_17934,,,,,"0.0,0.1,1.0,10.0","12,3,3,3","0.5369411397109531,0.7150543273453693,0.5126504366525164,0.6035299507162324","-0.10295658670452619,-0.018837504191331567,-0.10012752110824515,-1.3103800996709083",1,Polynomial 2,1.0 Standard Deviation,Normal + Constant variance,Down (↓),0.95,0.01,2,frequentist_restricted,2.7828201201787324,6.455906629562378,9.084265017705738,37.326580262434504,-15.663290131217254,0.07213417523755616,0.9533533434493323,0.9533533434493323,0.9677424502946619,2.0,2.7240920910649174e-05,-0.11240320511167305,True,Recommended - Lowest AIC,,False
HNRNPA1_93310,HNRNPA1_93310,,,,,"0.0,0.1,1.0,10.0","12,3,3,3","0.6413482756166505,0.6678328537517734,0.29306996020118153,0.32263876277000697","-0.1479252392405255,-0.21026312819944534,-0.04263007998167231,1.04134447611473",0,Linear,1.0 Standard Deviation,Normal + Constant variance,Up (↑),0.95,0.01,1,frequentist_unrestricted,2.868721136449187,4.370641708374023,9.067408808876719,38.6111083345831,-16.30555416729155,0.01932267232050633,0.17964524004590943,0.17964524004590943,0.976264614291324,2.0,-0.000821672916999891,0.09747351548610551,True,Recommended - Lowest AIC,,False
HNRNPA2B1_3054,HNRNPA2B1_3054,,,,,"0.0,0.1,1.0,10.0","12,3,3,3","0.45802629031771674,0.15119776044161504,0.4721866207527811,0.41449359901976496","-0.06470834653243435,0.4302704796181771,-0.1200612268423608,1.1204044118908278",1,Polynomial 2,1.0 Standard Deviation,Normal + Constant variance,Up (↑),0.95,0.01,2,frequentist_restricted,2.6898565481170538,6.18419885635376,8.455545853144748,29.690523121131452,-11.845261560565726,0.0015599011691765918,0.1977927918699368,0.1977927918699368,0.13656749424216352,2.0,0.005451406224655126,-0.5833187795996396,True,Recommended - Lowest AIC,,False
HNRNPF_3064,HNRNPF_3064,,,,,"0.0,0.1,1.0,10.0","12,3,3,3","0.24925825388059195,0.24910454008151287,0.08111212762299223,0.25451961728471656","-0.02061728258656351,-0.1484791337519756,0.09851169629573266,-0.6045030401346213",1,Polynomial 2,1.0 Standard Deviation,Normal + Constant variance,Down (↓),0.95,0.01,2,frequentist_restricted,2.817957495313464,6.1928534507751465,8.470494686047793,2.6067049808447895,1.6966475095776052,0.0036023246756760052,0.1992757243295924,0.1992757243295924,0.36460889547017605,2.0,-0.009641494806013794,0.01059935810426788,True,Recommended - Lowest AIC,,False
HOXA11_22028,HOXA11_22028,,,,,"0.0,0.1,1.0,10.0","12,3,3,3","1.1033373009902046,1.054128462588226,0.8815193495112291,0.5324506712275212","-0.24330161748094256,-0.5403500086154779,-1.1436717450221554,-2.012948574546486",3,Hill,1.0 Standard Deviation,Normal + Constant variance,Down (↓),0.95,0.01,0,frequentist_restricted,0.06809561991099969,1.0057717874682768,966.3123117699298,64.10537409613602,-28.052687048068012,0.08584241207956378,0.39073004030858716,0.39073004030858716,0.8076486646165726,1.0,0.07280867307510525,0.08116701837708298,True,Recommended - Lowest BMDL,BMD/BMDL ratio > 3.0,False
HPCA_26095,HPCA_26095,,,,,"0.0,0.1,1.0,10.0","12,3,3,3","1.0461344787942122,0.8436365265169699,0.7517132006780997,0.8710377820492763","-0.338391568345523,-0.22619792470977396,0.9548287914932153,1.4724709890860241",0,Linear,1.0 Standard Deviation,Normal + Constant variance,Up (↑),0.95,0.01,1,frequentist_unrestricted,3.4088612835664067,5.572195053100586,15.093888169549178,63.71398678118635,-28.856993390593175,0.05952998270568277,0.6584020906256067,0.6584020906256067,0.1583329775670883,2.0,-0.16756008171558331,-0.6787634132931711,True,Recommended - Lowest AIC,,False
HPF1_17501,HPF1_17501,,,,,"0.0,0.1,1.0,10.0","12,3,3,3","0.30311115694745194,0.4456731687401531,0.2535775087547134,0.4034273027037432","-0.028410724232604503,-0.1234196186915078,0.23648982398509535,0.7439562290871656",0,Linear,1.0 Standard Deviation,Normal + Constant variance,Up (↑),0.95,0.01,1,frequentist_unrestricted,2.6656694129110416,3.965463638305664,7.643670850354427,16.1761539439393,-5.088076971969651,0.02651321928861139,0.8039518242677148,0.8039518242677148,0.4816591373343815,2.0,0.9877970230317342,-0.12720004702488036,True,Recommended - Lowest BMDL,,False
HPS3_11822,HPS3_11822,,,,,"0.0,0.1,1.0,10.0","12,3,3,3","0.19931078302686187,0.46855970061242563,0.35576360465012974,0.46919486361378787","-0.012538911047052766,0.32520601445404534,0.04659208832025091,0.6924652088425836",0,Linear,1.0 Standard Deviation,Normal + Constant variance,Up (↑),0.95,0.01,1,frequentist_unrestricted,2.971346962806974,4.582982063293457,9.909969858530971,14.531704843700547,-4.265852421850274,0.009045944148962648,0.23832847680586622,0.23832847680586622,0.18218518572665476,2.0,-0.35281518372134496,-0.64067959231263,True,Recommended - Lowest AIC,,False
HSPA8_93357,HSPA8_93357,,,,,"0.0,0.1,1.0,10.0","12,3,3,3","0.32517973105370224,0.5435905088102992,0.3294045414595494,0.26364212415770993","-0.03192366628676136,-0.006395149353008445,-0.5282623598314297,-1.1631829605986395",0,Linear,1.0 Standard Deviation,Normal + Constant variance,Down (↓),0.95,0.01,1,frequentist_unrestricted,2.1953502424445266,3.107309341430664,5.237715163050965,20.922245332474517,-7.461122666237258,0.0011228392008492127,0.6323429632384978,0.6323429632384978,0.16698923879219463,2.0,-1.6685515178762715,0.5289384647938314,True,Recommended - Lowest AIC,,False
HSPD1_92838,HSPD1_92838,,,,,"0.0,0.1,1.0,10.0","12,3,3,3","0.8969756497202798,0.5979091789046719,0.6546888290421893,0.5154907947984152","-0.2049176597729846,-0.48062218399273743,-1.4125939147084337,-2.6509180123081033",3,Hill,1.0 Standard Deviation,Normal + Constant variance,Down (↓),0.95,0.01,0,frequentist_restricted,0.11765630412282103,0.44939701363576323,2.0731932425499235,53.95514035108798,-22.97757017554399,0.0011627655218744426,0.3562672335931011,0.3562672335931011,0.8693009978276072,1.0,-0.1474809751318437,0.05633372553295485,True,Recommended - Lowest BMDL,BMD/BMDL ratio > 3.0,False
IDH3B_11112,IDH3B_11112,,,,,"0.0,0.1,1.0,10.0","12,3,3,3","0.31673263931586537,0.7272132542792394,0.6942782125365613,0.21329478022917664","-0.03116776617954505,-0.15825810757271183,0.6387578938317977,0.2761060178635513",3,Hill,1.0 Standard Deviation,Normal + Constant variance,Up (↑),0.95,0.01,0,frequentist_restricted,0.10536823597501971,0.33481731120721275,-9999.0,29.680097696044164,-10.840048848022082,0.033186599754336465,0.09986540466080418,0.09986540466080418,0.22264187408993086,1.0,-0.4343308265395698,0.21716541056804511,True,Recommended - Lowest AIC,BMD/BMDL ratio > 3.0,False
IFIT1_3219,IFIT1_3219,,,,,"0.0,0.1,1.0,10.0","12,3,3,3","0.260075148895792,0.6482979785386087,0.24123946273934851,0.5449257777505493","-0.02115796249072373,-0.3648621411615625,-0.3155022154651312,-1.149722261655976",3,Hill,1.0 Standard Deviation,Normal + Constant variance,Down (↓),0.95,0.01,0,frequentist_restricted,0.29370794796578253,1.3100208769896884,9.6369456582749,23.167332797562686,-7.583666398781343,0.0007194173438229701,0.1510741391318906,0.1510741391318906,0.15096354176118298,1.0,0.199430714008368,0.5444473643871028,True,Recommended - Lowest BMDL,BMD/BMDL ratio > 3.0,False
IFNAR2_10770,IFNAR2_10770,,,,,"0.0,0.1,1.0,10.0","12,3,3,3","0.6665198335767684,1.0055753337141335,0.6302078775125552,0.4288321274610056","-0.13089624571411254,-0.5628074377666414,0.08754464073969093,-1.1893619954574302",1,Polynomial 2,1.0 Standard Deviation,Normal + Constant variance,Down (↓),0.95,0.01,2,frequentist_restricted,3.865366099779858,7.952768802642822,19.734445814677894,47.25093743804386,-20.62546871902193,0.14762371497021842,0.538635972877946,0.538635972877946,0.41976921249041477,2.0,-0.006942191420028894,0.18384409487705944,True,Recommended - Lowest AIC,,False
IFRD2_3246,IFRD2_3246,,,,,"0.0,0.1,1.0,10.0","12,3,3,3","0.738710126553569,0.3659693231853776,0.8016794607434815,0.6327133372859267","-0.15098696936961806,-0.28722168202613835,-0.6410144752368515,-1.3399989366224656",3,Hill,1.0 Standard Deviation,Normal + Constant variance,Down (↓),0.95,0.01,0,frequentist_restricted,0.12211097011691793,1.5180335519918757,-9999.0,48.270475368163424,-20.135237684081712,0.11465184033853004,0.4377580316770284,0.4377580316770284,0.8715384127360294,1.0,0.034667178814777606,0.05866596075605696,True,Recommended - Lowest BMDL,BMD/BMDL ratio > 3.0,False
IGFBP2_21122,IGFBP2_21122,,,,,"0.0,0.1,1.0,10.0","12,3,3,3","0.2856135040051295,0.5129415227475347,0.35416820914835334,0.14152817987049593","-0.025494168378498838,-0.4160912567787926,-0.8259407901466297,-1.277245975030346",3,Hill,1.0 Standard Deviation,Normal + Constant variance,Down (↓),0.95,0.01,0,frequentist_restricted,0.030123722671725507,0.11723140381035374,0.5011440143211644,16.02132189902282,-4.01066094951141,2.2804388456476588e-05,0.24885969266645613,0.24885969266645613,0.3079062573748983,1.0,-0.6838348137095767,0.18938480466019145,True,Recommended - Lowest AIC,"lowest dose/BMDL ratio > 3.0
BMD/BMDL ratio > 3.0",False
IGFLR1_91376,IGFLR1_91376,,,,,"0.0,0.1,1.0,10.0","12,3,3,3","0.9091391874647765,0.5300319317534454,0.553967544291753,0.31217704114333256","-0.23868377100780716,0.0602662265602718,-0.02238079088328759,-1.5248485700084853",1,Polynomial 2,1.0 Standard Deviation,Normal + Constant variance,Down (↓),0.95,0.01,2,frequentist_restricted,3.3600628757497066,7.219544053077698,12.187341590349622,51.53256337562907,-22.766281687814534,0.019897177702646318,0.0826087234564511,0.0826087234564511,0.7525605228496859,2.0,-0.003490987064552427,-0.4258146237743305,True,Recommended - Lowest AIC,,False
IL17RC_19302,IL17RC_19302,,,,,"0.0,0.1,1.0,10.0","12,3,3,3","0.6524146813305999,0.20046442464428665,0.3434523830448032,0.6637258375429715","-0.13605737323336645,0.23685767423056223,0.2481147437040315,1.3819109472294704",3,Hill,1.0 Standard Deviation,Normal + Constant variance,Up (↑),0.95,0.01,0,frequentist_restricted,0.30572440887893215,1.6278072873207252,9.79009853141704,41.79299743818833,-16.896498719094165,0.0020847776110647365,0.08126576054805401,0.08126576054805401,0.3343889388226823,1.0,-0.1330260279399998,-0.3719000405602785,True,Recommended - Lowest BMDL,BMD/BMDL ratio > 3.0,False
IL17RD_25048,IL17RD_25048,,,,,"0.0,0.1,1.0,10.0","12,3,3,3","0.6627946110385349,0.6321885624228049,0.5143691958354725,0.2061913433632195","-0.1306264601381758,-0.3126764188877869,1.2800692107010347,0.7328476806888634",3,Hill,1.0 Standard Deviation,Normal + Constant variance,Up (↑),0.95,0.01,0,frequentist_restricted,0.10782911080351582,0.3088191747249264,0.9269532945679276,43.83688638114842,-17.91844319057421,0.002574681463259232,0.1502417481166345,0.1502417481166345,0.19144690706344647,1.0,-0.44413256688833813,0.2220662750603951,True,Recommended - Lowest AIC,,False
IL18R1_28357,IL18R1_28357,,,,,"0.0,0.1,1.0,10.0","12,3,3,3","0.7152465444142002,0.43134933027078487,0.4257623996178373,0.9432461486800976","-0.17501215091007857,-0.1454630752083809,0.2878021676897054,1.1043918822285388",0,Linear,1.0 Standard Deviation,Normal + Constant variance,Up (↑),0.95,0.01,1,frequentist_unrestricted,3.1875121958338775,5.055114030838013,12.0842443000479,46.41314994910026,-20.20657497455013,0.05955248532594626,0.33984294956157957,0.33984294956157957,0.6989462048745865,2.0,0.7741675891616904,-0.29772757559904817,True,Recommended - Lowest AIC,,False
IMPDH1_92511,IMPDH1_92511,,,,,"0.0,0.1,1.0,10.0","12,3,3,3","0.36225846729787653,0.4602688561074172,0.5690212074213797,0.5128346058345115","-0.040843424747568226,-0.14372377843994702,-0.1001644832286221,-1.3618907743402522",0,Linear,1.0 Standard Deviation,Normal + Constant variance,Down (↓),0.95,0.01,1,frequentist_unrestricted,2.0870358490718455,2.923218011856079,4.804204477962404,25.286723105455042,-9.643361552727521,0.0039407614699066285,0.9127044458817171,0.9127044458817171,0.8729759514938766,2.0,0.3429413401144051,0.03739659644917023,True,Recommended - Lowest AIC,,False
ING3_16341,ING3_16341,,,,,"0.0,0.1,1.0,10.0","12,3,3,3","0.25433279760652383,0.09762466808771833,0.2867287030545809,0.16595407324586056","-0.020824390891524876,0.06492000825256973,0.048977287140104096,0.6157424166103765",2,Power,1.0 Standard Deviation,Normal + Constant variance,Up (↑),0.95,0.01,0,frequentist_restricted,2.3885901805481184,3.447221162287347,9.729309620724191,0.9222088748873816,2.538895562556309,0.003138025918276055,0.18915012971418,0.18915012971418,0.8451119717219948,2.0,-0.05594915407298915,-0.23471755747274023,True,Recommended - Lowest AIC,,False
INO80B_33691,INO80B_33691,,,,,"0.0,0.1,1.0,10.0","12,3,3,3","0.4669616886097531,0.31248950487594873,0.5414263116354884,0.9696791460537786","-0.06288908011723765,0.02761181203903011,0.0021795873411046274,0.7922840418870086",0,Linear,1.0 Standard Deviation,Normal + Constant variance,Up (↑),0.95,0.01,1,frequentist_unrestricted,3.519114375185704,5.841267108917236,17.014098429827026,35.79228128656352,-14.896140643281761,0.1125134330656874,0.2689691607793163,0.2689691607793163,0.9607273082112012,2.0,0.00805892200191021,-0.0765783514994356,True,Recommended - Lowest AIC,,False
INPP1_29011,INPP1_29011,,,,,"0.0,0.1,1.0,10.0","12,3,3,3","0.5995987582980047,0.282453678605798,0.42422915289205404,0.5936268604855137","-0.11337057028435797,0.004752433789070902,0.30909394250543626,0.9041955566611977",3,Hill,1.0 Standard Deviation,Normal + Constant variance,Up (↑),0.95,0.01,0,frequentist_restricted,0.12736928668783165,1.2946981257895371,9.970756843529605,38.22905425591711,-15.114527127958556,0.05999973523366264,0.32990183462088196,0.32990183462088196,0.85849418163974,1.0,-0.03858226403231627,-0.0645544867039383,True,Recommended - Lowest BMDL,BMD/BMDL ratio > 3.0,False
INSIG1_3385,INSIG1_3385,,,,,"0.0,0.1,1.0,10.0","12,3,3,3","0.3755856212837888,0.2169852603395123,0.5265655626937153,0.1370332649766155","-0.044490252031317255,-0.18130964045030704,0.007463084060403746,-1.0530434756753726",1,Polynomial 2,1.0 Standard Deviation,Normal + Constant variance,Down (↓),0.95,0.01,2,frequentist_restricted,2.4081007814737596,5.768266916275024,7.587050288785504,19.17664478699058,-6.58832239349529,0.0010580016450295604,0.10597048803046871,0.10597048803046871,0.7411126968732282,2.0,-0.003832223173374036,0.13171746329936096,True,Recommended - Lowest AIC,,False
IP6K2_28897,IP6K2_28897,,,,,"0.0,0.1,1.0,10.0","12,3,3,3","0.4253280978806978,0.45852439181318677,0.24242169610785338,0.18149056044613357","-0.05245602928117052,0.2674212220546962,0.14326971753956194,-0.8677884008751283",1,Polynomial 2,1.0 Standard Deviation,Normal + Constant variance,Down (↓),0.95,0.01,2,frequentist_restricted,2.9117225994450213,6.414752006530762,8.984272565197951,23.940190864237113,-8.970095432118557,0.005361719277202526,0.19414015189236322,0.19414015189236322,0.32242704473408046,2.0,-0.005594377396532268,-0.8148786362419256,True,Recommended - Lowest AIC,,False
IPO4_17138,IPO4_17138,,,,,"0.0,0.1,1.0,10.0","12,3,3,3","0.5252250604558892,0.46287854354881636,0.3723160407342928,0.30436190673432206","-0.08052412623203238,-0.14662305418166433,-0.2687297225586815,-0.8502643362161054",2,Power,1.0 Standard Deviation,Normal + Constant variance,Down (↓),0.95,0.01,0,frequentist_restricted,3.493732723726804,5.7779853411654605,16.5363678082757,30.559907074049825,-12.279953537024912,0.1621839942808525,0.4545101226399444,0.4545101226399444,0.9129732678209043,2.0,0.03553109002183589,0.21636310595056435,True,Recommended - Lowest AIC,,False
IPP_11562,IPP_11562,,,,,"0.0,0.1,1.0,10.0","12,3,3,3","0.45517805354684887,0.18374513095363493,0.29278890960225296,0.7229399131787959","-0.06911493073181457,0.25872390436899056,0.34280138988901654,0.8428847758582086",2,Power,1.0 Standard Deviation,Normal + Constant variance,Up (↑),0.95,0.01,0,frequentist_restricted,3.2644768193233475,5.231777276587741,13.026506815296317,30.697278522132727,-12.348639261066364,0.015127432568992294,0.12101293032808269,0.12101293032808269,0.308463795359629,2.0,0.8934477758110151,-0.8263326602286268,True,Recommended - Lowest AIC,,False
IRF2BPL_13703,IRF2BPL_13703,,,,,"0.0,0.1,1.0,10.0","12,3,3,3","0.9543773507949571,0.22848727800075413,0.6600339954335042,1.0392322153890692","-0.2591616798867335,0.11523426776267738,0.6384275658562606,-2.2604702980763984",1,Polynomial 2,1.0 Standard Deviation,Normal + Constant variance,Down (↓),0.95,0.01,2,frequentist_restricted,3.003105312691642,6.213994026184082,8.517557416769218,58.91227214216251,-26.456136071081254,0.0008629053355454497,0.06843392497424505,0.06843392497424505,0.20813540599660374,2.0,-0.014352428958144214,-0.8713655456310122,True,Recommended - Lowest AIC,,False
ISL1_11752,ISL1_11752,,,,,"0.0,0.1,1.0,10.0","12,3,3,3","0.3579892434339298,0.4530352111311898,0.5583742770097498,0.46035105415946886","-0.04008415362515472,0.2922985588489106,-0.9990118800578456,-0.7255127331414816",3,Hill,1.0 Standard Deviation,Normal + Constant variance,Down (↓),0.95,0.01,0,frequentist_restricted,0.11621002337179145,0.31800739968246416,0.8957973875274116,28.37962013888203,-10.189810069441014,0.006143013119411678,0.932468882209097,0.932468882209097,0.10712646394138803,1.0,1.1716392512719072,-0.5858196468669767,True,Recommended - Lowest AIC,,False
ITGB5_3450,ITGB5_3450,,,,,"0.0,0.1,1.0,10.0","12,3,3,3","0.9857058410751162,1.317122132257061,0.4396187471025365,0.457337384596432","-0.21468108746556572,-0.1755939206975966,-0.17294125212518616,1.27895036717067",0,Linear,1.0 Standard Deviation,Normal + Constant variance,Up (↑),0.95,0.01,1,frequentist_unrestricted,3.4387422104185488,5.645273923873901,15.588122213650092,58.52351864496476,-26.26175932248238,0.049666369813792355,0.11696389341853797,0.11696389341853797,0.9768006216630442,2.0,0.01882672480677292,0.050999763269229455,True,Recommended - Lowest AIC,,False
IWS1_15910,IWS1_15910,,,,,"0.0,0.1,1.0,10.0","12,3,3,3","0.23264488777542405,0.2722669292668886,0.35017370359254646,0.3952459461692331","-0.016998325228287946,-0.1978431942918805,-0.4715334202511637,-0.8682040210706896",3,Hill,1.0 Standard Deviation,Normal + Constant variance,Down (↓),0.95,0.01,0,frequentist_restricted,0.0693620568838296,0.3541653449014825,1.6509726921527623,9.570469412704636,-0.7852347063523177,0.0026022663741972485,0.8113933679173405,0.8113933679173405,0.537938778060014,1.0,-0.5385778746264436,0.19523635576437598,True,Recommended - Lowest AIC,BMD/BMDL ratio > 3.0,False
JMJD8_15047,JMJD8_15047,,,,,"0.0,0.1,1.0,10.0","12,3,3,3","0.33973746266418803,0.16434143942870483,0.2587698823614233,0.6520760584765577","-0.03474450764072922,0.3828123267495965,0.043232220592716475,-0.8256703879534699",1,Polynomial 2,1.0 Standard Deviation,Normal + Constant variance,Down (↓),0.95,0.01,2,frequentist_restricted,2.797405686847288,6.4175355434417725,8.990959148800778,22.72486591406359,-8.362432957031794,0.0021398427956735855,0.1247789994114562,0.1247789994114562,0.17372506849210756,2.0,-0.000288638525738989,-0.8080410190991515,True,Recommended - Lowest AIC,,False
KCNK2_25989,KCNK2_25989,,,,,"0.0,0.1,1.0,10.0","12,3,3,3","0.4158541598795157,0.8522365714153286,1.0138754338212506,0.7146172741230833","-0.05652805511795359,-0.3121752544740633,-0.6799720068361098,-1.501725506021229",3,Hill,1.0 Standard Deviation,Normal + Constant variance,Down (↓),0.95,0.01,0,frequentist_restricted,0.11101440564424678,0.8194666243060335,7.091097769746292,42.95818642723406,-17.47909321361703,0.011574135089724935,0.2842806536003546,0.2842806536003546,0.6465391111104333,1.0,0.10664494072788162,0.16306547781942624,True,Recommended - Lowest BMDL,BMD/BMDL ratio > 3.0,False
KCTD19_89872,KCTD19_89872,,,,,"0.0,0.1,1.0,10.0","12,3,3,3","0.8749087237143779,1.6374302286174158,0.7564344185473195,0.7594302802575021","-0.22245087389091367,-0.4679322250368929,-0.7692068469142676,1.707439522399574",1,Polynomial 2,1.0 Standard Deviation,Normal + Constant variance,Up (↑),0.95,0.01,2,frequentist_restricted,3.081530839655339,6.598208546638489,9.445540529933096,61.02986815717448,-27.51493407858724,0.028100840818823136,0.44666736305619203,0.44666736305619203,0.5945530445608753,2.0,0.00837441846820015,0.5205247604262259,True,Recommended - Lowest AIC,,False
KIF17_17581,KIF17_17581,,,,,"0.0,0.1,1.0,10.0","12,3,3,3","0.4009637864513268,0.13193506546712475,0.6074495767816176,0.27446006087859826","-0.055109435799298466,0.2241856053398841,0.1108976638448022,0.7501584315931643",3,Hill,1.0 Standard Deviation,Normal + Constant variance,Up (↑),0.95,0.01,0,frequentist_restricted,0.16393765875248117,3.0298714162209435,10.097811767922312,25.73406261935166,-8.86703130967583,0.013000012015937923,0.09416691080850892,0.09416691080850892,0.2582678637807161,1.0,-0.13625622400693127,-0.44092137342782345,True,Recommended - Lowest BMDL,BMD/BMDL ratio > 3.0,False
KIF3B_18301,KIF3B_18301,,,,,"0.0,0.1,1.0,10.0","12,3,3,3","0.3538176569580433,0.40692538270150524,0.9579305623631055,0.3567823868729526","-0.03626733873925072,-0.08836632439392199,0.66974996640824,0.19752049591353996",3,Hill,1.0 Standard Deviation,Normal + Constant variance,Up (↑),0.95,0.01,0,frequentist_restricted,0.10432281951875239,0.3462946263152149,-9999.0,33.490479944502184,-12.745239972251092,0.06519974181711274,0.13541230455232933,0.13541230455232933,0.17903550374714705,1.0,-0.16260606199731623,0.08130301460370451,True,Recommended - Lowest AIC,BMD/BMDL ratio > 3.0,False
KIFAP3_22932,KIFAP3_22932,,,,,"0.0,0.1,1.0,10.0","12,3,3,3","0.3502270992466906,0.4680799849646635,0.28915391726661044,0.4275267568311485","-0.03937434276262676,-0.17026632223120472,-0.030834667901061447,0.8381726302688358",0,Linear,1.0 Standard Deviation,Normal + Constant variance,Up (↑),0.95,0.01,1,frequentist_unrestricted,2.5288775458666075,3.7035346031188965,6.83224292160828,19.82291642112459,-6.911458210562294,0.02616725852475299,0.8705268840845458,0.8705268840845458,0.7836757322265356,2.0,-0.23777124876727443,0.37183729339401883,True,Recommended - Lowest AIC,,False
KLHL26_12618,KLHL26_12618,,,,,"0.0,0.1,1.0,10.0","12,3,3,3","0.49391768616043463,0.5109306231457819,0.8120998166984226,0.2649993754138449","-0.07582623368334959,-0.6524455832163217,-0.1544714435195573,-0.9492380470323131",0,Linear,1.0 Standard Deviation,Normal + Constant variance,Down (↓),0.95,0.01,1,frequentist_unrestricted,3.8104481165206296,6.605658531188965,24.555149912501562,37.35859425312988,-15.67929712656494,0.06895715947458492,0.35101916644675035,0.35101916644675035,0.18674543591284165,2.0,-0.01600072109139557,0.6502188405428305,True,Recommended - Lowest AIC,,False
KLRC2_12242,KLRC2_12242,,,,,"0.0,0.1,1.0,10.0","12,3,3,3","0.5895043584769809,0.28076078044922254,0.4619125876767567,0.5160876999437983","-0.10165794615031214,-0.1733048211515257,0.18412593983315795,1.1319895739161803",0,Linear,1.0 Standard Deviation,Normal + Constant variance,Up (↑),0.95,0.01,1,frequentist_unrestricted,2.6622209089642745,3.9586949348449707,7.6217935674767245,35.615027467000864,-14.807513733500432,0.016726637023209423,0.36037452575465845,0.36037452575465845,0.8142380399664418,2.0,0.5354978450424823,-0.07526664367938385,True,Recommended - Lowest AIC,,False
KMT2A_27405,KMT2A_27405,,,,,"0.0,0.1,1.0,10.0","12,3,3,3","0.3596043412684004,0.3112565596837652,0.46241361739840664,0.691613269256142","-0.04056998583341038,-0.0690299690655959,0.10944637958450049,-0.9928357377794517",1,Polynomial 2,1.0 Standard Deviation,Normal + Constant variance,Down (↓),0.95,0.01,2,frequentist_restricted,2.800993351413299,6.270517110824585,8.646118270477647,25.22170904701637,-9.610854523508184,0.020819444777296248,0.5276320033204815,0.5276320033204815,0.7840266253024331,2.0,-0.006231054831063984,-0.19627875342985213,True,Recommended - Lowest AIC,,False
KMT2E_3661,KMT2E_3661,,,,,"0.0,0.1,1.0,10.0","12,3,3,3","0.6389198654766272,0.35338815932037637,0.7081147289513564,0.937705437195693","-0.12039514018337442,-0.10248038939741927,0.04668534590141271,1.4271370198880529",2,Power,1.0 Standard Deviation,Normal + Constant variance,Up (↑),0.95,0.01,0,frequentist_restricted,2.6139029355059695,3.865482709564439,9.854955851188656,43.97896199019591,-18.989480995097956,0.021538150496161035,0.47075698552976,0.47075698552976,0.9994737875279996,2.0,0.029389237793901755,-0.013421278925062669,True,Recommended - Lowest AIC,,False
KPNA1_12239,KPNA1_12239,,,,,"0.0,0.1,1.0,10.0","12,3,3,3","0.2540837110552325,0.44581300529852735,0.560295548788331,0.2666165807380349","-0.020465654166500813,-0.06684088131153104,-0.0698300692018227,-0.6762449877379618",0,Linear,1.0 Standard Deviation,Normal + Constant variance,Down (↓),0.95,0.01,1,frequentist_unrestricted,2.983083166575673,4.607934951782227,10.013964340643549,14.94942024605414,-4.47471012302707,0.05098247807236567,0.3726344436919613,0.3726344436919613,0.9712847488142441,2.0,0.11530743405213273,0.049932146848493494,True,Recommended - Lowest AIC,,False
KRR1_21479,KRR1_21479,,,,,"0.0,0.1,1.0,10.0","12,3,3,3","0.1813251019107905,0.5057332778963768,0.3245613105728082,0.3015918402093121","-0.009940617425128058,0.08804104289412173,-0.6229821198828277,-0.5397398748139393",3,Hill,1.0 Standard Deviation,Normal + Constant variance,Down (↓),0.95,0.01,0,frequentist_restricted,0.10799499944299967,0.3161870425314186,0.9066947247479351,9.157642668508746,-0.5788213342543735,0.0015768081622892227,0.19336999633824115,0.19336999633824115,0.459341937270877,1.0,0.5458359776101518,-0.27291799757627455,True,Recommended - Lowest AIC,,False
L1CAM_12063,L1CAM_12063,,,,,"0.0,0.1,1.0,10.0","12,3,3,3","0.7569134504395004,0.836516102686841,0.9244420546591249,1.1551089389113554","-0.1724691186748345,-0.1838155152376315,0.22840775175131736,1.3227248803207248",0,Linear,1.0 Standard Deviation,Normal + Constant variance,Up (↑),0.95,0.01,1,frequentist_unrestricted,3.2300482303791576,5.152559280395508,12.594428604800544,54.27450940917117,-24.137254704585587,0.20245838946415373,0.931598052087995,0.931598052087995,0.8638952965665014,2.0,0.4954139162447631,-0.15515764612395228,True,Recommended - Lowest AIC,,False
LAMP2_23159,LAMP2_23159,,,,,"0.0,0.1,1.0,10.0","12,3,3,3","0.2456868117664274,0.14995313300157642,0.09445275983485575,0.30217143804409413","-0.019084121145419353,-0.13308082372751578,-0.12899651059889763,0.5405004723637981",1,Polynomial 2,1.0 Standard Deviation,Normal + Constant variance,Up (↑),0.95,0.01,2,frequentist_restricted,2.6402654591258354,5.9880757331848145,8.029300923874363,0.8532360026637527,2.5733819986681237,0.0023698950639492455,0.15934818170523857,0.15934818170523857,0.5524205019372297,2.0,0.006347785826866187,0.6180500767290252,True,Recommended - Lowest AIC,,False
LENG9_89607,LENG9_89607,,,,,"0.0,0.1,1.0,10.0","12,3,3,3","0.5756415818901167,0.21102044626818256,0.9522652572753766,0.7847672778463568","-0.09092912106737201,0.028601200514251263,-0.411442062530693,-2.006098553568832",0,Linear,1.0 Standard Deviation,Normal + Constant variance,Down (↓),0.95,0.01,1,frequentist_unrestricted,2.112310822756693,2.965819835662842,4.9030075689518835,42.1808359535145,-18.09041797675725,0.0006185714404094433,0.15195144510505343,0.15195144510505343,0.848423103703583,2.0,-0.39712483916681307,-0.023377273493510597,True,Recommended - Lowest AIC,,False
LHX9_14024,LHX9_14024,,,,,"0.0,0.1,1.0,10.0","12,3,3,3","0.5617806781302209,0.32066817050684576,0.3907808113729967,0.39013329389462653","-0.09282379083824671,-0.12694313296293622,-0.16137714615658064,-1.850381759854944",0,Linear,1.0 Standard Deviation,Normal + Constant variance,Down (↓),0.95,0.01,1,frequentist_unrestricted,1.8725696170214272,2.5735390186309814,4.044724728720382,32.382876732428514,-13.191438366214255,0.0003350074669765668,0.35117243882194593,0.35117243882194593,0.9255088912377218,2.0,0.35895375547589387,-0.10447975636223532,True,Recommended - Lowest AIC,,False
LIN28B_87419,LIN28B_87419,,,,,"0.0,0.1,1.0,10.0","12,3,3,3","0.37093085075242016,0.3232205186892516,0.24392827014218454,0.4219428658140657","-0.04267619255971214,-0.18335486502176626,-0.14686777310456442,-1.3365393476655936",0,Linear,1.0 Standard Deviation,Normal + Constant variance,Down (↓),0.95,0.01,1,frequentist_unrestricted,1.8686946879684423,2.5674021244049072,4.032075559412437,18.622220677745098,-6.311110338872548,0.0006131601271225362,0.6792773887731264,0.6792773887731264,0.8073422297730724,2.0,0.21768962284897397,0.19055641856134295,True,Recommended - Lowest AIC,,False
LINC01619_11025,LINC01619_11025,,,,,"0.0,0.1,1.0,10.0","12,3,3,3","1.2138012820576265,0.49657433230002385,0.7710151158625528,0.7146172741230835","-0.4775085862824631,-1.1983909593131838,-1.284506355388677,-2.6717412395516225",0,Linear,1.0 Standard Deviation,Normal + Constant variance,Down (↓),0.95,0.01,1,frequentist_unrestricted,3.112322366059865,4.886560440063477,11.254657984838994,65.22527437277729,-29.612637186388646,0.014023081761139311,0.13174581791828144,0.13174581791828144,0.40023164961324775,2.0,-0.6886049808186101,0.7341541678981015,True,Recommended - Lowest AIC,,False
LINGO1_18522,LINGO1_18522,,,,,"0.0,0.1,1.0,10.0","12,3,3,3","0.49771379633620294,0.6734273113552657,0.9496441483409682,0.18792191744475176","-0.07051445037365804,0.2747309278739299,0.12097437389921199,1.0139270626600403",0,Linear,1.0 Standard Deviation,Normal + Constant variance,Up (↑),0.95,0.01,1,frequentist_unrestricted,3.227620406199356,5.146918296813965,12.564524620508365,38.491919581659225,-16.245959790829613,0.02147330676360726,0.1096871792260784,0.1096871792260784,0.6040727883427403,2.0,0.06465694063822071,-0.4623598307684821,True,Recommended - Lowest AIC,,False
LMCD1_15007,LMCD1_15007,,,,,"0.0,0.1,1.0,10.0","12,3,3,3","0.42129439009708075,0.3590399783634889,0.16243137618382264,0.40818679194199614","-0.055163441146780956,0.10047074128235263,0.22668402002214805,0.7775082514276824",3,Hill,1.0 Standard Deviation,Normal + Constant variance,Up (↑),0.95,0.01,0,frequentist_restricted,0.1614168346184922,1.3996587994549528,9.834119643994953,23.976045072088727,-7.9880225360443635,0.02413427499708809,0.26508910676971165,0.26508910676971165,0.5963201447138077,1.0,-0.09295081018155608,-0.1986476331786409,True,Recommended - Lowest BMDL,BMD/BMDL ratio > 3.0,False
LRRC3_88992,LRRC3_88992,,,,,"0.0,0.1,1.0,10.0","12,3,3,3","0.49154840129512767,0.3279953098018899,0.7484088760698153,0.29835364061583236","-0.07335933393272843,0.422313887314501,-0.3164009092560816,0.8851644013605102",1,Polynomial 2,1.0 Standard Deviation,Normal + Constant variance,Up (↑),0.95,0.01,2,frequentist_restricted,3.553459635247707,7.329390048980713,12.66520020116008,35.747496240785665,-14.873748120392833,0.02040268026439429,0.32339911375275165,0.32339911375275165,0.12908546005286248,2.0,0.010176745723682917,-0.2894064245446857,True,Recommended - Lowest AIC,,False
LUC7L3_26506,LUC7L3_26506,,,,,"0.0,0.1,1.0,10.0","12,3,3,3","0.24282714573634698,0.3848491285371626,0.10877003571671247,0.37487827711649807","-0.01905593635993286,0.15104384121679962,0.5614852030400952,0.7744752908866007",3,Hill,1.0 Standard Deviation,Normal + Constant variance,Up (↑),0.95,0.01,0,frequentist_restricted,0.043048938836305395,0.17087332204341607,0.90918152155048,8.343176092076561,-0.17158804603828082,0.00048444190416341293,0.22756434270993564,0.22756434270993564,0.9491324112712977,1.0,0.04524148270492248,-0.012960652565376736,True,Recommended - Lowest BMDL,BMD/BMDL ratio > 3.0,False
LY6E_13965,LY6E_13965,,,,,"0.0,0.1,1.0,10.0","12,3,3,3","0.3185341973651962,0.24158535437152825,0.30557539384081317,0.7723555914334148","-0.03257732454097706,0.16408809802584848,-0.29289518752000976,-1.3948142551510285",2,Power,1.0 Standard Deviation,Normal + Constant variance,Down (↓),0.95,0.01,0,frequentist_restricted,1.9007857580957586,2.618666597153489,9.525719745455874,23.179150954778365,-8.589575477389182,9.11979594193646e-05,0.13456717304639987,0.13456717304639987,0.5088928553332692,2.0,-0.6566366124864654,-0.1604488310727705,True,Recommended - Lowest AIC,,False
MAD1L1_91673,MAD1L1_91673,,,,,"0.0,0.1,1.0,10.0","12,3,3,3","0.49286389584931234,0.38723146955901083,0.1680940455695833,1.5206345228674998","-0.07448677203828313,0.06538372589641457,0.28904218951849986,-1.8912599123418161",1,Polynomial 2,1.0 Standard Deviation,Normal + Nonconstant variance,Down (↓),0.95,0.01,2,frequentist_restricted,2.17149517758024,4.887265563011169,10.320241707679845,38.2833979104364,-15.1416989552182,2.0836656323242053e-05,0.0024616308303369028,0.10267124540370376,0.43032942266941243,2.0,1.5318774172118423,-0.7590783680693411,True,Recommended - Lowest AIC,,False
MAGIX_19619,MAGIX_19619,,,,,"0.0,0.1,1.0,10.0","12,3,3,3","0.8512402696678647,1.3130506077090538,0.39767265229885174,0.5349975257032697","-0.20470119884237634,-0.2676990961119558,0.21441373619792295,1.5137410696688132",0,Linear,1.0 Standard Deviation,Normal + Constant variance,Up (↑),0.95,0.01,1,frequentist_unrestricted,2.9308995958079804,4.497400522232056,9.561239759789045,54.69801472642558,-24.34900736321279,0.01995165096483531,0.17252775327280656,0.17252775327280656,0.8508947363180667,2.0,0.5011613002510226,-0.10937606793314944,True,Recommended - Lowest AIC,,False
MAN1A1_12471,MAN1A1_12471,,,,,"0.0,0.1,1.0,10.0","12,3,3,3","0.24309388361270015,0.0850037207771311,0.24967926127463486,0.4648483223131653","-0.018890922268822052,-0.02626720064798836,-0.04805279047837596,0.5794838454295556",1,Polynomial 2,1.0 Standard Deviation,Normal + Constant variance,Up (↑),0.95,0.01,2,frequentist_restricted,2.735415294514958,6.316628456115723,8.753891226372252,5.910480827896736,0.04475958605163233,0.004866630423818408,0.0853206903254542,0.0853206903254542,0.9747645813643403,2.0,0.002019978723933167,0.10130862798857806,True,Recommended - Lowest AIC,,False
MAN2C1_91596,MAN2C1_91596,,,,,"0.0,0.1,1.0,10.0","12,3,3,3","1.2299926717734302,0.46142162419280097,0.5942328511797866,1.304487116701594","-0.4001323199621607,-0.38602478631086745,0.5462536889157062,1.728979546078186",0,Linear,1.0 Standard Deviation,Normal + Constant variance,Up (↑),0.95,0.01,1,frequentist_unrestricted,3.156831136537151,4.985610246658325,11.73467370277603,67.09912126960147,-30.549560634800734,0.015936010871293926,0.1082440767681715,0.1082440767681715,0.5149617062519297,2.0,1.0474298072940151,-0.37340003360502755,True,Recommended - Lowest AIC,,False
MAP3K5_12947,MAP3K5_12947,,,,,"0.0,0.1,1.0,10.0","12,3,3,3","0.5825619545021492,1.2380079502046473,1.6212346948167058,0.8305956672513043","-0.1115845598573071,-0.6724121205714466,-1.5427352958068692,-2.160024529890205",3,Hill,1.0 Standard Deviation,Normal + Constant variance,Down (↓),0.95,0.01,0,frequentist_restricted,0.0315026904561769,0.22921053560114105,1.7584005760247925,58.31951228078224,-25.15975614039112,0.003882231327845931,0.1567281231588169,0.1567281231588169,0.7472880931089274,1.0,-0.21369191842228352,0.05819403602431588,True,Recommended - Lowest AIC,"lowest dose/BMDL ratio > 3.0
BMD/BMDL ratio > 3.0",False
MAPK3_28956,MAPK3_28956,,,,,"0.0,0.1,1.0,10.0","12,3,3,3","0.2820662342083776,0.24268759410966143,0.4619377221545782,0.458402153578584","-0.02528822503173929,0.28238727242430794,0.37286729926234025,0.6554061866311224",5,Exponential 5,1.0 Standard Deviation,Normal + Constant variance,Up (↑),0.95,0.01,0,frequentist_restricted,0.2928639409798618,0.6361222267150879,2.147813409374169,18.146486727128984,-5.073243363564492,0.04082229565651685,0.6262896058041967,0.6262896058041967,0.1948079542488652,1.0,-0.29857340704763835,-0.4622406335791627,True,Recommended - Lowest BMDL,,False
MARS2_13348,MARS2_13348,,,,,"0.0,0.1,1.0,10.0","12,3,3,3","0.564376995477821,0.15715996931000026,0.7549022265995794,0.32661227181552405","-0.10251525645846304,-0.06402841266757714,-0.0758210522762817,-1.2160777143724004",1,Polynomial 2,1.0 Standard Deviation,Normal + Constant variance,Down (↓),0.95,0.01,2,frequentist_restricted,2.863157781959757,6.553725004196167,9.330300506830202,35.0861843495147,-14.543092174757351,0.006035734930683878,0.060409014516825676,0.060409014516825676,0.9875416813322373,2.0,-0.0009133503797659385,-0.09108217284785947,True,Recommended - Lowest AIC,,False
MAZ_4047,MAZ_4047,,,,,"0.0,0.1,1.0,10.0","12,3,3,3","0.2990239571596386,0.25492361601218716,0.24463027967480988,0.7677444490638126","-0.027559890420997938,0.2030587269884876,0.02303502821125943,-0.943750616138713",0,Linear,1.0 Standard Deviation,Normal + Constant variance,Down (↓),0.95,0.01,1,frequentist_unrestricted,2.4812200408101557,3.614678382873535,6.574315078189892,21.529520358098484,-7.764760179049242,0.0015248203290403328,0.09137899494859725,0.09137899494859725,0.5019040216298019,2.0,0.41818229954793223,-0.6224205770976283,True,Recommended - Lowest BMDL,,False
MBOAT7_4061,MBOAT7_4061,,,,,"0.0,0.1,1.0,10.0","12,3,3,3","1.1497733100831486,0.8109592972091205,0.17101135461982814,1.1623783020961693","-0.369628478903445,0.3601342756795323,0.18084817139981738,-2.1852659736130864",0,Linear,1.0 Standard Deviation,Normal + Nonconstant variance,Down (↓),0.95,0.01,1,frequentist_unrestricted,5.106706519832517,6.0379767417907715,6.538326180243994,63.41094225971071,-27.705471129855354,0.002350546013910715,0.02066497201329387,0.1175933030644849,0.1474293667097909,2.0,-0.7177895282491941,-1.7234832357748322,True,Recommended - Lowest AIC,,False
MDH1_4087,MDH1_4087,,,,,"0.0,0.1,1.0,10.0","12,3,3,3","0.3707094763715479,0.18752579282129175,0.3328700472974408,0.7861185104958103","-0.045521426518191056,-0.5347985972487854,-0.48778524797798073,-1.1380792993101507",0,Linear,1.0 Standard Deviation,Normal + Constant variance,Down (↓),0.95,0.01,1,frequentist_unrestricted,2.8308383056100794,4.292960166931152,8.776592549671115,29.40101084489343,-11.700505422446716,0.0019325677191016633,0.1112464450302938,0.1112464450302938,0.11111145592889349,2.0,-0.864109117458887,1.0917481654030297,True,Recommended - Lowest AIC,,False
MDH2_20964,MDH2_20964,,,,,"0.0,0.1,1.0,10.0","12,3,3,3","0.2925820214849894,0.2006406215110427,0.13761541505407798,0.4414523775314464","-0.026600608357318468,-0.08253346649275135,-0.34740417184406436,-0.9002869936197208",3,Hill,1.0 Standard Deviation,Normal + Constant variance,Down (↓),0.95,0.01,0,frequentist_restricted,0.2202849386473427,0.7607356628288025,4.620487844242451,11.465634813783685,-1.7328174068918427,0.0010585551710426966,0.21248781371372516,0.21248781371372516,0.9419511442972628,1.0,0.01358999969825573,0.027126968026186853,True,Recommended - Lowest BMDL,BMD/BMDL ratio > 3.0,False
MED20_22241,MED20_22241,,,,,"0.0,0.1,1.0,10.0","12,3,3,3","0.6638115764516489,0.7622693249604043,0.7971172844332085,0.2244709580790083","-0.1458088616131564,0.07950129681782166,-0.10123696923657795,-1.1815627233113373",1,Polynomial 2,1.0 Standard Deviation,Normal + Constant variance,Down (↓),0.95,0.01,2,frequentist_restricted,3.410567997157398,7.431098222732544,14.181100978994241,43.98180196718219,-18.990900983591096,0.06339551233050056,0.21031083424615116,0.21031083424615116,0.8416041748156047,2.0,-0.00030188762162942966,-0.2711378942459838,True,Recommended - Lowest AIC,,False
MED31_21109,MED31_21109,,,,,"0.0,0.1,1.0,10.0","12,3,3,3","0.18176420220614567,0.3658537802506953,0.6126046993305373,0.5246286974595041","-0.010715753915402861,0.2417906983357705,0.24179628589489996,-0.7132184241478073",1,Polynomial 2,1.0 Standard Deviation,Normal + Nonconstant variance,Down (↓),0.95,0.01,2,frequentist_restricted,4.881312401620482,4.937176704406738,6.2295452436923595,9.809603775724982,-1.904801887862491,0.0010077752488497627,0.0392253178708194,0.686335007873303,0.5892735842054448,3.0,0.9346216039040683,-0.21325509848527044,True,Recommended - Lowest AIC,,False
MED7_22236,MED7_22236,,,,,"0.0,0.1,1.0,10.0","12,3,3,3","0.5331293856525783,0.14745781357695367,0.7446950813365595,0.7131225372520004","-0.08782424170179097,0.3212401337235679,0.5970992031288954,1.0129492014614945",0,Linear,1.0 Standard Deviation,Normal + Constant variance,Up (↑),0.95,0.01,1,frequentist_unrestricted,3.398416471760169,5.546858310699463,14.927816246493986,40.3993527616347,-17.19967638081735,0.01024821648076013,0.10483151627689669,0.10483151627689669,0.15473576236252595,2.0,-0.14314176017796706,-0.988559679998855,True,Recommended - Lowest AIC,,False
MED9_20295,MED9_20295,,,,,"0.0,0.1,1.0,10.0","12,3,3,3","0.49561175333840823,0.40799199344482356,0.11391305157954025,0.5050616849723569","-0.08027909650108886,-0.377505485523,-0.36511423262087134,0.9224467144283484",1,Polynomial 2,1.0 Standard Deviation,Normal + Constant variance,Up (↑),0.95,0.01,2,frequentist_restricted,2.872140381808545,6.270395517349243,8.645804668668664,30.363601828347242,-12.181800914173621,0.00180396040569053,0.07695389974528877,0.07695389974528877,0.37278713181455725,2.0,0.007986364516819021,0.7896993735488878,True,Recommended - Lowest AIC,,False
MEF2D_4115,MEF2D_4115,,,,,"0.0,0.1,1.0,10.0","12,3,3,3","0.5272295049589324,0.5358497518196496,0.284771634810654,0.14813212457640887","-0.08726477341505895,-0.21441820758984598,-0.11563822094597402,0.8541853446279255",1,Polynomial 2,1.0 Standard Deviation,Normal + Constant variance,Up (↑),0.95,0.01,2,frequentist_restricted,2.927396557300031,6.659550666809082,9.602042483992125,30.11829353090304,-12.05914676545152,0.007750490973114199,0.06868450283124272,0.06868450283124272,0.8986503230795566,2.0,0.00046491531380182967,0.22196653401142494,True,Recommended - Lowest AIC,,False
MEP1B_28952,MEP1B_28952,,,,,"0.0,0.1,1.0,10.0","12,3,3,3","0.9550034244106334,0.46607537974008406,0.41723884799035305,0.9573920822431977","-0.2735476232141965,-0.48448368177353723,0.3587285648953869,-2.246504861667171",1,Polynomial 2,1.0 Standard Deviation,Normal + Constant variance,Down (↓),0.95,0.01,2,frequentist_restricted,2.9846909768360295,6.32234513759613,8.767209764040802,57.02329230494793,-25.511646152473965,0.0037920254906000928,0.1552182800012888,0.1552182800012888,0.35432646390472466,2.0,-0.012259868928740956,-0.3088412853558728,True,Recommended - Lowest AIC,,False
MFAP3_22545,MFAP3_22545,,,,,"0.0,0.1,1.0,10.0","12,3,3,3","0.18808572611714947,0.29492024714691856,0.3000124367133738,0.5924473363544678","-0.011205253639015348,-0.23641810048996667,-0.20441433497390885,0.5452156261389465",1,Polynomial 2,1.0 Standard Deviation,Normal + Constant variance,Up (↑),0.95,0.01,2,frequentist_restricted,3.141353309167561,6.669292449951172,9.628048364576212,11.875584616904257,-2.9377923084521287,0.004414508690150698,0.09869012970982427,0.09869012970982427,0.2888884048651217,2.0,0.00811810989677172,0.8784352699807363,True,Recommended - Lowest AIC,,False
MGAT4A_21666,MGAT4A_21666,,,,,"0.0,0.1,1.0,10.0","12,3,3,3","0.3165891637331994,0.5409600494694172,0.2038049900623867,0.5065738787795981","-0.03240140201916746,0.32136402947725395,0.3973776451656115,0.8610630735582901",5,Exponential 5,1.0 Standard Deviation,Normal + Constant variance,Up (↑),0.95,0.01,0,frequentist_restricted,0.3647663330463694,0.7501769065856934,1.7520662929324318,22.924628693480187,-7.462314346740094,0.010041012856674136,0.3888769051866269,0.3888769051866269,0.16599089354339425,1.0,-0.23359031311990083,-0.5153463824038825,True,Recommended - Lowest BMDL,,False
MIB1_24271,MIB1_24271,,,,,"0.0,0.1,1.0,10.0","12,3,3,3","0.3293704451039293,0.41547685188791855,0.2933169266592885,0.525094870846833","-0.037054391884110575,0.32450581690579616,-0.019576519847320534,0.7147910035723871",1,Polynomial 2,1.0 Standard Deviation,Normal + Constant variance,Up (↑),0.95,0.01,2,frequentist_restricted,3.2286491287172474,7.134716510772705,11.800933054906208,21.606624805528003,-7.803312402764002,0.062930758665104,0.7895820401353079,0.7895820401353079,0.24609670041595055,2.0,0.002395201369773993,-0.6130513613963234,True,Recommended - Lowest AIC,,False
MIGA2_15888,MIGA2_15888,,,,,"0.0,0.1,1.0,10.0","12,3,3,3","0.6382139467464593,0.5326944619585999,0.3023623146074525,0.458207836015593","-0.12452994394864421,-0.42359658155131985,-0.14433370266253814,-1.2058652037576643",1,Polynomial 2,1.0 Standard Deviation,Normal + Constant variance,Down (↓),0.95,0.01,2,frequentist_restricted,3.2379321991102112,7.166861295700073,12.062288427737734,38.83312119058603,-16.416560595293014,0.05496084269052304,0.31533634329381377,0.31533634329381377,0.6686298138100014,2.0,-0.0012928002519995844,0.3372425063716892,True,Recommended - Lowest AIC,,False
MKNK1_4185,MKNK1_4185,,,,,"0.0,0.1,1.0,10.0","12,3,3,3","0.5181546729390306,0.4565263330162861,0.617184347266176,0.4349521251512068","-0.0725338564543821,0.40035907692534883,-0.34528686645599177,0.8457687849143567",1,Polynomial 2,1.0 Standard Deviation,Normal + Constant variance,Up (↑),0.95,0.01,2,frequentist_restricted,3.726569235662886,7.5791335105896,14.836490909469473,37.07718268199202,-15.53859134099601,0.08358330930544888,0.8573156113622977,0.8573156113622977,0.15085875289524575,2.0,0.01057291234407175,-0.2212296351051107,True,Recommended - Lowest AIC,,False
MLF2_16891,MLF2_16891,,,,,"0.0,0.1,1.0,10.0","12,3,3,3","0.5063674241054587,0.07721758704561331,0.38266074357485963,1.223598388163667","-0.07894859979247791,-0.09102958354144373,0.21565973599438473,-1.2457177287907824",0,Linear,1.0 Standard Deviation,Normal + Nonconstant variance,Down (↓),0.95,0.01,1,frequentist_unrestricted,2.3244507344052905,4.032001495361328,4.890304554846701,33.36860516455591,-12.684302582277954,0.0002604255115011833,0.0017732167751061123,0.12642088361528792,0.27503844981709424,2.0,0.8640363003420912,-0.6590520105098667,True,Recommended - Lowest AIC,,False
MLXIP_25049,MLXIP_25049,,,,,"0.0,0.1,1.0,10.0","12,3,3,3","0.6038553823341037,0.272235668600639,0.2991390938250439,0.5153705747075586","-0.10057793819256267,-0.07775316289254332,0.17582424053368628,-1.0201559860737648",1,Polynomial 2,1.0 Standard Deviation,Normal + Constant variance,Down (↓),0.95,0.01,2,frequentist_restricted,3.4106444165616914,7.122924327850342,11.190834168317192,35.74583542884984,-14.872917714424919,0.02827989561526345,0.1623889605181983,0.1623889605181983,0.6561474861126425,2.0,-0.008273883750091202,-0.36037272615200305,True,Recommended - Lowest AIC,,False
MMADHC_10852,MMADHC_10852,,,,,"0.0,0.1,1.0,10.0","12,3,3,3","0.387805336339043,0.8129869641215062,0.7158748505804938,0.30365535908867525","-0.04366946236370519,0.320490675094772,-0.24865618182423188,-1.0724708886012564",0,Linear,1.0 Standard Deviation,Normal + Constant variance,Down (↓),0.95,0.01,1,frequentist_unrestricted,2.833756983725912,4.298923015594482,8.798951590038968,33.69320979358175,-13.846604896790875,0.011883801154218387,0.26626756347255875,0.26626756347255875,0.3737781157587543,2.0,-0.5349409494711044,-0.3579529730477063,True,Recommended - Lowest AIC,,False
MOCOS_15371,MOCOS_15371,,,,,"0.0,0.1,1.0,10.0","12,3,3,3","0.2981958488343668,0.44037701102286614,0.15984800162458346,0.8532932580072061","-0.02681880959978913,-0.09219981289446898,-0.3191965412338724,-1.3037668295396492",0,Linear,1.0 Standard Deviation,Normal + Nonconstant variance,Down (↓),0.95,0.01,1,frequentist_unrestricted,1.5181455361283238,2.1151959896087646,4.521495716024322,22.716675390646422,-7.35833769532321,0.00013276704550457818,0.03153699824517675,0.10892196926042752,0.5235369277431098,2.0,-0.7274839065891114,-0.3599540706697719,True,Recommended - Lowest AIC,,False
MPC2_4243,MPC2_4243,,,,,"0.0,0.1,1.0,10.0","12,3,3,3","0.23244714132936956,0.29282915533825576,0.5709666843866901,0.8545909874732922","-0.017198547504007317,-0.015037234581346185,-0.7077114027703928,-1.1860177723360203",0,Linear,1.0 Standard Deviation,Normal + Nonconstant variance,Down (↓),0.95,0.01,1,frequentist_unrestricted,1.1484540378468164,1.65283203125,3.4145983249665157,20.587981169692654,-6.293990584846327,8.991693130888656e-05,0.021752345367773707,0.8950733953153093,0.1251339939423477,2.0,-1.8186141374062308,-0.31708560301170813,True,Recommended - Lowest AIC,,False
MPDU1_11661,MPDU1_11661,,,,,"0.0,0.1,1.0,10.0","12,3,3,3","0.3659988888300643,0.2782353620158082,0.5735505077172363,0.5657010040168954","-0.04165247661356525,-0.27524481049656785,-0.16001275790726294,-0.8408937304852669",3,Hill,1.0 Standard Deviation,Normal + Constant variance,Down (↓),0.95,0.01,0,frequentist_restricted,0.4349835118050627,4.266064453061588,10.116718200566282,27.062248377548542,-9.531124188774271,0.09460355896198935,0.6021522133820734,0.6021522133820734,0.3556092985490129,1.0,0.09741005946841932,0.36782195391326006,True,Recommended - Lowest BMDL,BMD/BMDL ratio > 3.0,False
MPI_91163,MPI_91163,,,,,"0.0,0.1,1.0,10.0","12,3,3,3","0.22553359386751054,0.4570495946799048,0.19612864910773853,0.28379797368644955","-0.01627195886722881,-0.29760241737931875,0.12742093126387263,0.5728618777492456",2,Power,1.0 Standard Deviation,Normal + Constant variance,Up (↑),0.95,0.01,0,frequentist_restricted,2.764861895861088,4.15906542189255,9.844988798222342,9.632010473796635,-1.8160052368983175,0.007591828832880676,0.4531097880032817,0.4531097880032817,0.14396673544558802,2.0,0.7638348506009642,0.47385623095387797,True,Recommended - Lowest AIC,,False
MPV17L2_24172,MPV17L2_24172,,,,,"0.0,0.1,1.0,10.0","12,3,3,3","0.4478877854721667,0.4279640703399488,0.248022943147041,0.44002301236613983","-0.06172088978546956,-0.41026225837965,-0.9037695308253882,-1.1224088577210092",3,Hill,1.0 Standard Deviation,Normal + Constant variance,Down (↓),0.95,0.01,0,frequentist_restricted,0.02280504936955179,0.12633984183237693,0.8259985614486742,27.33699095242374,-9.66849547621187,0.004884194088753069,0.5591975459939262,0.5591975459939262,0.8600018473733927,1.0,-0.08314249310996162,0.017710968738646225,True,Recommended - Lowest AIC,"lowest dose/BMDL ratio > 3.0
BMD/BMDL ratio > 3.0",False
MRI1_15045,MRI1_15045,,,,,"0.0,0.1,1.0,10.0","12,3,3,3","0.33316816398764915,0.34939782834048955,0.18321783029695976,0.9029131138381932","-0.03410843161079736,0.37713587948527744,-0.17056301357352188,-0.9569422165379864",0,Linear,1.0 Standard Deviation,Normal + Nonconstant variance,Down (↓),0.95,0.01,1,frequentist_unrestricted,1.7785301893114691,3.4976017475128174,10.714968661752431,25.67045537951212,-8.83522768975606,0.0011051892567323085,0.03804731573856723,0.17379274998754268,0.2526271365480628,2.0,-1.1148562287551786,-1.11833483033417,True,Recommended - Lowest AIC,,False
MRPL27_4270,MRPL27_4270,,,,,"0.0,0.1,1.0,10.0","12,3,3,3","0.8071247086909931,0.6410360725108273,0.43437439909218784,0.2588012685471361","-0.18776260998344282,-0.12776805223226512,-0.34909184471219357,-1.2026627953200493",2,Power,1.0 Standard Deviation,Normal + Constant variance,Down (↓),0.95,0.01,0,frequentist_restricted,3.6696654451176034,6.226804371355729,20.349968190139155,46.66206012251803,-20.331030061259014,0.055372525602158884,0.0849917212571949,0.0849917212571949,0.9692901947554406,2.0,0.014966452738377056,-0.015153023265158673,True,Recommended - Lowest AIC,,False
MRPS12_11286,MRPS12_11286,,,,,"0.0,0.1,1.0,10.0","12,3,3,3","0.5538249670874784,0.19531362138351346,0.5190611446655793,0.4727088206422244","-0.09575222214612496,-0.2316589735560067,-0.4154953260634713,-1.0998708992980857",3,Hill,1.0 Standard Deviation,Normal + Constant variance,Down (↓),0.95,0.01,0,frequentist_restricted,0.20041921315851874,1.7019090448464682,9.979182852188973,35.05108648840934,-13.525543244204671,0.0324317460129071,0.21644447529493638,0.21644447529493638,0.7449158119258974,1.0,0.05373498949772051,0.12350053571067109,True,Recommended - Lowest BMDL,BMD/BMDL ratio > 3.0,False
MRPS2_4292,MRPS2_4292,,,,,"0.0,0.1,1.0,10.0","12,3,3,3","0.36981958484958993,0.25329834960421127,0.7221984178140703,0.15602216922442372","-0.03927617525738056,-0.14376006875527736,-0.6761495461299906,-1.4847530162213987",3,Hill,1.0 Standard Deviation,Normal + Constant variance,Down (↓),0.95,0.01,0,frequentist_restricted,0.1581305870336056,0.4465380619112882,1.1133872422451832,24.710218689540348,-8.355109344770174,3.698801391449624e-05,0.07129144504871254,0.07129144504871254,0.9725918462899095,1.0,-0.03102104606886315,0.012176288483306335,True,Recommended - Lowest BMDL,,False
MSANTD3_92377,MSANTD3_92377,,,,,"0.0,0.1,1.0,10.0","12,3,3,3","0.23804428854162765,0.1353764412810616,0.4300039766249105,0.5894697451537946","-0.018126563122330446,-0.08911080036299479,0.22065135131622052,0.5745094450197326",2,Power,1.0 Standard Deviation,Normal + Constant variance,Up (↑),0.95,0.01,0,frequentist_restricted,3.1535660457281223,4.978242680238169,11.697735205179914,14.404176042442927,-4.2020880212214635,0.011638713230302744,0.07565248676546887,0.07565248676546887,0.5227502191636866,2.0,0.9664311182040615,-0.16975445076744194,True,Recommended - Lowest AIC,,False
MSANTD4_14989,MSANTD4_14989,,,,,"0.0,0.1,1.0,10.0","12,3,3,3","0.4244182326811675,0.08915886828691011,0.30956797403970915,0.4883987668703796","-0.05633917547540856,-0.10410891624791381,0.017778269583699418,-1.09971516641228",1,Polynomial 2,1.0 Standard Deviation,Normal + Constant variance,Down (↓),0.95,0.01,2,frequentist_restricted,2.4650174305249357,5.844160318374634,7.739253782287864,22.469507500998834,-8.234753750499417,0.0007924947289482676,0.051260912646022394,0.051260912646022394,0.8974697471586457,2.0,-0.0037749007082445107,-0.05828866638850543,True,Recommended - Lowest AIC,,False
MSRB1_87742,MSRB1_87742,,,,,"0.0,0.1,1.0,10.0","12,3,3,3","0.48702925732663427,0.5609533606233116,0.5840710176144674,0.3775886891779316","-0.07261778806643611,-0.08624955981634887,-0.33430437440443356,-1.0344896931252314",0,Linear,1.0 Standard Deviation,Normal + Constant variance,Down (↓),0.95,0.01,1,frequentist_unrestricted,3.049744357451019,4.751935005187988,10.636686810393805,32.17115829856711,-13.085579149283554,0.12579449076620053,0.866144384029555,0.866144384029555,0.8418586953667507,2.0,-0.539564168551936,0.20093276533022386,True,Recommended - Lowest AIC,,False
MTERF3_4338,MTERF3_4338,,,,,"0.0,0.1,1.0,10.0","12,3,3,3","0.20440687824844558,0.47752017845770467,0.22758840166585065,0.6431707412722009","-0.01340441539541847,0.024443117756931088,-0.25205488153904293,-0.7860041695657678",0,Linear,1.0 Standard Deviation,Normal + Constant variance,Down (↓),0.95,0.01,1,frequentist_unrestricted,2.6501125887245665,3.9353466033935547,7.5464051839817525,15.415878615655005,-4.707939307827503,0.002195736434599027,0.052491833906589735,0.052491833906589735,0.6455411761611104,2.0,-0.8275103953774181,0.19512821212418338,True,Recommended - Lowest AIC,,False
MTPN_33637,MTPN_33637,,,,,"0.0,0.1,1.0,10.0","12,3,3,3","0.2743374399516925,0.16324336372883566,0.2097522904921853,0.4269911857095394","-0.02490745123880996,-0.2606085872593975,-0.3910356073998928,-0.6529902945063221",0,Linear,1.0 Standard Deviation,Normal + Constant variance,Down (↓),0.95,0.01,1,frequentist_unrestricted,3.1330759796658745,4.932682514190674,11.475405691095572,12.003038152019005,-3.0015190760095027,0.014498432024596442,0.36172077885688925,0.36172077885688925,0.11684175718647694,2.0,-1.3872148057618736,1.0667626156533216,True,Recommended - Lowest AIC,,False
MVK_21935,MVK_21935,,,,,"0.0,0.1,1.0,10.0","12,3,3,3","0.7157660498909675,0.9395992845059709,1.1906871065746438,0.46583010320275015","-0.1420216406871947,-0.5013364488139372,-0.9822431347953309,-2.028308580963519",3,Hill,1.0 Standard Deviation,Normal + Constant variance,Down (↓),0.95,0.01,0,frequentist_restricted,0.09846564860419181,0.7561412744766304,6.027731465073155,53.63316139103769,-22.816580695518844,0.017628450080629632,0.491451167515933,0.491451167515933,0.6134406920317956,1.0,0.12377113962821375,0.17735521360034096,True,Recommended - Lowest BMDL,BMD/BMDL ratio > 3.0,False
N4BP2L1_89654,N4BP2L1_89654,,,,,"0.0,0.1,1.0,10.0","12,3,3,3","0.8358051396195303,0.9350069307303277,0.7619482254411802,0.8330299841410715","-0.2292358319373173,-0.57533244127689,1.7136533214574807,1.236549817895379",3,Hill,1.0 Standard Deviation,Normal + Constant variance,Up (↑),0.95,0.01,0,frequentist_restricted,0.10974886447463039,0.313097324360587,0.9224767720847387,56.885867890711005,-24.442933945355502,0.010503868682522954,0.9514220111259191,0.9514220111259191,0.2999691453234775,1.0,-0.6188542946692505,0.30942713646767794,True,Recommended - Lowest AIC,,False
NAA10_27550,NAA10_27550,,,,,"0.0,0.1,1.0,10.0","12,3,3,3","0.15963612930157053,0.40907705867237976,0.23631364107706038,1.0494744808451117","-0.007928664101684324,0.02086918300678294,-0.1888908241502194,-1.1416127095874298",1,Polynomial 2,1.0 Standard Deviation,Normal + Nonconstant variance,Down (↓),0.95,0.01,2,frequentist_restricted,3.037964451148667,4.2020392417907715,4.613935963699363,10.924962241238315,-1.4624811206191572,1.9588806843273687e-06,0.00010058622564013131,0.4600495712352968,0.12029794260496551,2.0,-1.1910941489135414,-0.1857391613998263,True,Recommended - Lowest AIC,,False
NAA50_87612,NAA50_87612,,,,,"0.0,0.1,1.0,10.0","12,3,3,3","0.3837664279310229,0.2632005518666199,0.7841295871104204,0.47692573115066933","-0.05169083534316362,-0.5580005025380549,-0.29488057580184235,-0.8770246810693291",0,Linear,1.0 Standard Deviation,Normal + Constant variance,Down (↓),0.95,0.01,1,frequentist_unrestricted,3.603529380227437,6.057388782501221,18.78675136327971,31.05350281896635,-12.526751409483175,0.04379144127747603,0.30568548951907726,0.30568548951907726,0.18010205699246296,2.0,0.039266940733577824,0.8669523322311308,True,Recommended - Lowest AIC,,False
NAALAD2_10965,NAALAD2_10965,,,,,"0.0,0.1,1.0,10.0","12,3,3,3","0.8513918682243766,0.6630507847603494,0.3031351597938147,0.660036494304864","-0.19863129755810113,0.20787593224387538,0.7213347800587918,1.708598208570284",3,Hill,1.0 Standard Deviation,Normal + Constant variance,Up (↑),0.95,0.01,0,frequentist_restricted,0.07699523868808089,0.5971772020227601,4.4602272255047595,52.157288074764004,-22.078644037382002,0.004195061185524596,0.17933174418955333,0.17933174418955333,0.5616474356478649,1.0,-0.1638503833971868,-0.1960514556000525,True,Recommended - Lowest BMDL,BMD/BMDL ratio > 3.0,False
NBPF1_93232,NBPF1_93232,,,,,"0.0,0.1,1.0,10.0","12,3,3,3","0.20285275459683,0.20089207352665295,0.3115403319157885,0.5869532890289164","-0.012678213038543792,-0.04393188156671165,0.13575916453584472,0.5730170210895932",0,Linear,1.0 Standard Deviation,Normal + Constant variance,Up (↑),0.95,0.01,1,frequentist_unrestricted,2.919795695223328,4.474351406097412,9.469553830868216,9.371364379562618,-1.6856821897813086,0.011821751130083435,0.10312585489736947,0.10312585489736947,0.8191616394337982,2.0,0.5439929104292743,-0.09894742076749591,True,Recommended - Lowest BMDL,,False
NCAPD3_16724,NCAPD3_16724,,,,,"0.0,0.1,1.0,10.0","12,3,3,3","0.2572251253274073,0.34182945423385386,0.39928725151966366,0.3059473093812607","-0.020453674695844564,0.10537394557792633,0.17371081576494482,-0.7189471562341362",1,Polynomial 2,1.0 Standard Deviation,Normal + Constant variance,Down (↓),0.95,0.01,2,frequentist_restricted,2.7512557984339296,6.045401096343994,8.150944014288255,11.312903633474253,-2.656451816737127,0.015555886525256857,0.9283086503779867,0.9283086503779867,0.4500905005106093,2.0,-0.00933785627145929,-0.6856313974376639,True,Recommended - Lowest AIC,,False
NCAPG2_4481,NCAPG2_4481,,,,,"0.0,0.1,1.0,10.0","12,3,3,3","0.6950242321305725,0.2986313972289832,0.45572198092204863,0.8025778739577598","-0.13850307943439483,0.3906260594403146,0.14687549814041154,1.1593927538416757",0,Linear,1.0 Standard Deviation,Normal + Constant variance,Up (↑),0.95,0.01,1,frequentist_unrestricted,3.213920673939896,5.115410089492798,12.396902155555445,44.924886540627895,-19.462443270313948,0.030536580241783406,0.23878779252394777,0.23878779252394777,0.4022275849002911,2.0,0.1518715591704173,-0.636225332957128,True,Recommended - Lowest AIC,,False
NCLN_12362,NCLN_12362,,,,,"0.0,0.1,1.0,10.0","12,3,3,3","0.51232288170007,0.22804626465838784,0.3559190943852712,0.21559481259623137","-0.07900896769193887,-0.30203379841421235,-0.03935266013627944,-0.9224884945483255",1,Polynomial 2,1.0 Standard Deviation,Normal + Constant variance,Down (↓),0.95,0.01,2,frequentist_restricted,3.2267617346689965,7.073402404785156,11.277695745487037,27.83712271451014,-10.91856135725507,0.016071802644021416,0.09397008400958007,0.09397008400958007,0.6483367715321702,2.0,-0.003200075310427221,0.2495463703976129,True,Recommended - Lowest AIC,,False
NCS1_23900,NCS1_23900,,,,,"0.0,0.1,1.0,10.0","12,3,3,3","0.531208213184643,0.3839354409589148,0.3270691666946121,0.5456985959594721","-0.08335752831970374,-0.33894639655311803,-0.04581287475844179,-1.3425269763112153",0,Linear,1.0 Standard Deviation,Normal + Constant variance,Down (↓),0.95,0.01,1,frequentist_unrestricted,2.5561410982150576,3.754945993423462,6.985696751927973,33.06044855387209,-13.530224276936046,0.012292525862964143,0.5314507444533083,0.5314507444533083,0.5429238709453834,2.0,0.6640293657295658,0.12331219714850838,True,Recommended - Lowest BMDL,,False
NCSTN_20925,NCSTN_20925,,,,,"0.0,0.1,1.0,10.0","12,3,3,3","0.33586766920788486,0.31390135990281404,0.34640889230245303,0.3602871241969786","-0.03423443361487338,0.13791523047917137,0.2968423944937682,0.9204794058521278",3,Hill,1.0 Standard Deviation,Normal + Constant variance,Up (↑),0.95,0.01,0,frequentist_restricted,0.20413819550963871,0.9042337813311812,9.492071466147124,17.987679917420934,-4.993839958710467,0.011707189687493846,0.9653405017056007,0.9653405017056007,0.5084595482394993,1.0,-0.11850244155938412,-0.24657026113888794,True,Recommended - Lowest BMDL,BMD/BMDL ratio > 3.0,False
NDUFA7_15427,NDUFA7_15427,,,,,"0.0,0.1,1.0,10.0","12,3,3,3","0.37272939961496065,0.8165407582233926,0.24440373143107744,0.3803834206152425","-0.04424504087618478,-0.3610975564325402,-0.31353430627324635,0.7892538594517685",1,Polynomial 2,1.0 Standard Deviation,Normal + Constant variance,Up (↑),0.95,0.01,2,frequentist_restricted,3.1340197369731455,6.682744026184082,9.664035238979816,28.71936309521733,-11.359681547608664,0.00928924361728245,0.18727105418093792,0.18727105418093792,0.33706713342134953,2.0,0.007577309032583323,0.8247728590405771,True,Recommended - Lowest AIC,,False
NEDD9_24522,NEDD9_24522,,,,,"0.0,0.1,1.0,10.0","12,3,3,3","0.7790194783705813,0.3985085453849623,0.5638080183039197,0.7558619918208224","-0.15570515330304344,-0.5941661655393512,-1.498722135576962,-2.2432961955827144",3,Hill,1.0 Standard Deviation,Normal + Constant variance,Down (↓),0.95,0.01,0,frequentist_restricted,0.050805280431297374,0.23944702802526602,1.0055121342569198,49.36327062343402,-20.68163531171701,0.001350458053987258,0.39296197964012103,0.39296197964012103,0.750776351209233,1.0,-0.2551091669899155,0.08181240415107349,True,Recommended - Lowest AIC,BMD/BMDL ratio > 3.0,False
NEMP1_14991,NEMP1_14991,,,,,"0.0,0.1,1.0,10.0","12,3,3,3","0.39785688328949975,0.2914429373760768,0.1554048011039865,0.2640096241735988","-0.04938102846916217,-0.02092371461514801,0.3856297893644618,0.8805839050008109",2,Power,1.0 Standard Deviation,Normal + Constant variance,Up (↑),0.95,0.01,0,frequentist_restricted,2.5483911879797776,3.7402282064658636,9.286151885214897,19.98401479685034,-6.99200739842517,0.002077467326460969,0.17142525689296528,0.17142525689296528,0.2521879089557042,2.0,1.4818802425193063,-0.5741081038314509,True,Recommended - Lowest AIC,,False
NF2_27579,NF2_27579,,,,,"0.0,0.1,1.0,10.0","12,3,3,3","0.25164311787265453,0.11348185857994762,0.19868872627424844,0.41003949968176034","-0.018680927763969898,0.06758657608955643,-0.1822992084214877,-0.5939247835340997",0,Linear,1.0 Standard Deviation,Normal + Constant variance,Down (↓),0.95,0.01,1,frequentist_unrestricted,2.728109996132955,4.085860252380371,8.043770373392164,5.42659926963528,0.28670036518236,0.009092296752974072,0.19676547527580812,0.19676547527580812,0.588640109942932,2.0,-0.7590803607589516,0.00860324061813198,True,Recommended - Lowest AIC,,False
NIT1_4598,NIT1_4598,,,,,"0.0,0.1,1.0,10.0","12,3,3,3","0.30384028642195343,0.3552730763250562,0.28312934020146324,0.6640750378321677","-0.030373124020807735,0.16851216823820434,0.049833715814256364,0.719446594364021",2,Power,1.0 Standard Deviation,Normal + Constant variance,Up (↑),0.95,0.01,0,frequentist_restricted,3.0380111275593435,4.726424977738411,10.52336001408484,20.051351513177316,-7.025675756588659,0.04378924324574729,0.3662249735354649,0.3662249735354649,0.6682030052747929,2.0,-0.12745773164065805,-0.3437502482038034,True,Recommended - Lowest AIC,,False
NIT2_92583,NIT2_92583,,,,,"0.0,0.1,1.0,10.0","12,3,3,3","0.5739048611964156,0.49569750799260837,0.4968522092407852,0.7534305103527612","-0.1006885915032469,0.6078457190790981,0.362675928442494,1.1126747490165472",0,Linear,1.0 Standard Deviation,Normal + Constant variance,Up (↑),0.95,0.01,1,frequentist_unrestricted,3.350859538255949,5.432126522064209,14.199135462924337,42.62146780896403,-18.310733904482014,0.056096982822322006,0.8251767065019425,0.8251767065019425,0.11934019477642344,2.0,0.5537474351857736,-1.0285785414922948,True,Recommended - Lowest AIC,,False
NLE1_12303,NLE1_12303,,,,,"0.0,0.1,1.0,10.0","12,3,3,3","0.5562153767680802,0.5392076931541213,0.2772104004293844,0.729849964810749","-0.11037286017443082,-0.4828251845107867,-0.1950235598875105,-1.0783985383233523",0,Linear,1.0 Standard Deviation,Normal + Constant variance,Down (↓),0.95,0.01,1,frequentist_unrestricted,3.452089386874647,5.6780290603637695,15.81564056543046,37.59741900148811,-15.798709500744057,0.09906799618510509,0.42901062746853325,0.42901062746853325,0.5219652605668608,2.0,-0.01202769955819529,0.4061587993960525,True,Recommended - Lowest AIC,,False
NOG_87431,NOG_87431,,,,,"0.0,0.1,1.0,10.0","12,3,3,3","0.3775552270402702,0.21958210362164834,0.6655097542575745,0.7253285655307353","-0.045677191706385456,-0.07582534291333055,-0.7325025518064067,-1.2769930207950215",2,Power,1.0 Standard Deviation,Normal + Constant variance,Down (↓),0.95,0.01,0,frequentist_restricted,2.6081148871205477,3.8543472869401256,9.697778002184581,32.8083259905788,-13.4041629952894,0.0017479232849245685,0.21091590637467816,0.21091590637467816,0.12040026035226348,2.0,-1.8076803625095792,0.6794669815385918,True,Recommended - Lowest AIC,,False
NOL6_18053,NOL6_18053,,,,,"0.0,0.1,1.0,10.0","12,3,3,3","0.5207339754630849,0.40364164519383233,0.36215116853316387,0.4305206944849309","-0.08263378208278191,-0.1350030970744626,-0.22083065896331233,-1.6338911126639906",0,Linear,1.0 Standard Deviation,Normal + Constant variance,Down (↓),0.95,0.01,1,frequentist_unrestricted,2.0158056868391183,2.8042209148406982,4.537710360681502,30.489067403062947,-12.244533701531473,0.0016808636519387576,0.6113602720975702,0.6113602720975702,0.9875850273506999,2.0,0.08027221264543288,0.02956177835359257,True,Recommended - Lowest AIC,,False
NOP16_11351,NOP16_11351,,,,,"0.0,0.1,1.0,10.0","12,3,3,3","1.007324597671828,0.7860686073641964,0.7379562407207552,0.2272310886232848","-0.28598856285457414,-0.28121559448400185,-0.40807628364837484,-1.3898042602360874",0,Linear,1.0 Standard Deviation,Normal + Constant variance,Down (↓),0.95,0.01,1,frequentist_unrestricted,4.043642029217977,7.275071144104004,35.8113946515041,56.45818064786843,-25.229090323934216,0.06650640479053471,0.056605590667675454,0.056605590667675454,0.9991166151822475,2.0,0.002350339639300549,-0.003886885082221864,True,Recommended - Lowest AIC,,False
NOSIP_4639,NOSIP_4639,,,,,"0.0,0.1,1.0,10.0","12,3,3,3","0.3313432842128485,0.3144775053660592,0.15157275993542887,0.4351923511229935","-0.03458638890342488,0.12486689125913286,0.015797109497454154,-0.8700436175040331",1,Polynomial 2,1.0 Standard Deviation,Normal + Constant variance,Down (↓),0.95,0.01,2,frequentist_restricted,2.4484771549829882,5.869178771972656,7.7899721508994855,15.063352731038009,-4.531676365519004,0.0045547504391152405,0.35969822469136425,0.35969822469136425,0.7011727118194219,2.0,-0.0013803735999706834,-0.41996489066889664,True,Recommended - Lowest AIC,,False
NPIPA8_34042,NPIPA8_34042,,,,,"0.0,0.1,1.0,10.0","12,3,3,3","0.6324060535141115,1.0926387691371253,0.4579777653217704,0.9061416470278975","-0.11996480116395049,-0.12601537569085752,1.2903732695888537,0.5272203862284098",3,Hill,1.0 Standard Deviation,Normal + Constant variance,Up (↑),0.95,0.01,0,frequentist_restricted,0.10140893581972925,0.29062076559805256,-9999.0,51.42351791115085,-21.711758955575426,0.05518348721270072,0.5150546422877806,0.5150546422877806,0.15966653217904925,1.0,-0.012321710006294253,0.006160850222229314,True,Recommended - Lowest AIC,,False
NPIPB13_90709,NPIPB13_90709,,,,,"0.0,0.1,1.0,10.0","12,3,3,3","0.3982036447468445,0.15121158657427178,0.5311711233271618,0.7066773749457705","-0.048847184457397136,-0.20230397739547792,0.5277665755286894,0.6889097335638185",0,Linear,1.0 Standard Deviation,Normal + Constant variance,Up (↑),0.95,0.01,1,frequentist_unrestricted,3.609399737609573,6.072402000427246,18.918485967961253,31.489633986165483,-12.744816993082742,0.014983195297461727,0.13995666692777398,0.13995666692777398,0.1095887259039462,2.0,-0.1687463783782657,-0.3894744706256664,True,Recommended - Lowest AIC,,False
NPTX2_16969,NPTX2_16969,,,,,"0.0,0.1,1.0,10.0","12,3,3,3","0.5185939823112327,0.6172004995906082,0.19759059352778055,0.5084001135280789","-0.09031100817045212,-0.3330766093555125,-0.6646601417423822,-3.243173563281037",3,Hill,1.0 Standard Deviation,Normal + Constant variance,Down (↓),0.95,0.01,0,frequentist_restricted,0.3612300166729081,0.8009450640806062,3.3851938402323496,34.75447939561465,-13.377239697807326,8.933415707179648e-08,0.2717511256433449,0.2717511256433449,0.5329079379242675,1.0,0.07337920826475774,0.2467794511079463,True,Recommended - Lowest BMDL,,False
NQO1_4668,NQO1_4668,,,,,"0.0,0.1,1.0,10.0","12,3,3,3","0.49079997648748763,0.45187045100314505,0.5717965706687488,0.6827465929683334","-0.07204123446078226,-0.5320610403306135,-0.8156089308742608,-1.5438569323045597",3,Hill,1.0 Standard Deviation,Normal + Constant variance,Down (↓),0.95,0.01,0,frequentist_restricted,0.03802453392814733,0.4193146429483322,2.731117316748446,37.077396133893046,-14.538698066946521,0.008033097271566536,0.9193744620652365,0.9193744620652365,0.27970421979121207,1.0,-0.9340851451479313,0.33689998525588394,True,Recommended - Lowest AIC,BMD/BMDL ratio > 3.0,False
NR2F2_27597,NR2F2_27597,,,,,"0.0,0.1,1.0,10.0","12,3,3,3","0.5415466359750967,0.4048072499903285,0.3932934076431963,0.7429148939746626","-0.09840509537714887,-0.08976086662561607,-0.05988434590630073,-1.0632540386937632",1,Polynomial 2,1.0 Standard Deviation,Normal + Constant variance,Down (↓),0.95,0.01,2,frequentist_restricted,3.1985408047609702,7.06859827041626,11.314085259091158,35.34297176780851,-14.671485883904253,0.11152095851900035,0.5838211176241617,0.5838211176241617,0.9882543978749009,2.0,-0.0013814719106560636,-0.06717044339739643,True,Recommended - Lowest AIC,,False
NRP2_27609,NRP2_27609,,,,,"0.0,0.1,1.0,10.0","12,3,3,3","0.5022073666516986,0.45720058819169607,0.1905058624646652,0.33551735342967753","-0.08077901755376792,-0.4015744522182895,-0.3961426722402816,-1.0764826278430693",0,Linear,1.0 Standard Deviation,Normal + Constant variance,Down (↓),0.95,0.01,1,frequentist_unrestricted,2.975091635492709,4.590818881988525,9.943221555198319,29.63118345057913,-11.815591725289565,0.01449055235350949,0.19237699107707673,0.19237699107707673,0.42273305580282705,2.0,-0.55635496498759,0.7048007937486204,True,Recommended - Lowest AIC,,False
NSDHL_88569,NSDHL_88569,,,,,"0.0,0.1,1.0,10.0","12,3,3,3","0.23103571489693597,0.24789472370100613,0.1661124313268484,0.35981798941215315","-0.016736786358670975,-0.24005391873881307,-0.3339374054732045,-0.5854763756441181",0,Linear,1.0 Standard Deviation,Normal + Constant variance,Down (↓),0.95,0.01,1,frequentist_unrestricted,3.0688793023801115,4.793729782104492,10.824657947590826,6.572576954748888,-0.28628847737444385,0.021216347475711994,0.6377150361079729,0.6377150361079729,0.11022979396625998,2.0,-1.3324860063448496,1.0920161670519837,True,Recommended - Lowest AIC,,False
NSMCE1_15487,NSMCE1_15487,,,,,"0.0,0.1,1.0,10.0","12,3,3,3","0.38406714067471315,0.19550459412223528,0.27098560442666875,0.5202368725454656","-0.04654318385707356,0.25098829273915485,-0.08735541551370311,0.8484975520014579",0,Linear,1.0 Standard Deviation,Normal + Constant variance,Up (↑),0.95,0.01,1,frequentist_unrestricted,2.7769634291576906,4.183404445648193,8.381707413383243,22.3058604471125,-8.15293022355625,0.009953915257443047,0.3149369706073808,0.3149369706073808,0.3052897636156773,2.0,-0.7544692485405887,-0.2845932308911867,True,Recommended - Lowest BMDL,,False
NUDT5_4760,NUDT5_4760,,,,,"0.0,0.1,1.0,10.0","12,3,3,3","0.4181413648554659,0.35442583673498274,0.5821943289861486,0.9419596595028692","-0.05748457368597215,-0.008026313705036777,-0.49834524137541764,-1.4079442742543211",0,Linear,1.0 Standard Deviation,Normal + Constant variance,Down (↓),0.95,0.01,1,frequentist_unrestricted,2.4744414219785718,3.6020374298095703,6.5377657727801886,35.00821717733136,-14.50410858866568,0.005012215080479665,0.29781806332350835,0.29781806332350835,0.554938532695205,2.0,-0.9706066266643664,0.26062674343296904,True,Recommended - Lowest AIC,,False
NUDT7_15454,NUDT7_15454,,,,,"0.0,0.1,1.0,10.0","12,3,3,3","0.7606951975334623,0.5702464698351932,0.3032179534637049,0.5689001737721477","-0.1755674586575906,-0.16315049392949163,-0.35764436962261587,1.9954851809799543",1,Polynomial 2,1.0 Standard Deviation,Normal + Constant variance,Up (↑),0.95,0.01,2,frequentist_restricted,2.1368578412340637,5.287806987762451,6.71179325127961,45.20701013480491,-19.603505067402455,0.0004165711803210126,0.21235535037234665,0.21235535037234665,0.8674363745207958,2.0,-0.48517794287270843,0.17840475751138787,True,Recommended - Lowest AIC,,False
NUP107_4770,NUP107_4770,,,,,"0.0,0.1,1.0,10.0","12,3,3,3","0.32154934091682136,0.528331618415786,0.4851654890337705,0.3858471876719178","-0.03317543016592724,-0.4040951938711322,-0.11504727536816106,-0.9046970692324537",0,Linear,1.0 Standard Deviation,Normal + Constant variance,Down (↓),0.95,0.01,1,frequentist_unrestricted,2.940157944054179,4.516921043395996,9.639702256973393,23.22910326356626,-8.61455163178313,0.041498860240542945,0.8472828576350317,0.8472828576350317,0.26846830517853126,2.0,0.28509339055915267,0.5809620029554843,True,Recommended - Lowest AIC,,False
NUP133_4773,NUP133_4773,,,,,"0.0,0.1,1.0,10.0","12,3,3,3","0.2715286305923509,0.3467477978749866,0.6685759228749381,0.14790910013776762","-0.022961936491905505,-0.10975154330434168,0.5310046937143349,0.2651012232283098",3,Hill,1.0 Standard Deviation,Normal + Constant variance,Up (↑),0.95,0.01,0,frequentist_restricted,0.10443960532779714,0.3276331790234654,-9999.0,19.374212899641915,-5.687106449820957,0.02097557989437826,0.08113013396093971,0.08113013396093971,0.259538348488778,1.0,-0.37908991514571655,0.18954495481965222,True,Recommended - Lowest AIC,BMD/BMDL ratio > 3.0,False
NUP43_11404,NUP43_11404,,,,,"0.0,0.1,1.0,10.0","12,3,3,3","0.7055770727049968,0.2468380678689268,0.3399688875776379,0.7490296579509672","-0.14993820525487217,-0.7806937702443033,0.009791412223130708,-1.327791196099773",1,Polynomial 2,1.0 Standard Deviation,Normal + Constant variance,Down (↓),0.95,0.01,2,frequentist_restricted,3.5837308851887686,7.525615692138672,14.678255085876032,45.65730163960872,-19.82865081980436,0.01131706581904035,0.09177194415961976,0.09177194415961976,0.1940533674612056,2.0,-0.0067465658969289655,0.42912351357000467,True,Recommended - Lowest AIC,,False
NXPH4_26474,NXPH4_26474,,,,,"0.0,0.1,1.0,10.0","12,3,3,3","0.45673846334908735,0.19204248237254148,0.19221897959345197,0.5201823198090431","-0.07062426011722052,-0.43312023351131734,-0.38241853923521757,-0.9074619141677979",0,Linear,1.0 Standard Deviation,Normal + Constant variance,Down (↓),0.95,0.01,1,frequentist_unrestricted,3.2831474532946405,5.274868011474609,13.269707023276043,27.079479894910172,-10.539739947455086,0.012786738435298095,0.10060608996945664,0.10060608996945664,0.29175723330809955,2.0,-0.6079793659148411,0.8295812766450744,True,Recommended - Lowest AIC,,False
NYNRIN_89727,NYNRIN_89727,,,,,"0.0,0.1,1.0,10.0","12,3,3,3","0.4364338060979782,0.31711988445118544,0.2220791928835644,0.6360190078727044","-0.06452551089882491,-0.19530448574048964,0.37002276001400086,0.9661555399138243",2,Power,1.0 Standard Deviation,Normal + Constant variance,Up (↑),0.95,0.01,0,frequentist_restricted,2.682284120007898,3.9975689682076574,9.845451879146035,28.430370961531732,-11.215185480765866,0.006858526550945876,0.29045306030823326,0.29045306030823326,0.31390332290244327,2.0,1.277290696580371,-0.22580180601241362,True,Recommended - Lowest AIC,,False
OPTN_24820,OPTN_24820,,,,,"0.0,0.1,1.0,10.0","12,3,3,3","0.3312769527983188,0.33729267608039143,0.27011265218028907,0.10145091707182528","-0.03522117273718794,-0.030696512700419742,0.3858204993167201,0.8734379058118016",2,Power,1.0 Standard Deviation,Normal + Constant variance,Up (↑),0.95,0.01,0,frequentist_restricted,2.349919395426345,3.3774234096020743,9.684863501497922,14.935539156108465,-4.467769578054233,0.0006002240313404128,0.15351149406256648,0.15351149406256648,0.18369932381284693,2.0,1.6337575898888523,-0.5793710212741968,True,Recommended - Lowest AIC,,False
ORC5_15526,ORC5_15526,,,,,"0.0,0.1,1.0,10.0","12,3,3,3","0.7462455465275414,0.37437429366701314,0.38107463860264407,1.1582653999425583","-0.18012245709755617,-0.796102653588863,-0.3363164739110864,1.2896588060756862",1,Polynomial 2,1.0 Standard Deviation,Normal + Constant variance,Up (↑),0.95,0.01,2,frequentist_restricted,2.9335917360265573,6.614139080047607,9.487162552458166,50.6287757799611,-22.31438788998055,0.006453037797610195,0.13309528384493796,0.13309528384493796,0.3754946405566879,2.0,0.0011311651195510624,0.6496232507632543,True,Recommended - Lowest AIC,,False
ORMDL1_18068,ORMDL1_18068,,,,,"0.0,0.1,1.0,10.0","12,3,3,3","0.4998454528844479,0.3215520014482944,0.26290247450479703,0.6610874611208999","-0.07284094621140168,0.5076253451309641,0.3192536634609365,1.0284373535602727",0,Linear,1.0 Standard Deviation,Normal + Constant variance,Up (↑),0.95,0.01,1,frequentist_unrestricted,3.1157880055526546,4.894139766693115,11.29100873840936,34.73783961394037,-14.368919806970187,0.012402429202827303,0.3020363869370182,0.3020363869370182,0.1263713831294101,2.0,0.5533437925143044,-1.0172863405055124,True,Recommended - Lowest AIC,,False
OSGEPL1_10764,OSGEPL1_10764,,,,,"0.0,0.1,1.0,10.0","12,3,3,3","0.18738512580369618,0.302880550516356,0.47670508027677166,0.16733703668481417","-0.010923292578538107,0.07232914988517485,0.21463870748398572,0.5898054868728824",3,Hill,1.0 Standard Deviation,Normal + Constant variance,Up (↑),0.95,0.01,0,frequentist_restricted,0.17262443420783696,1.0097910300976396,9.519512159764854,5.411161400558196,1.2944192997209016,0.0071692233223976665,0.1787340721696199,0.1787340721696199,0.7181100158114866,1.0,-0.06995216582586748,-0.1333436306137185,True,Recommended - Lowest BMDL,BMD/BMDL ratio > 3.0,False
OVOL2_11592,OVOL2_11592,,,,,"0.0,0.1,1.0,10.0","12,3,3,3","0.6868601075021248,0.778001612645858,0.4317959024200208,0.7415589024361592","-0.1533562127352124,-0.5167341217151471,-0.39023925291684786,1.5294508972620928",1,Polynomial 2,1.0 Standard Deviation,Normal + Constant variance,Up (↑),0.95,0.01,2,frequentist_restricted,2.5554029784315695,5.931379795074463,7.916582625580888,46.033078001770264,-20.016539000885132,0.009679482817950391,0.6952316213700049,0.6952316213700049,0.5942665393419764,2.0,0.004264566186543602,0.5673080627746518,True,Recommended - Lowest AIC,,False
OXSR1_4880,OXSR1_4880,,,,,"0.0,0.1,1.0,10.0","12,3,3,3","0.5013697831273816,0.29163517844491393,0.5831364286295868,0.2947040427511611","-0.08007988981348711,-0.4149513332911065,-0.2091805058427508,-1.0106227218464594",0,Linear,1.0 Standard Deviation,Normal + Constant variance,Down (↓),0.95,0.01,1,frequentist_unrestricted,3.183074210377898,5.0449347496032715,12.03307885713832,31.010975557621094,-12.505487778810547,0.04799735815257278,0.35289385251786265,0.35289385251786265,0.5024664977409311,2.0,0.07559862540291327,0.4834536379311896,True,Recommended - Lowest AIC,,False
PAAF1_20785,PAAF1_20785,,,,,"0.0,0.1,1.0,10.0","12,3,3,3","0.20867121387982643,0.21725917886892512,0.3612777571114315,0.1216836507112225","-0.013814962526208896,0.15512835006954406,0.6452767385114712,0.7346884034066741",5,Exponential 5,1.0 Standard Deviation,Normal + Constant variance,Up (↑),0.95,0.01,0,frequentist_restricted,0.10575417818104721,0.138978511095047,0.19855208374725677,0.6659772737117597,3.66701136314412,7.891758595912624e-05,0.36122715629770075,0.36122715629770075,0.7850683721304634,1.0,0.01815868017747853,-0.23833594208701026,True,Recommended - Lowest AIC,,False
PABPC1_10760,PABPC1_10760,,,,,"0.0,0.1,1.0,10.0","12,3,3,3","0.15765877613842572,0.15195265274959036,0.34796943049970963,0.3807908114481122","-0.008040772477337726,0.2257742440371923,0.6848118622039662,0.9420482046683917",3,Hill,1.0 Standard Deviation,Normal + Constant variance,Up (↑),0.95,0.01,0,frequentist_restricted,0.03525901055950769,0.09584242932492201,0.4233610695731961,0.3714221712567847,3.8142889143716077,3.095764826155367e-06,0.16066950392183066,0.16066950392183066,0.7769465623889569,1.0,0.1899283788400049,-0.05213365788562984,True,Recommended - Lowest BMDL,,False
PACC1_12358,PACC1_12358,,,,,"0.0,0.1,1.0,10.0","12,3,3,3","0.6903226046685642,0.2345536545574825,1.2608598643993865,0.48733018798815614","-0.15905946176580785,-0.5115685806601877,-1.096508173150226,-1.2468559216074908",0,Linear,1.0 Standard Deviation,Normal + Constant variance,Down (↓),0.95,0.01,1,frequentist_unrestricted,4.0849890158459345,7.400742769241333,38.800889902495065,51.61987893035318,-22.80993946517659,0.017577587703370146,0.05932668719892431,0.05932668719892431,0.14938567647101542,2.0,0.16190798206904358,0.8990046191795162,True,Recommended - Lowest AIC,,False
PACS2_11476,PACS2_11476,,,,,"0.0,0.1,1.0,10.0","12,3,3,3","0.2343529906379177,0.5452975712258822,0.548810529160746,0.6534000348356109","-0.01721805960847191,-0.1348549668965396,0.6848791717865349,0.5064768220984898",3,Hill,1.0 Standard Deviation,Normal + Constant variance,Up (↑),0.95,0.01,0,frequentist_restricted,0.10867566318485403,0.3214857980454876,-9999.0,24.79716060834263,-8.398580304171315,0.009942010620227038,0.11767169335055383,0.11767169335055383,0.42709063633880406,1.0,-0.45158859980063615,0.2257942635848686,True,Recommended - Lowest AIC,Control stdev. fit > 1.5,False
PAFAH1B2_22618,PAFAH1B2_22618,,,,,"0.0,0.1,1.0,10.0","12,3,3,3","0.3060900791111975,0.6536628059127987,0.1868088421350232,0.42738930943618164","-0.033158327676518363,-0.02998553914665684,-0.9146128609222514,-0.5424220881528375",3,Hill,1.0 Standard Deviation,Normal + Constant variance,Down (↓),0.95,0.01,0,frequentist_restricted,0.1573835209307049,0.2806595645472073,0.9623701076736441,23.137143618324043,-7.568571809162021,0.004240842964360225,0.20664408487938113,0.20664408487938113,0.1795514247688449,1.0,0.012670856979854511,-0.006335461789959771,True,Recommended - Lowest AIC,,False
PAK1IP1_16895,PAK1IP1_16895,,,,,"0.0,0.1,1.0,10.0","12,3,3,3","0.537100308793565,0.4718465282563994,0.6692421776012996,1.057008665197327","-0.09822741982501663,-0.057996699049717194,-1.279344022192509,-0.9913168560244223",3,Hill,1.0 Standard Deviation,Normal + Constant variance,Down (↓),0.95,0.01,0,frequentist_restricted,0.1028290678271537,0.30628333295782584,108.28150223057193,44.15274154207273,-18.076370771036366,0.0337282502438081,0.5018038266041857,0.5018038266041857,0.5293961364269979,1.0,0.09741230389957253,-0.04870615389731307,True,Recommended - Lowest AIC,,False
PARP1_4934,PARP1_4934,,,,,"0.0,0.1,1.0,10.0","12,3,3,3","0.2943565135815549,0.23646632007308643,0.2802198979916767,0.36176197768178425","-0.026075753605410566,-0.2502397880353517,-0.1653357910204352,-0.777944436076218",3,Hill,1.0 Standard Deviation,Normal + Constant variance,Down (↓),0.95,0.01,0,frequentist_restricted,0.42910551192579305,2.5005077596862515,9.856741110817694,13.427354240007578,-2.7136771200037892,0.024254585275248708,0.8541120822896016,0.8541120822896016,0.22358320415842237,1.0,0.1393390208144424,0.4762721764746344,True,Recommended - Lowest BMDL,BMD/BMDL ratio > 3.0,False
PARP2_28373,PARP2_28373,,,,,"0.0,0.1,1.0,10.0","12,3,3,3","0.26154656453469294,0.30352200382298383,0.44141728815729864,0.7212387453315127","-0.02266485745920593,0.25782189947425493,0.43594780129297295,0.6004547297725445",2,Power,1.0 Standard Deviation,Normal + Constant variance,Up (↑),0.95,0.01,0,frequentist_restricted,3.8621045099488804,6.7490418935570595,26.468038137782823,23.699674618800803,-8.849837309400401,0.030935661551955373,0.16751747609023615,0.16751747609023615,0.1389713965795054,2.0,-0.1468710555927459,-1.0140103446445148,True,Recommended - Lowest AIC,,False
PAX6_4946,PAX6_4946,,,,,"0.0,0.1,1.0,10.0","12,3,3,3","0.5753911479102165,0.3261279012089481,0.8000931245656321,0.8234266567611407","-0.09789631054354159,-0.003394548230951311,-0.7349604611516298,0.902612835605714",1,Polynomial 2,1.0 Standard Deviation,Normal + Constant variance,Up (↑),0.95,0.01,2,frequentist_restricted,3.8366611925937772,7.447612285614014,13.030267895200216,44.31769164229583,-19.158845821147914,0.04426581272709773,0.47018804837565387,0.47018804837565387,0.18462981527746503,2.0,0.015946965674221984,0.5250832853281351,True,Recommended - Lowest AIC,,False
PBX1_26409,PBX1_26409,,,,,"0.0,0.1,1.0,10.0","12,3,3,3","0.47598106276839414,0.39240751822802766,0.306773636535079,0.952513443781954","-0.06815875714517301,-0.05040224794995901,-0.34203189168580733,0.9139756247012031",1,Polynomial 2,1.0 Standard Deviation,Normal + Constant variance,Up (↑),0.95,0.01,2,frequentist_restricted,3.27381432727411,6.907463073730469,10.295120225860177,35.50270116417104,-14.75135058208552,0.025217556344340974,0.21020571466693383,0.21020571466693383,0.6412458493820394,2.0,0.008491967363840162,0.31211437113293666,True,Recommended - Lowest AIC,,False
PC_24475,PC_24475,,,,,"0.0,0.1,1.0,10.0","12,3,3,3","0.4180586704772547,0.40354091989868246,0.0963879852923972,0.6126042187083588","-0.055788588287069125,-0.519330809308221,-0.29077228360523605,-1.167462378094652",2,Power,1.0 Standard Deviation,Normal + Constant variance,Down (↓),0.95,0.01,0,frequentist_restricted,2.6844103186896797,4.001704678533277,9.914185241142288,28.059146203236953,-11.029573101618476,0.0011183268267462854,0.06284811039004756,0.06284811039004756,0.20121247693417232,2.0,-0.1535344583451914,0.8168772380473706,True,Recommended - Lowest AIC,,False
PDCD7_89918,PDCD7_89918,,,,,"0.0,0.1,1.0,10.0","12,3,3,3","0.1420297064326543,0.27610298679100403,0.4276891053058582,0.2795745884647365","-0.006172731177871485,0.11648060046907945,-0.13989736410425915,0.5263288068074475",0,Linear,1.0 Standard Deviation,Normal + Constant variance,Up (↑),0.95,0.01,1,frequentist_unrestricted,2.8057525746304273,4.24196720123291,8.590923641699272,2.4935503390520872,1.7532248304739564,0.003303944243470025,0.12331536216077676,0.12331536216077676,0.20940441922999298,2.0,-1.3810390938525878,0.13566820514229183,True,Recommended - Lowest BMDL,Control stdev. fit > 1.5,False
PDGFRA_19329,PDGFRA_19329,,,,,"0.0,0.1,1.0,10.0","12,3,3,3","0.7743416743479375,2.062405742275203,0.6142050653760576,0.8376708864750763","-0.17014312347098823,-0.504065269415742,1.3533084337101566,0.5374945680246834",3,Hill,1.0 Standard Deviation,Normal + Constant variance,Up (↑),0.95,0.01,0,frequentist_restricted,0.10621033544074004,0.3368877775492582,-9999.0,64.96370228727679,-28.481851143638394,0.03283393071726082,0.09546835600374015,0.09546835600374015,0.2227859740779906,1.0,-0.49261617877234415,0.24630813819670352,True,Recommended - Lowest AIC,BMD/BMDL ratio > 3.0,False
PDS5A_5046,PDS5A_5046,,,,,"0.0,0.1,1.0,10.0","12,3,3,3","0.23970009605503836,0.3757730043907467,0.15861182591195752,0.4588238686805146","-0.01772277690909495,0.25663648646444065,-0.023862656542070416,0.5087096466643934",1,Polynomial 2,1.0 Standard Deviation,Normal + Constant variance,Up (↑),0.95,0.01,2,frequentist_restricted,3.504581645889437,7.541000843048096,15.133710365197462,11.229202746857677,-2.6146013734288385,0.04420494657947671,0.3226293329606671,0.3226293329606671,0.2570210881554902,2.0,0.003350743509706103,-0.5559232048694894,True,Recommended - Lowest AIC,,False
PERP_15804,PERP_15804,,,,,"0.0,0.1,1.0,10.0","12,3,3,3","0.21339993956108985,0.5210149708632114,0.17711200065876145,0.5672975679971124","-0.014527564217082808,0.6910750673671302,0.621709861098578,0.8848611791753148",5,Exponential 5,1.0 Standard Deviation,Normal + Constant variance,Up (↑),0.95,0.01,0,frequentist_restricted,0.03299129002350859,0.04769604653120041,0.08587990260332257,17.920909988562293,-4.960454994281147,8.729932060780321e-05,0.06342789741369215,0.06342789741369215,0.11343723693461083,1.0,-0.18558494228498576,-0.18558494228498576,True,Recommended - Lowest AIC,lowest dose/BMDL ratio > 3.0,False
PFAS_91084,PFAS_91084,,,,,"0.0,0.1,1.0,10.0","12,3,3,3","0.6694412820746479,0.49439924036658667,0.43935226670129834,0.7389200934539245","-0.14810540757762858,-0.16225026341776225,-0.33517711610741036,-1.7012457507402161",0,Linear,1.0 Standard Deviation,Normal + Constant variance,Down (↓),0.95,0.01,1,frequentist_unrestricted,2.524485736679894,3.6951708793640137,6.807643909961973,42.2200290286127,-18.11001451430635,0.01948910284200589,0.5895975040129937,0.5895975040129937,0.9960102862500584,2.0,-0.08250441149297345,0.02812237324732886,True,Recommended - Lowest AIC,,False
PFDN1_92573,PFDN1_92573,,,,,"0.0,0.1,1.0,10.0","12,3,3,3","0.730322753826791,0.4730236187569639,0.8235059089425739,1.110130349221332","-0.16210837273536552,0.050077684972190846,-0.6271899908261876,-2.0451964580043174",0,Linear,1.0 Standard Deviation,Normal + Constant variance,Down (↓),0.95,0.01,1,frequentist_unrestricted,2.535730635534426,3.7163889408111572,6.870349820322118,51.086332874422986,-22.543166437211493,0.014756894808774512,0.5790701241252837,0.5790701241252837,0.6741633673016998,2.0,-0.6643123736728046,0.015137055517247571,True,Recommended - Lowest AIC,,False
PFN2_17702,PFN2_17702,,,,,"0.0,0.1,1.0,10.0","12,3,3,3","0.35928488995700647,0.38562311279435607,0.26945875389156937,0.6222208506385677","-0.042946951031317675,0.20657761746500777,-0.018658547507500012,-0.8464876700760362",1,Polynomial 2,1.0 Standard Deviation,Normal + Constant variance,Down (↓),0.95,0.01,2,frequentist_restricted,2.8432506504077693,6.543877124786377,9.30470915056868,23.18586702401495,-8.592933512007475,0.029670892483207756,0.5479891752032661,0.5479891752032661,0.5588221212962312,2.0,0.0005664093696995975,-0.4477393470060102,True,Recommended - Lowest AIC,,False
PGP_24716,PGP_24716,,,,,"0.0,0.1,1.0,10.0","12,3,3,3","0.25590098214529045,0.2643955892456139,0.5560521939698077,0.38865781017245127","-0.02016471052924482,-0.30200565009949776,0.05376252194425716,-0.9080876879282007",1,Polynomial 2,1.0 Standard Deviation,Normal + Constant variance,Down (↓),0.95,0.01,2,frequentist_restricted,2.6175045534563584,6.028034687042236,8.113664788633521,16.41873492867444,-5.2093674643372205,0.003921534641982305,0.43020094443873647,0.43020094443873647,0.2668972847538731,2.0,-0.006333058550170702,0.3731662886317946,True,Recommended - Lowest AIC,,False
PGS1_25333,PGS1_25333,,,,,"0.0,0.1,1.0,10.0","12,3,3,3","0.4140182310658206,0.38635337993374413,0.29499599856213526,1.0978382107224185","-0.053059381425401814,0.2012633507668483,0.16331217816817714,-1.4282928841500417",1,Polynomial 2,1.0 Standard Deviation,Normal + Constant variance,Down (↓),0.95,0.01,2,frequentist_restricted,2.4907201173784337,5.793774127960205,7.6378306711745445,35.47979997434358,-14.739899987171789,0.0006122355706389415,0.06589215977277729,0.06589215977277729,0.6016276704071514,2.0,-0.005393276624926145,-0.5722262177520018,True,Recommended - Lowest AIC,,False
PHACTR1_25671,PHACTR1_25671,,,,,"0.0,0.1,1.0,10.0","12,3,3,3","0.476730360652819,0.6417236990958174,0.7440852824168253,0.7119692875834361","-0.0767325425863762,-0.02660096246094747,-1.7934798163638996,-1.14259203159391",3,Hill,1.0 Standard Deviation,Normal + Constant variance,Down (↓),0.95,0.01,0,frequentist_restricted,0.10270699498397123,0.29063500045518903,0.9128920150672333,41.58711896700237,-16.793559483501184,0.0017088805236772364,0.8967093891962692,0.8967093891962692,0.12616726044074333,1.0,0.12903183385908568,-0.06451588624691354,True,Recommended - Lowest AIC,,False
PHF23_11187,PHF23_11187,,,,,"0.0,0.1,1.0,10.0","12,3,3,3","0.2183699067185078,0.3995780526197499,0.1819906576078135,0.5460250491663571","-0.014885868945341182,-0.18508375373409422,-0.2848559470176714,-1.0603196524677114",3,Hill,1.0 Standard Deviation,Normal + Constant variance,Down (↓),0.95,0.01,0,frequentist_restricted,0.32482439903718774,1.0404752255777823,9.485586545242649,12.915615281392078,-2.457807640696039,0.00018017737281450508,0.155216268211955,0.155216268211955,0.41972223767523786,1.0,0.11313995932174029,0.31132091869587747,True,Recommended - Lowest BMDL,BMD/BMDL ratio > 3.0,False
PIK3C3_5143,PIK3C3_5143,,,,,"0.0,0.1,1.0,10.0","12,3,3,3","0.3853661570433847,0.22309572856233054,0.2939405096633716,0.317274326362065","-0.04494826788471506,0.3466428881046124,0.10894473926069644,0.7001635194826474",0,Linear,1.0 Standard Deviation,Normal + Constant variance,Up (↑),0.95,0.01,1,frequentist_unrestricted,3.2085269585979597,5.103085041046143,12.33231096138918,20.589963964061806,-7.294981982030903,0.03291914563702003,0.46953574831858647,0.46953574831858647,0.1943232440892182,2.0,0.0446582702349893,-0.7884741579627729,True,Recommended - Lowest AIC,,False
PIP5K1A_20679,PIP5K1A_20679,,,,,"0.0,0.1,1.0,10.0","12,3,3,3","0.41164294493600095,0.36739554509660405,0.36040801214838264,0.24893154540267334","-0.055141555405770176,-0.0718844225174,-0.18352958196524624,-0.9329373443484649",3,Hill,1.0 Standard Deviation,Normal + Constant variance,Down (↓),0.95,0.01,0,frequentist_restricted,0.5440657436377184,2.9758248220296335,9.883674762954687,23.050345444418927,-7.525172722209463,0.03199308296823766,0.5881448663328912,0.5881448663328912,0.9880887796523381,1.0,0.0016423908806546868,0.005983958292415219,True,Recommended - Lowest BMDL,BMD/BMDL ratio > 3.0,False
PITPNC1_14039,PITPNC1_14039,,,,,"0.0,0.1,1.0,10.0","12,3,3,3","0.2959964909803852,0.4086876010197346,0.5244627461711867,0.1871932806876257","-0.026416145426074664,-0.22016250028949716,-0.4744573852689619,-0.8118976083161044",3,Hill,1.0 Standard Deviation,Normal + Constant variance,Down (↓),0.95,0.01,0,frequentist_restricted,0.04563997525850827,0.42877652713789655,3.312168045728256,17.62921046641807,-4.8146052332090346,0.012555857791282099,0.39971667043456505,0.39971667043456505,0.589120766917326,1.0,-0.4574382500979021,0.15686512615883216,True,Recommended - Lowest BMDL,BMD/BMDL ratio > 3.0,False
PKN1_91040,PKN1_91040,,,,,"0.0,0.1,1.0,10.0","12,3,3,3","0.77653248692938,0.39522431311836337,0.3471403778776946,0.6248018651696887","-0.1356138445811801,0.31798912310163313,0.6912805951843154,0.8621811149583497",0,Linear,1.0 Standard Deviation,Normal + Constant variance,Up (↑),0.95,0.01,1,frequentist_unrestricted,4.200471370356296,7.756999731063843,49.9221023389518,48.96837947061856,-21.48418973530928,0.04857940641440506,0.16112024555224458,0.16112024555224458,0.15521159439765597,2.0,-0.14872433246309805,-0.9669194775609433,True,Recommended - Lowest AIC,,False
PLA2G15_5170,PLA2G15_5170,,,,,"0.0,0.1,1.0,10.0","12,3,3,3","0.7242365924472225,0.9408878097465495,0.1706761739409407,0.8769046269556049","-0.1581653031355824,0.37236439747128935,0.3355292173898601,-1.6894831122983645",1,Polynomial 2,1.0 Standard Deviation,Normal + Constant variance,Down (↓),0.95,0.01,2,frequentist_restricted,2.9751432194500227,6.404496431350708,8.963885569894408,50.47499323860028,-22.23749661930014,0.002224869146679187,0.0813441168632767,0.0813441168632767,0.3077578007676127,2.0,-0.008472555934526957,-0.8589802997182308,True,Recommended - Lowest AIC,,False
PLCXD1_21064,PLCXD1_21064,,,,,"0.0,0.1,1.0,10.0","12,3,3,3","0.7867102424723718,0.2631239990494472,0.8381714894036447,0.4060695869509216","-0.1707443961724372,0.4431982043426452,0.5807958230906863,1.0727784587819944",2,Power,1.0 Standard Deviation,Normal + Constant variance,Up (↑),0.95,0.01,0,frequentist_restricted,3.7320201404090314,6.39352848750041,22.064421573919162,50.51827939390814,-22.25913969695407,0.018592541378292027,0.09460264902015603,0.09460264902015603,0.17612775300751715,2.0,-0.11982610005986988,-0.9895551770179137,True,Recommended - Lowest AIC,,False
PLPP2_13260,PLPP2_13260,,,,,"0.0,0.1,1.0,10.0","12,3,3,3","1.021740171514536,0.45940706478011656,0.9569940232915194,0.36771138122506186","-0.24272818713558833,0.24343823080617444,-1.0511054952873164,-1.8107812741540166",0,Linear,1.0 Standard Deviation,Normal + Constant variance,Down (↓),0.95,0.01,1,frequentist_unrestricted,3.3456188149211434,5.419687032699585,14.123065745609933,59.91433134387596,-26.95716567193798,0.010956696661297838,0.08552491722224631,0.08552491722224631,0.24388133185393235,2.0,-1.2546694623305739,0.0573848188642736,True,Recommended - Lowest AIC,,False
PMPCB_22245,PMPCB_22245,,,,,"0.0,0.1,1.0,10.0","12,3,3,3","0.1791259471247287,0.26154572085263933,0.8776356481543476,0.42252121672339454","-0.010265247648276554,-0.225069168341814,0.5551451176098259,0.5392621957895273",5,Exponential 5,1.0 Standard Deviation,Normal + Nonconstant variance,Up (↑),0.95,0.01,0,frequentist_restricted,0.4465868004746735,0.4517194628715515,0.47366359452935936,13.39535064260469,-1.697675321302345,0.00029173811268312644,0.0025206136097938314,0.25906247457703535,0.3025359456343152,1.0,-1.2580964700288597,-0.20694464961877954,True,Recommended - Lowest AIC,,False
POLB_28436,POLB_28436,,,,,"0.0,0.1,1.0,10.0","12,3,3,3","0.8493020622374174,0.3301185847319808,1.0832995936033585,0.6170708884084751","-0.2117134513817085,0.10217537342515991,0.5440601100470676,1.1679821927162821",2,Power,1.0 Standard Deviation,Normal + Constant variance,Up (↑),0.95,0.01,0,frequentist_restricted,3.567247574195875,5.9637258503765995,17.99038132113897,54.34785584652264,-24.17392792326132,0.051695091728514386,0.20412390270612946,0.20412390270612946,0.39870219318532896,2.0,-0.11239582276127077,-0.6632593755697541,True,Recommended - Lowest AIC,,False
POLH_10761,POLH_10761,,,,,"0.0,0.1,1.0,10.0","12,3,3,3","0.5114491879374802,0.24118186872644679,0.5792024294409055,1.0771273604611062","-0.08684623981225754,0.050872793031684176,-0.3599810324978982,0.7975359873498151",1,Polynomial 2,1.0 Standard Deviation,Normal + Constant variance,Up (↑),0.95,0.01,2,frequentist_restricted,3.8030404135039255,7.768361568450928,17.05363050696242,40.212989198768206,-17.106494599384103,0.04570272227639871,0.12232701043917438,0.12232701043917438,0.613274516339621,2.0,0.008143665582583618,0.15002582135938597,True,Recommended - Lowest AIC,,False
POLR1C_5255,POLR1C_5255,,,,,"0.0,0.1,1.0,10.0","12,3,3,3","0.37185663064722757,0.3095099054808653,0.40293630191771174,0.5781761671324915","-0.04380800314515112,-0.17361552876280792,0.0337383009050618,-1.4058761551123578",1,Polynomial 2,1.0 Standard Deviation,Normal + Constant variance,Down (↓),0.95,0.01,2,frequentist_restricted,2.054341075243703,5.183051824569702,6.5327669777814315,23.135926336375853,-8.567963168187926,0.0009648744513814922,0.7572330215377522,0.7572330215377522,0.7516058116874013,2.0,0.4649670302984466,0.06274468307199146,True,Recommended - Lowest AIC,,False
POLR2A_18363,POLR2A_18363,,,,,"0.0,0.1,1.0,10.0","12,3,3,3","0.1666051269978028,0.3481321304854635,0.2017740843496038,0.6646171539046412","-0.008726354727287685,0.006184116202346361,-0.1519408377620053,-0.7439357971475525",1,Polynomial 2,1.0 Standard Deviation,Normal + Nonconstant variance,Down (↓),0.95,0.01,2,frequentist_restricted,1.5287665783887705,5.052216053009033,5.1567969253063195,5.294305013940475,1.3528474930297625,0.0004510476922297002,0.012591162436685455,0.45106176252271557,0.33338057929227305,2.0,-1.1441258826245075,-0.19910055186125347,True,Recommended - Lowest AIC,BMD/BMDL ratio > 3.0,False
POLR2F_13621,POLR2F_13621,,,,,"0.0,0.1,1.0,10.0","12,3,3,3","0.5452117745065362,0.41515995996525407,0.5056721352664714,0.1556832098586952","-0.09268479582213991,-0.02346752855488925,0.24717261147398142,0.874389206445061",3,Hill,1.0 Standard Deviation,Normal + Constant variance,Up (↑),0.95,0.01,0,frequentist_restricted,0.20190113544619245,1.49561273290286,9.954250977512505,33.675974266306156,-12.83798713315308,0.01844041369742222,0.11913603451143273,0.11913603451143273,0.9329602605945257,1.0,-0.015071733817732047,-0.0315572753473898,True,Recommended - Lowest BMDL,BMD/BMDL ratio > 3.0,False
POLR2M_27257,POLR2M_27257,,,,,"0.0,0.1,1.0,10.0","12,3,3,3","0.42615761226128057,0.44655820512848904,0.5785512818288302,0.44738205959236094","-0.05755654750568905,-0.0025464566804371813,-0.3088561498376278,1.2902613566901238",1,Polynomial 2,1.0 Standard Deviation,Normal + Constant variance,Up (↑),0.95,0.01,2,frequentist_restricted,2.3812310819606215,5.501343011856079,7.086487552038832,28.930545945432034,-11.465272972716017,0.0037904480278693198,0.9636803589217691,0.9636803589217691,0.5584059448641054,2.0,0.009518425007396554,0.2874034060498732,True,Recommended - Lowest AIC,,False
PPME1_18626,PPME1_18626,,,,,"0.0,0.1,1.0,10.0","12,3,3,3","0.1965393641774373,0.11568636349528642,0.5697222796780995,0.4152271176429158","-0.012094701302218723,-0.09562325421799567,0.08400306032543305,-0.6355289231470489",0,Linear,1.0 Standard Deviation,Normal + Nonconstant variance,Down (↓),0.95,0.01,1,frequentist_unrestricted,1.4511476596656587,3.2988977432250977,3.721865911473865,6.991498095508907,0.5042509522455465,0.0021290906146951283,0.027558942785295026,0.19770800003796118,0.47631648850565034,2.0,0.7271410342124124,-0.29708939874057727,True,Recommended - Lowest BMDL,,False
PPP3CB_27716,PPP3CB_27716,,,,,"0.0,0.1,1.0,10.0","12,3,3,3","0.48967451112251004,0.4602444090773716,0.41365165097532186,0.7325048215083133","-0.07752054897500091,-0.2718575969556974,-0.1676654482271871,-1.1410319264057076",0,Linear,1.0 Standard Deviation,Normal + Constant variance,Down (↓),0.95,0.01,1,frequentist_unrestricted,2.9405954598821937,4.517710208892822,9.643348488511787,33.54305752586764,-13.77152876293382,0.08083725182365786,0.7552004198766378,0.7552004198766378,0.8160562962929825,2.0,0.15598325856058243,0.2150133038035955,True,Recommended - Lowest AIC,,False
PPP5C_22340,PPP5C_22340,,,,,"0.0,0.1,1.0,10.0","12,3,3,3","0.4786508684251074,0.30450214913353907,0.21157923583228055,0.8482472653582126","-0.07394310286111856,0.13477358386035387,0.40462197712915354,-1.0536720728087114",0,Linear,1.0 Standard Deviation,Normal + Constant variance,Down (↓),0.95,0.01,1,frequentist_unrestricted,3.0014894342228624,4.647390842437744,10.180594446802269,35.82480600478062,-14.91240300239031,0.0037271275203678567,0.10276324177687379,0.10276324177687379,0.14534409896364842,2.0,1.6127108792716802,-0.8879486156694202,True,Recommended - Lowest BMDL,,False
PPTC7_23614,PPTC7_23614,,,,,"0.0,0.1,1.0,10.0","12,3,3,3","0.1749588448950727,0.11044375507719088,0.16867074329802825,0.16251110861583629","-0.009881054443136686,-0.19231047473537824,-0.024589004988938956,-0.5853880534136372",1,Polynomial 2,1.0 Standard Deviation,Normal + Constant variance,Down (↓),0.95,0.01,2,frequentist_restricted,2.1591591450211873,5.463898181915283,7.017945192449008,-10.798626116803856,8.399313058401928,0.0007793259716105672,0.6645488787377072,0.6645488787377072,0.18644125211319862,2.0,0.24242051887390234,0.682918259468852,True,Recommended - Lowest AIC,,False
PREB_23108,PREB_23108,,,,,"0.0,0.1,1.0,10.0","12,3,3,3","0.5337514773563485,0.3732793510155937,0.40762695278701905,0.30305738084781253","-0.08773739335953142,0.2732558089932929,0.10525315572379486,-0.9005009375527185",1,Polynomial 2,1.0 Standard Deviation,Normal + Constant variance,Down (↓),0.95,0.01,2,frequentist_restricted,3.294469102363649,7.063078880310059,11.004634447070387,32.21080508651991,-13.105402543259954,0.03972327654078067,0.3886385318641854,0.3886385318641854,0.4031165730589461,2.0,-0.004258078823316495,-0.7184513739302026,True,Recommended - Lowest AIC,,False
PRKAR1B_16845,PRKAR1B_16845,,,,,"0.0,0.1,1.0,10.0","12,3,3,3","0.77137065604659,0.2999777070518683,0.19820189099333613,2.3917354723125657","-0.19489699995608092,-0.4651535053232463,-0.21140830527090235,-2.5712108168147743",1,Polynomial 2,1.0 Standard Deviation,Normal + Nonconstant variance,Down (↓),0.95,0.01,2,frequentist_restricted,3.392382948729729,5.407659411430359,7.445676525906723,54.28350139513954,-23.14175069756977,1.854110816845722e-05,0.00019844211957475988,0.05301573238514379,0.1790549678237947,2.0,-1.3708175415931354,-1.0414567684431675,True,Recommended - Lowest AIC,,False
PRKCZ_25185,PRKCZ_25185,,,,,"0.0,0.1,1.0,10.0","12,3,3,3","0.5350454669117756,0.5105054295287729,0.7436145556919921,0.518236471638122","-0.08631647184719789,0.04298746455950562,0.4767917257521077,1.111734321823958",3,Hill,1.0 Standard Deviation,Normal + Constant variance,Up (↑),0.95,0.01,0,frequentist_restricted,0.11661098418458651,0.8236362579554934,7.080432691642338,38.750267788982676,-15.375133894491338,0.0648858745924622,0.8968918267724946,0.8968918267724946,0.901477317076743,1.0,-0.03144770762608584,-0.043232357563265184,True,Recommended - Lowest BMDL,BMD/BMDL ratio > 3.0,False
PRSS8_18105,PRSS8_18105,,,,,"0.0,0.1,1.0,10.0","12,3,3,3","0.6311196188162111,0.13914487025649827,0.5015564945072745,0.4831732410259005","-0.10901510406897646,-0.07506301513200335,-1.4342172693930297,-1.1086750401017589",3,Hill,1.0 Standard Deviation,Normal + Constant variance,Down (↓),0.95,0.01,0,frequentist_restricted,0.10228756234299449,0.29685979245073124,0.9080714697761834,39.65746008304356,-15.828730041521778,0.0007114049281314871,0.057079562895034464,0.057079562895034464,0.4307355111979194,1.0,0.09149668181976661,-0.04574830179658968,True,Recommended - Lowest AIC,,False
PRTFDC1_20130,PRTFDC1_20130,,,,,"0.0,0.1,1.0,10.0","12,3,3,3","0.3938300793712039,0.23066174472973366,0.5160417262838934,0.20555579167756047","-0.04726385007281241,-0.35943429267353616,0.030878325634211296,0.6694464987163373",2,Power,1.0 Standard Deviation,Normal + Constant variance,Up (↑),0.95,0.01,0,frequentist_restricted,2.991335531335429,4.62560089923478,10.059945639277114,22.407798489154498,-8.203899244577249,0.017171211952480947,0.25851590937778013,0.25851590937778013,0.34910470161934004,2.0,0.26381769238392866,0.5196112494529195,True,Recommended - Lowest AIC,,False
PSAT1_10692,PSAT1_10692,,,,,"0.0,0.1,1.0,10.0","12,3,3,3","1.0610314926012332,0.6924064751561616,0.2682112463364998,0.8866563040099676","-0.29463706361409897,-1.4018714627976863,-1.1104530547040874,-1.6237910720678654",0,Linear,1.0 Standard Deviation,Normal + Constant variance,Down (↓),0.95,0.01,1,frequentist_unrestricted,4.469676852506373,8.650968074798584,130.80550717708022,62.98725896640853,-28.493629483204266,0.023704747010622307,0.06844856010820966,0.06844856010820966,0.1121565117543607,2.0,0.09127502463800398,1.077569257249514,True,Recommended - Lowest AIC,,False
PSMB7_92766,PSMB7_92766,,,,,"0.0,0.1,1.0,10.0","12,3,3,3","0.3664666050276847,0.5671709672474285,0.5918479769194607,0.44442424924780616","-0.04091924092208723,0.07466320366858553,-0.9021395985619903,-0.5136356364817755",3,Hill,1.0 Standard Deviation,Normal + Constant variance,Down (↓),0.95,0.01,0,frequentist_restricted,0.1081479198974162,0.3160489635931355,-9999.0,29.816121319281997,-10.908060659640999,0.05922772781808627,0.8498030005613665,0.8498030005613665,0.20264157769574198,1.0,0.3937254179316025,-0.19686270746533344,True,Recommended - Lowest AIC,,False
PSMD14_5527,PSMD14_5527,,,,,"0.0,0.1,1.0,10.0","12,3,3,3","0.518332958223896,0.02388247712080709,0.5935890535934267,0.7142836038112238","-0.08004511207343856,-0.03436455464607622,-0.5663474091352622,-1.2247017062888164",0,Linear,1.0 Standard Deviation,Normal + Nonconstant variance,Down (↓),0.95,0.01,1,frequentist_unrestricted,3.43153607305616,3.694993257522583,3.972917354581705,26.528881702850498,-9.264440851425249,7.889736285693338e-05,0.0008945473459208708,0.06849501674153369,0.45112596908129743,2.0,-1.297246495862383,-0.6621911175974271,True,Recommended - Lowest AIC,,False
PSMD7_92466,PSMD7_92466,,,,,"0.0,0.1,1.0,10.0","12,3,3,3","0.3503466432288191,0.14642817876878927,0.2290304462636069,0.27212353391845995","-0.03636311551707125,-0.2017455108233361,-0.5384993173234781,-0.7746914449471354",3,Hill,1.0 Standard Deviation,Normal + Constant variance,Down (↓),0.95,0.01,0,frequentist_restricted,0.04330454979980803,0.27222169697050586,1.7863158832784776,14.175350059218982,-3.0876750296094913,0.004148078874908978,0.20559462480079493,0.20559462480079493,0.8252341496351431,1.0,-0.16649967239776672,0.05022763513885162,True,Recommended - Lowest AIC,BMD/BMDL ratio > 3.0,False
PSPH_20364,PSPH_20364,,,,,"0.0,0.1,1.0,10.0","12,3,3,3","0.4437309423931964,0.17043458367117043,0.5500237525062847,0.2309077063954877","-0.05973976911540163,-0.014738237759815883,-0.43385279601720755,-0.8816635047689735",2,Power,1.0 Standard Deviation,Normal + Constant variance,Down (↓),0.95,0.01,0,frequentist_restricted,3.069592531621233,4.795105206378464,10.830782065055347,25.922443595932393,-9.961221797966196,0.01229276773243504,0.11798717077354448,0.11798717077354448,0.43901039672338904,2.0,-1.1455710523740237,0.3193595237038371,True,Recommended - Lowest AIC,,False
PTPDC1_12478,PTPDC1_12478,,,,,"0.0,0.1,1.0,10.0","12,3,3,3","0.443305570762203,0.1747032392595496,0.5232143135631043,0.4987880159773864","-0.06340422199454618,-0.02119327866592885,0.330800731739044,1.0845257741225496",2,Power,1.0 Standard Deviation,Normal + Constant variance,Up (↑),0.95,0.01,0,frequentist_restricted,2.4820456177342543,3.6161277654329655,9.429582586044779,27.739785030321872,-10.869892515160936,0.005112896493221997,0.2985166523942775,0.2985166523942775,0.5453688278405722,2.0,0.996644927323591,-0.4119536948827708,True,Recommended - Lowest AIC,,False
PTPN13_21685,PTPN13_21685,,,,,"0.0,0.1,1.0,10.0","12,3,3,3","0.3127237971256583,0.3109549141782786,0.21354099379295813,0.9804879371547003","-0.03001344358354696,-0.004924187330141512,-0.3716579562038098,-1.0968785269004575",0,Linear,1.0 Standard Deviation,Normal + Nonconstant variance,Down (↓),0.95,0.01,1,frequentist_unrestricted,1.372908091555023,2.5485098361968994,4.928530840451501,23.121624939420958,-7.560812469710479,0.00065551722336743,0.018468687126908634,0.14648611547718837,0.7165013871708609,2.0,-1.1444524418487125,-0.6020317307005293,True,Recommended - Lowest AIC,,False
PTPN1_5592,PTPN1_5592,,,,,"0.0,0.1,1.0,10.0","12,3,3,3","0.3855556904815293,0.5803893470981614,0.16243919615551458,0.404972123323628","-0.04472690526114457,-0.48247927825801956,-0.1684724213928869,-1.2322131496590962",0,Linear,1.0 Standard Deviation,Normal + Constant variance,Down (↓),0.95,0.01,1,frequentist_unrestricted,2.4063578152085094,3.4794974327087402,6.196459679992236,25.68750604817157,-9.843753024085785,0.0014061145753690996,0.2611994742219752,0.2611994742219752,0.1969808627652787,2.0,0.27333598714901586,0.6597140068741224,True,Recommended - Lowest AIC,,False
PTRH2_87387,PTRH2_87387,,,,,"0.0,0.1,1.0,10.0","12,3,3,3","0.35287567986006024,0.3481351719906482,0.22139904443496614,0.1966648096665605","-0.038110417552404484,-0.17809712486708343,-0.597166877032874,-0.8912770159611819",3,Hill,1.0 Standard Deviation,Normal + Constant variance,Down (↓),0.95,0.01,0,frequentist_restricted,0.05959633924003446,0.28723708452668884,1.0735381475059114,15.862710336752397,-3.9313551683761987,0.003181060657757584,0.3779043693886066,0.3779043693886066,0.9444143627603406,1.0,-0.05709268515221936,0.01867802720009539,True,Recommended - Lowest AIC,BMD/BMDL ratio > 3.0,False
PWWP3A_23773,PWWP3A_23773,,,,,"0.0,0.1,1.0,10.0","12,3,3,3","0.31374075832856624,0.3405805013844732,0.24199430533004468,0.468435504672203","-0.03048225184109407,0.009680520495407833,0.3406244778278926,-0.6849056665711687",1,Polynomial 2,1.0 Standard Deviation,Normal + Constant variance,Down (↓),0.95,0.01,2,frequentist_restricted,3.385280723141451,6.715302467346191,9.752249734922989,18.383510370645126,-6.191755185322564,0.02272281327418979,0.7391966418087264,0.7391966418087264,0.16779512531989216,2.0,-0.01645847371551496,-0.7381687337297848,True,Recommended - Lowest AIC,,False
PYCR3_23432,PYCR3_23432,,,,,"0.0,0.1,1.0,10.0","12,3,3,3","0.20290905019529185,0.05915659425152984,0.28343796548083844,0.23424010732564582","-0.01289596612556724,-0.06850031293435715,-0.18437912172833829,-0.6715845759474889",3,Hill,1.0 Standard Deviation,Normal + Constant variance,Down (↓),0.95,0.01,0,frequentist_restricted,0.3354608254104826,1.125015722588563,8.70003908920608,-2.851459648162571,5.4257298240812855,0.000415279342612318,0.12845472938697466,0.12845472938697466,0.7663416783870276,1.0,0.04216747414036226,0.11533865328304327,True,Recommended - Lowest BMDL,BMD/BMDL ratio > 3.0,False
PYY_25588,PYY_25588,,,,,"0.0,0.1,1.0,10.0","12,3,3,3","1.0051025825481348,0.9989685051578354,0.5341936476133966,1.2877205643806744","-0.2481454245366669,-1.2895501202074862,-0.5125508144286955,-2.689184429861202",0,Linear,1.0 Standard Deviation,Normal + Constant variance,Down (↓),0.95,0.01,1,frequentist_unrestricted,2.820943770418844,4.272754192352295,8.702406804100068,64.09842207070112,-29.04921103535056,0.01443857743947341,0.4975241862029248,0.4975241862029248,0.22924378233010567,2.0,0.24873256967903615,0.6358850713870932,True,Recommended - Lowest AIC,,False
QARS1_32281,QARS1_32281,,,,,"0.0,0.1,1.0,10.0","12,3,3,3","0.1762201447373437,0.3485577805394072,0.22939242891143763,0.4916773832583427","-0.009682834404226225,0.23073465458095813,0.5192119065081598,0.5967362306916487",3,Hill,1.0 Standard Deviation,Normal + Constant variance,Up (↑),0.95,0.01,0,frequentist_restricted,0.012367948390659767,0.09799166661692013,0.7017240143924133,7.017292622079162,0.4913536889604191,0.0019147628987461474,0.15796256636106087,0.15796256636106087,0.9829410176750604,1.0,0.0073462031108053535,-0.001219253477560253,True,Recommended - Lowest AIC,"lowest dose/BMDL ratio > 3.0
BMD/BMDL ratio > 3.0",False
RAB13_92828,RAB13_92828,,,,,"0.0,0.1,1.0,10.0","12,3,3,3","0.4074178642630779,0.2506212573897783,0.31989442076782537,0.3864705837939891","-0.049289157268828154,-0.007452469475182975,0.10241912078172873,0.9348743158202092",3,Hill,1.0 Standard Deviation,Normal + Constant variance,Up (↑),0.95,0.01,0,frequentist_restricted,0.5239480293795558,2.484801090760915,9.762780453453235,22.534280808363516,-7.267140404181758,0.012369389239214934,0.5695684556116682,0.5695684556116682,0.90539139094656,1.0,-0.013252078685593175,-0.04756026867226773,True,Recommended - Lowest BMDL,BMD/BMDL ratio > 3.0,False
RAB1A_92777,RAB1A_92777,,,,,"0.0,0.1,1.0,10.0","12,3,3,3","0.3109506526989067,0.6214079609249368,0.21882078483473927,0.5133706133118056","-0.033218425757223245,0.0055697257982354476,-0.8104350856996708,-0.4596058026992602",3,Hill,1.0 Standard Deviation,Normal + Constant variance,Down (↓),0.95,0.01,0,frequentist_restricted,0.10368860592947027,0.3070164323692674,-9999.0,24.102298143554762,-8.051149071777381,0.019506039148017962,0.30082136861576103,0.30082136861576103,0.21326674704072945,1.0,0.15138526032930855,-0.07569261557399669,True,Recommended - Lowest AIC,,False
RAB32_15686,RAB32_15686,,,,,"0.0,0.1,1.0,10.0","12,3,3,3","0.23160915758543085,0.37291408241203744,0.37284735240620404,0.5264349366068348","-0.01761500381283942,0.13789983502542508,-0.06839569808607514,0.7458520258155538",0,Linear,1.0 Standard Deviation,Normal + Constant variance,Up (↑),0.95,0.01,1,frequentist_unrestricted,2.652016392261054,3.9390969276428223,7.558680018830151,14.162556287704577,-4.0812781438522885,0.013652208903789487,0.4401725350089779,0.4401725350089779,0.5084543539946537,2.0,-0.7727459337137644,-0.06749606041889192,True,Recommended - Lowest BMDL,,False
RAB6B_23299,RAB6B_23299,,,,,"0.0,0.1,1.0,10.0","12,3,3,3","0.3623622828655575,0.5605450707686008,0.5480287859512942,0.37576409518879833","-0.03847951756212366,-0.00661746513143191,-0.18468367754246637,0.7264842013002445",1,Polynomial 2,1.0 Standard Deviation,Normal + Constant variance,Up (↑),0.95,0.01,2,frequentist_restricted,3.241644014129232,6.957329511642456,10.450534628013035,24.888986865158394,-9.444493432579197,0.1201175208546672,0.8410789274091061,0.8410789274091061,0.7909849221967138,2.0,0.006089838845500652,0.18402291471105525,True,Recommended - Lowest AIC,,False
RAB8A_20812,RAB8A_20812,,,,,"0.0,0.1,1.0,10.0","12,3,3,3","0.3096580553114981,0.3894963674347964,0.35897051751250264,0.26843697168591696","-0.02951964933168307,0.06196551763056096,-0.025069260662705022,-0.6721259951247179",1,Polynomial 2,1.0 Standard Deviation,Normal + Constant variance,Down (↓),0.95,0.01,2,frequentist_restricted,2.8996999850397858,6.643099784851074,9.558671061870355,13.772492599592233,-3.886246299796117,0.09094217263014315,0.9275021877972757,0.9275021877972757,0.8868271919461717,2.0,0.00031629823639734713,-0.20355198629994814,True,Recommended - Lowest AIC,,False
RANBP1_92439,RANBP1_92439,,,,,"0.0,0.1,1.0,10.0","12,3,3,3","0.38850878764313523,0.13878611944112432,0.17236442890838694,0.3232984471882733","-0.044197002499247594,-0.2920940734594966,-0.5139673433076436,-0.8802084704164305",3,Hill,1.0 Standard Deviation,Normal + Constant variance,Down (↓),0.95,0.01,0,frequentist_restricted,0.032913227978357544,0.3776460039540163,2.9400124895808277,18.47880138431313,-5.239400692156565,0.0017805364052785322,0.07745518783237915,0.07745518783237915,0.43543516659718107,1.0,-0.6460781661724765,0.21616484942142253,True,Recommended - Lowest BMDL,"lowest dose/BMDL ratio > 3.0
BMD/BMDL ratio > 3.0",False
RAPH1_89662,RAPH1_89662,,,,,"0.0,0.1,1.0,10.0","12,3,3,3","0.3781175555185654,0.24461065691743183,0.37445755487561444,0.40249763209849165","-0.04783698761293501,-0.18620485134135303,0.14889795745400455,-0.7376229710215757",1,Polynomial 2,1.0 Standard Deviation,Normal + Constant variance,Down (↓),0.95,0.01,2,frequentist_restricted,3.3596565695340526,7.0119547843933105,10.597047390092772,20.704836909203575,-7.3524184546017874,0.07333122753001353,0.7139621084617319,0.7139621084617319,0.4533030775024206,2.0,-0.009666180665034853,-0.1067655379807781,True,Recommended - Lowest AIC,,False
RARB_5734,RARB_5734,,,,,"0.0,0.1,1.0,10.0","12,3,3,3","0.8387998687347168,1.307344579765515,1.3246581332055254,0.9573920822431973","-0.1893659996839465,-0.985669557000274,-1.9933135072042305,-2.5733431846604304",3,Hill,1.0 Standard Deviation,Normal + Constant variance,Down (↓),0.95,0.01,0,frequentist_restricted,0.021184423977951804,0.1401395817302471,1.051122305611685,62.62815237163376,-27.31407618581688,0.012015635688816362,0.8459885112196716,0.8459885112196716,0.7558747732768548,1.0,-0.150404195280041,0.03266615958583629,True,Recommended - Lowest AIC,"lowest dose/BMDL ratio > 3.0
BMD/BMDL ratio > 3.0",False
RBM12B_87421,RBM12B_87421,,,,,"0.0,0.1,1.0,10.0","12,3,3,3","0.8055765390415024,0.1787690740827486,0.7039542058829649,0.6592883005953165","-0.23553432444039069,0.6202027367594519,-0.08886306889901376,1.2792713009997192",0,Linear,1.0 Standard Deviation,Normal + Constant variance,Up (↑),0.95,0.01,1,frequentist_unrestricted,3.2761347883501557,5.258833169937134,13.178257093574462,51.68423439933943,-22.842117199669715,0.0052419703372129645,0.06665226300697635,0.06665226300697635,0.1544341830563989,2.0,-0.3207130945923851,-0.6902961985650888,True,Recommended - Lowest AIC,,False
RBM3_20424,RBM3_20424,,,,,"0.0,0.1,1.0,10.0","12,3,3,3","0.3446778014412666,0.626220188300602,0.5387145516695114,0.49879228184889784","-0.039653093395543564,0.20634504039883772,-1.0415776223068203,-0.7388018445923259",3,Hill,1.0 Standard Deviation,Normal + Constant variance,Down (↓),0.95,0.01,0,frequentist_restricted,0.11254642197782277,0.31452065671845353,0.9012042345359749,29.677833266745964,-10.838916633372982,0.0071931227887302995,0.743980543659646,0.743980543659646,0.18035874804965324,1.0,0.8407431394258055,-0.420371572777772,True,Recommended - Lowest AIC,,False
RBM42_20635,RBM42_20635,,,,,"0.0,0.1,1.0,10.0","12,3,3,3","0.3722138377416328,0.4194028565972466,0.12030686195139985,0.9250270125039739","-0.04299350347509275,0.3766982780485198,-0.08962180810554166,-1.1327388292014373",0,Linear,1.0 Standard Deviation,Normal + Nonconstant variance,Down (↓),0.95,0.01,1,frequentist_unrestricted,1.9112035590645102,3.580963611602783,10.758631277595306,26.27087739407257,-9.135438697036285,0.00031900459304812223,0.01981468479673698,0.26299871333132085,0.24612355491804605,2.0,-1.0994580990282556,-1.3118011236869043,True,Recommended - Lowest AIC,,False
RCC1_19989,RCC1_19989,,,,,"0.0,0.1,1.0,10.0","12,3,3,3","0.48449097581986666,0.36738851711467846,0.12171905984420159,0.3817949226082623","-0.07306284373897647,-0.32720791055906256,-0.1959441041343013,-0.9508956804545946",3,Hill,1.0 Standard Deviation,Normal + Constant variance,Down (↓),0.95,0.01,0,frequentist_restricted,0.4927963789364054,3.8623719005155825,3.9423229988562545,28.847726931256126,-10.423863465628063,0.010978141226473337,0.07783144743572756,0.07783144743572756,0.33279620328430726,1.0,0.15171623503015355,0.3665222490633473,True,Recommended - Lowest BMDL,BMD/BMDL ratio > 3.0,False
RDH13_27771,RDH13_27771,,,,,"0.0,0.1,1.0,10.0","12,3,3,3","1.3056324411998328,0.9579743786735134,0.3816696587927782,0.8712769445186436","-0.4490279985782615,-0.23414354402163065,0.2870223151928623,-2.841847073148902",1,Polynomial 2,1.0 Standard Deviation,Normal + Constant variance,Down (↓),0.95,0.01,2,frequentist_restricted,3.0272670791210308,6.462957262992859,9.101512096722143,68.22234684604209,-31.111173423021043,0.0042995626734277925,0.0893324009974985,0.0893324009974985,0.5286278334097128,2.0,-0.009767448658936051,-0.5264397713771944,True,Recommended - Lowest AIC,,False
RDM1_27774,RDM1_27774,,,,,"0.0,0.1,1.0,10.0","12,3,3,3","0.4341131587733064,0.38968061744070726,0.2496416361044127,0.8032090297201627","-0.05808767837078029,0.352493845526449,1.0230000977908238,1.6168981323375415",3,Hill,1.0 Standard Deviation,Normal + Constant variance,Up (↑),0.95,0.01,0,frequentist_restricted,0.04297588256430112,0.16665080291686818,0.8598582997376226,31.97162064938955,-11.985810324694775,8.887385567046824e-05,0.25404076945665544,0.25404076945665544,0.5701343856302102,1.0,0.43788194570204586,-0.13521269128668753,True,Recommended - Lowest AIC,BMD/BMDL ratio > 3.0,False
RECK_22679,RECK_22679,,,,,"0.0,0.1,1.0,10.0","12,3,3,3","0.33889994170056814,0.09417649213788266,0.4248409440945129,0.23256977741630996","-0.03693671511840651,0.11769062746959758,0.42513055807318617,0.7005115862706898",3,Hill,1.0 Standard Deviation,Normal + Constant variance,Up (↑),0.95,0.01,0,frequentist_restricted,0.05006874491346008,0.36518724073044495,2.596058913322472,15.497358680985458,-3.748679340492729,0.002867716299742362,0.08786606512540707,0.08786606512540707,0.7751193962965908,1.0,0.23394253932056985,-0.0766182591022543,True,Recommended - Lowest BMDL,BMD/BMDL ratio > 3.0,False
REEP1_22806,REEP1_22806,,,,,"0.0,0.1,1.0,10.0","12,3,3,3","0.44921579188714145,0.7264111506298621,1.1602576925681973,0.3778709341600757","-0.06545857104376063,-0.7130482170879983,0.03886985114663762,-1.4770066344212107",1,Polynomial 2,1.0 Standard Deviation,Normal + Constant variance,Down (↓),0.95,0.01,2,frequentist_restricted,3.0385340131655485,6.706438064575195,9.728123508505766,43.72474164363755,-18.862370821818775,0.004500783237372019,0.14954762452778048,0.14954762452778048,0.1678129287856105,2.0,-0.005848665301192851,0.5169412630338446,True,Recommended - Lowest AIC,,False
REEP5_5789,REEP5_5789,,,,,"0.0,0.1,1.0,10.0","12,3,3,3","0.4806338045196144,0.19074747341815698,0.6290191714050798,0.44559344579990706","-0.06473140991926164,0.0668882504331405,-0.6138632487233879,-1.0495358743484675",0,Linear,1.0 Standard Deviation,Normal + Constant variance,Down (↓),0.95,0.01,1,frequentist_unrestricted,3.0234231246056797,4.694838523864746,10.385494361878699,32.919351394929514,-13.459675697464757,0.012478766805200658,0.2655778615205393,0.2655778615205393,0.20077369914495524,2.0,-1.53137103976101,0.3408223659884014,True,Recommended - Lowest AIC,,False
RETREG1_11839,RETREG1_11839,,,,,"0.0,0.1,1.0,10.0","12,3,3,3","0.8524274336001795,0.3729483460962554,0.91318874414821,0.5938026224311534","-0.2173638954503536,-0.15659330162209834,0.6177063917085163,1.3361545363495546",0,Linear,1.0 Standard Deviation,Normal + Constant variance,Up (↑),0.95,0.01,1,frequentist_unrestricted,3.1657440708603395,5.005636215209961,11.833850682624456,53.49646676171209,-23.748233380856046,0.027625903274546282,0.27862195334101936,0.27862195334101936,0.33777302716578883,2.0,1.3235371814081207,-0.5194074527901124,True,Recommended - Lowest AIC,,False
RETREG3_24217,RETREG3_24217,,,,,"0.0,0.1,1.0,10.0","12,3,3,3","0.32051671312240115,0.307447059202285,0.48478969500677294,0.6129874578527821","-0.03388367935019774,0.30845473432650194,0.5901590532372433,1.1285895102809356",3,Hill,1.0 Standard Deviation,Normal + Constant variance,Up (↑),0.95,0.01,0,frequentist_restricted,0.04129003937482127,0.3276946978805259,1.7828331827246338,24.24113394278013,-8.120566971390065,0.0021245160076086567,0.5715383751170495,0.5715383751170495,0.31731717657909053,1.0,0.8491990762380833,-0.29607214176757035,True,Recommended - Lowest BMDL,BMD/BMDL ratio > 3.0,False
REXO1_92392,REXO1_92392,,,,,"0.0,0.1,1.0,10.0","12,3,3,3","0.5737092911926692,0.7011973114355493,0.8172500269220486,0.136754418831071","-0.10030212267098622,-0.43832007009131274,-0.4728223083481449,-0.9532636032434757",0,Linear,1.0 Standard Deviation,Normal + Constant variance,Down (↓),0.95,0.01,1,frequentist_unrestricted,3.9900606111237646,7.11575984954834,32.50739561209153,40.5497685754742,-17.2748842877371,0.0480735904527031,0.0745474509366707,0.0745474509366707,0.5110423172290643,2.0,0.06838192918262001,0.6327001953309347,True,Recommended - Lowest AIC,,False
RFTN1_18734,RFTN1_18734,,,,,"0.0,0.1,1.0,10.0","12,3,3,3","0.3284479909615375,0.30323969351083313,0.4559177964081765,0.6703768740667432","-0.0355353543800267,-0.4550054888093363,0.06203809365108345,0.8665306279030208",0,Linear,1.0 Standard Deviation,Normal + Constant variance,Up (↑),0.95,0.01,1,frequentist_unrestricted,2.6617754010745074,3.9579081535339355,7.619231983088022,25.727150445668663,-9.863575222834331,0.0070360118460151,0.4765558614086062,0.4765558614086062,0.1896996479613109,2.0,0.32206914825538807,0.6460528387754202,True,Recommended - Lowest AIC,,False
RFWD3_21836,RFWD3_21836,,,,,"0.0,0.1,1.0,10.0","12,3,3,3","0.3016219430870437,0.1979746400127531,0.26218676847440725,0.7828189571284431","-0.027879515889059948,0.015350088005986834,0.0966303091786505,-0.8522384152963252",0,Linear,1.0 Standard Deviation,Normal + Constant variance,Down (↓),0.95,0.01,1,frequentist_unrestricted,2.739250783842345,4.107866287231445,8.118741117707275,21.307030394369804,-7.653515197184901,0.0032502692075671025,0.057704331587543956,0.057704331587543956,0.639046404378576,2.0,0.8384550813585235,-0.404462473287895,True,Recommended - Lowest BMDL,,False
RIBC1_27786,RIBC1_27786,,,,,"0.0,0.1,1.0,10.0","12,3,3,3","0.8982789335819003,0.5869150057810586,0.27341794577337614,0.7700355552781091","-0.22674561616715982,0.4705755997129584,0.5177253202372136,1.2230382691158177",0,Linear,1.0 Standard Deviation,Normal + Constant variance,Up (↑),0.95,0.01,1,frequentist_unrestricted,3.590723135938085,6.0243308544158936,18.501417962936586,54.87715350767212,-24.43857675383606,0.019814011290791855,0.10952440992039203,0.10952440992039203,0.21739542000833068,2.0,-0.10155056338670147,-0.9351460497463526,True,Recommended - Lowest AIC,,False
RIMS4_20420,RIMS4_20420,,,,,"0.0,0.1,1.0,10.0","12,3,3,3","1.1556223391802478,1.4496986694588343,0.9358883748709602,0.8703217313492277","-0.4113905228767741,-1.8358807621210051,-0.2898156417389403,-2.4544557814536563",1,Polynomial 2,1.0 Standard Deviation,Normal + Constant variance,Down (↓),0.95,0.01,2,frequentist_restricted,3.7732545896023506,7.917134761810303,19.512212962240344,71.24287832822316,-32.62143916411158,0.07271427876706549,0.7163773310209047,0.7163773310209047,0.10443776933455085,2.0,-0.0051838751863253155,0.6500204784720974,True,Recommended - Lowest AIC,,False
RIOX2_12112,RIOX2_12112,,,,,"0.0,0.1,1.0,10.0","12,3,3,3","0.2509803837618043,0.3218241108029089,0.35669496119742733,0.1244776678743135","-0.01899619701557795,0.12641951697308065,-0.3474600922957897,-0.5810748107661136",2,Power,1.0 Standard Deviation,Normal + Constant variance,Down (↓),0.95,0.01,0,frequentist_restricted,2.9992396610984944,4.6425486199792125,9.939143930230712,9.748859438333994,-1.8744297191669976,0.010226238671500076,0.39187303498793646,0.39187303498793646,0.1046104885120056,2.0,-1.672035822189845,0.21058133142916086,True,Recommended - Lowest AIC,,False
RNF152_20508,RNF152_20508,,,,,"0.0,0.1,1.0,10.0","12,3,3,3","0.4126926121580983,0.5146628001790873,0.19309503257349578,0.27578993790259954","-0.05662063117844901,0.2324752444781031,-0.06788561171430141,-1.0881868911451857",0,Linear,1.0 Standard Deviation,Normal + Constant variance,Down (↓),0.95,0.01,1,frequentist_unrestricted,2.348735084602821,3.3753538131713867,5.915365782316838,23.65136354630713,-8.825681773153566,0.002160279864878434,0.2739079552243837,0.2739079552243837,0.4306454917963286,2.0,0.15276336908953422,-0.6148318417562996,True,Recommended - Lowest AIC,,False
RNPC3_28272,RNPC3_28272,,,,,"0.0,0.1,1.0,10.0","12,3,3,3","0.6659398616670515,1.0497447260336445,0.20147291533550085,0.5679126316804677","-0.14106167814876294,-0.7236972948138578,-0.05190561542070186,1.0813649678617583",0,Linear,1.0 Standard Deviation,Normal + Constant variance,Up (↑),0.95,0.01,1,frequentist_unrestricted,3.085531078846584,4.829919338226318,10.990179521686887,47.029609739008215,-20.514804869504108,0.00835369227957572,0.09406474441245205,0.09406474441245205,0.3312151543092202,2.0,0.1696751380702733,0.576039875843532,True,Recommended - Lowest AIC,,False
ROR1_13955,ROR1_13955,,,,,"0.0,0.1,1.0,10.0","12,3,3,3","0.7992316080217426,0.7878197604171338,0.04009112893777826,0.6732031779174319","-0.1633774855120251,-0.5464736577463277,0.004078722705048491,-1.4602416780938359",0,Linear,1.0 Standard Deviation,Normal + Nonconstant variance,Down (↓),0.95,0.01,1,frequentist_unrestricted,3.5496808322477684,6.665936708450317,6.803921598315238,41.50168827611054,-16.75084413805527,0.00045806203441867144,0.0012501721194347892,0.09179680542972568,0.31560774634538125,2.0,-0.5353933927928515,-1.2484329789965136,True,Recommended - Lowest AIC,,False
RPA1_90274,RPA1_90274,,,,,"0.0,0.1,1.0,10.0","12,3,3,3","0.2445198791535645,0.35087919833919984,0.15928368721200695,0.18411344356901563","-0.01924511164183986,0.01177431089384573,-0.23568381512478095,-0.6298736307613111",2,Power,1.0 Standard Deviation,Normal + Constant variance,Down (↓),0.95,0.01,0,frequentist_restricted,2.5601521551993582,3.7625921538027063,9.740283993487623,3.5275355888630666,1.2362322055684667,0.010402018568926752,0.4775879984294229,0.4775879984294229,0.49642574393595273,2.0,-1.0494702963105396,0.26685432717111346,True,Recommended - Lowest AIC,,False
RPL11_90878,RPL11_90878,,,,,"0.0,0.1,1.0,10.0","12,3,3,3","0.3049476449744824,0.385718498239504,0.21974260930379688,0.33915364186065106","-0.02970741407660042,-0.15080979223483928,0.019614429310351917,0.9083012055464931",0,Linear,1.0 Standard Deviation,Normal + Constant variance,Up (↑),0.95,0.01,1,frequentist_unrestricted,2.097569768636762,2.940986156463623,4.845476741897301,12.670533841133446,-3.335266920566723,0.003061888972158533,0.7925396790477209,0.7925396790477209,0.7669451179937952,2.0,-0.10955966705272878,0.35634272571026804,True,Recommended - Lowest AIC,,False
RPL17_93254,RPL17_93254,,,,,"0.0,0.1,1.0,10.0","12,3,3,3","0.3011310413179163,0.1726245397477924,0.3978382790346434,0.0931275868969482","-0.02995804960242504,0.2627116151983545,0.189850912866621,0.8683265685329626",3,Hill,1.0 Standard Deviation,Normal + Constant variance,Up (↑),0.95,0.01,0,frequentist_restricted,0.3193177773664798,1.4183631816009667,9.674980674632398,13.108598391982117,-2.5542991959910584,0.00029645842705772196,0.07833640314847146,0.07833640314847146,0.11254824598771385,1.0,-0.20948654053002452,-0.601996780227939,True,Recommended - Lowest BMDL,BMD/BMDL ratio > 3.0,False
RPL26_92918,RPL26_92918,,,,,"0.0,0.1,1.0,10.0","12,3,3,3","0.42181932103532443,0.12460360410202577,0.5364944641368784,0.334415434445591","-0.058763368443609874,-0.4661510366838589,-0.5423605895138301,-0.9778395464639466",2,Power,1.0 Standard Deviation,Normal + Constant variance,Down (↓),0.95,0.01,0,frequentist_restricted,3.130219112181174,4.926124837928315,11.443836658037325,27.555988681518425,-10.777994340759212,0.004968967942082125,0.1213501504883453,0.1213501504883453,0.11266928642163299,2.0,-1.1700286752277123,1.1006893638758795,True,Recommended - Lowest AIC,,False
RPS6KL1_24670,RPS6KL1_24670,,,,,"0.0,0.1,1.0,10.0","12,3,3,3","0.28597169610385836,0.3366455835308931,0.24107686069765463,0.4714045256297718","-0.025435108525325916,-0.2700699626321349,-0.3251860815229997,-0.8126715183648999",3,Hill,1.0 Standard Deviation,Normal + Constant variance,Down (↓),0.95,0.01,0,frequentist_restricted,0.0661326710738626,0.9388418302810766,9.676839861295006,15.872081050231508,-3.9360405251157533,0.019948581602182047,0.7138896401311332,0.7138896401311332,0.2672797766629511,1.0,0.22711366968511718,0.399301209372854,True,Recommended - Lowest BMDL,BMD/BMDL ratio > 3.0,False
S100P_6092,S100P_6092,,,,,"0.0,0.1,1.0,10.0","12,3,3,3","0.4917230745593195,0.5490581183220737,0.34836449627093263,1.4453499901174482","-0.07261259550071161,-0.29496495361309155,0.35885083085859176,-1.5889802686366827",1,Polynomial 2,1.0 Standard Deviation,Normal + Nonconstant variance,Down (↓),0.95,0.01,2,frequentist_restricted,3.9305997128673056,5.595030784606934,9.835553038874496,42.651354610721754,-17.325677305360877,0.0013456909940304795,0.03967783761148791,0.3310713540274056,0.31841516193416086,2.0,-0.045253016409414155,-0.5757063547697,True,Recommended - Lowest AIC,,False
SAMD5_90571,SAMD5_90571,,,,,"0.0,0.1,1.0,10.0","12,3,3,3","0.6035706002739619,0.6882736814198924,0.8108164947464439,0.6999504855378993","-0.11481195877092976,-0.5506785784823229,0.2481522919499686,-2.40136549603255",1,Polynomial 2,1.0 Standard Deviation,Normal + Constant variance,Down (↓),0.95,0.01,2,frequentist_restricted,2.235812205758552,5.252629518508911,6.651446274146125,46.01019649844573,-20.005098249222865,0.0008105243828585573,0.989941637080614,0.989941637080614,0.2527898158853714,2.0,1.0897274865128224,0.04955433267102258,True,Recommended - Lowest AIC,,False
SARS2_24835,SARS2_24835,,,,,"0.0,0.1,1.0,10.0","12,3,3,3","0.4417971010850625,0.4614347001044186,0.3178858879735143,0.14486646302844047","-0.06669766109829835,0.008693388223615631,-0.2443496872906863,-0.7968457603731075",2,Power,1.0 Standard Deviation,Normal + Constant variance,Down (↓),0.95,0.01,0,frequentist_restricted,3.168752098249067,5.012442204709781,11.86779907465182,23.80077415760448,-8.90038707880224,0.03238462279492993,0.15628877837564192,0.15628877837564192,0.8221886553216984,2.0,-0.47758795867637055,0.018407573940401264,True,Recommended - Lowest AIC,,False
SCLY_21741,SCLY_21741,,,,,"0.0,0.1,1.0,10.0","12,3,3,3","0.33956588786237035,0.5073396986840768,0.1833642382070656,0.2820562745030425","-0.036357296781820904,-0.22374480429747048,-0.3377062654501028,-0.9128808215277017",3,Hill,1.0 Standard Deviation,Normal + Constant variance,Down (↓),0.95,0.01,0,frequentist_restricted,0.17482138579056422,1.0621716596837532,9.709206332077798,18.872908226081794,-5.436454113040897,0.009036533182544715,0.36483337464024523,0.36483337464024523,0.45552297253297314,1.0,0.13317618691913566,0.27800207615900097,True,Recommended - Lowest BMDL,BMD/BMDL ratio > 3.0,False
SCMH1_21547,SCMH1_21547,,,,,"0.0,0.1,1.0,10.0","12,3,3,3","0.34528383496192494,0.42073180043352865,0.3478539394976698,0.5350799816565507","-0.040018112748562595,-0.055428394102171596,0.057230478039970535,0.8340299377526416",0,Linear,1.0 Standard Deviation,Normal + Constant variance,Up (↑),0.95,0.01,1,frequentist_unrestricted,2.6406572728140083,3.917114734649658,7.488507621935396,20.750862507477805,-7.3754312537389035,0.04768873648934813,0.8880821627274778,0.8880821627274778,0.9919067590103009,2.0,0.060956840620971765,0.02636339236956119,True,Recommended - Lowest AIC,,False
SEC16A_6185,SEC16A_6185,,,,,"0.0,0.1,1.0,10.0","12,3,3,3","0.4015113435887159,0.5649201967717552,0.320801266179498,0.8965836970461665","-0.051152798931034325,-0.3231483355238091,-0.253989251041089,-1.021891695758355",3,Hill,1.0 Standard Deviation,Normal + Constant variance,Down (↓),0.95,0.01,0,frequentist_restricted,0.2492413617091893,3.0079969859958533,10.082016021148362,34.676124664498985,-13.338062332249494,0.04504859326687827,0.28111175136613964,0.28111175136613964,0.3853557036299826,1.0,0.10662459884737634,0.3401532179728443,True,Recommended - Lowest BMDL,BMD/BMDL ratio > 3.0,False
SEMA4G_14735,SEMA4G_14735,,,,,"0.0,0.1,1.0,10.0","12,3,3,3","0.5739006477154885,0.32031252911962804,0.4918230608986541,0.47087809986537016","-0.10736316267410045,-0.08402252887037283,0.2209548225662705,0.9828248958390065",0,Linear,1.0 Standard Deviation,Normal + Constant variance,Up (↑),0.95,0.01,1,frequentist_unrestricted,2.928690788821335,4.492743015289307,9.543076756983837,34.93283866482705,-14.466419332413526,0.04791284322995426,0.4866023496679108,0.4866023496679108,0.7681913626029089,2.0,0.6655399719604335,-0.2580662040404251,True,Recommended - Lowest AIC,,False
SEPHS1_15829,SEPHS1_15829,,,,,"0.0,0.1,1.0,10.0","12,3,3,3","0.49513224733831074,0.1002244131706948,0.3996060743212164,0.48526444538925506","-0.08397552823112318,-0.0784295119154218,-0.38196410600089364,-1.3117097638678956",0,Linear,1.0 Standard Deviation,Normal + Constant variance,Down (↓),0.95,0.01,1,frequentist_unrestricted,2.3583235092872297,3.392629623413086,5.961044020131721,28.497942095706943,-11.248971047853471,0.0007854607084484266,0.054466876317021184,0.054466876317021184,0.7840027026816918,2.0,-0.6376234278487167,0.20052733611676127,True,Recommended - Lowest AIC,,False
SERPINB9_10799,SERPINB9_10799,,,,,"0.0,0.1,1.0,10.0","12,3,3,3","0.8004703677624756,0.3099387393030234,0.6089711831139217,1.6110261590442163","-0.19047410263292722,-0.5661261340564164,-1.076183139441447,-2.401423624157193",3,Hill,1.0 Standard Deviation,Normal + Constant variance,Down (↓),0.95,0.01,0,frequentist_restricted,0.14150933946480765,0.8445936140289946,8.776369960082608,58.04437516124509,-25.022187580622546,0.0016807948107672166,0.060613529293419344,0.060613529293419344,0.6223913486689301,1.0,0.10363452539549715,0.17878166420854244,True,Recommended - Lowest BMDL,BMD/BMDL ratio > 3.0,False
SETD6_12905,SETD6_12905,,,,,"0.0,0.1,1.0,10.0","12,3,3,3","0.13404273763600968,0.10068588838174072,0.2605465679375498,0.4986501631523056","-0.00573787824042589,0.11139662294917467,-0.003750651113156774,0.5395861939116702",2,Power,1.0 Standard Deviation,Normal + Nonconstant variance,Up (↑),0.95,0.01,0,frequentist_restricted,1.2330951296584856,3.057619452166481,12.455542419221402,-6.263886759020821,8.13194337951041,0.0003696731936140285,0.008806347689151228,0.22513048832756766,0.7498844571554453,1.0,-0.37884545256850444,-0.3530642206333615,True,Recommended - Lowest BMDL,,False
SH3GL1_25786,SH3GL1_25786,,,,,"0.0,0.1,1.0,10.0","12,3,3,3","0.5594150138077087,0.2529017163073111,0.4655113886226895,0.6083420925416431","-0.10223731587361051,0.3802162389799655,-0.11574490188590554,-1.0962178700640866",0,Linear,1.0 Standard Deviation,Normal + Constant variance,Down (↓),0.95,0.01,1,frequentist_unrestricted,2.993750721310658,4.6308183670043945,10.110685560159641,36.79316081018595,-15.396580405092976,0.020809581368522068,0.36016925493267826,0.36016925493267826,0.29541277706108793,2.0,-0.007606020454843399,-0.6703705226580023,True,Recommended - Lowest AIC,,False
SHLD2_2324,SHLD2_2324,,,,,"0.0,0.1,1.0,10.0","12,3,3,3","0.4324174281049644,0.221006067387142,0.21751363403676283,0.681072539008608","-0.06464539449987694,-0.058666013451550786,-0.3271964106641414,-0.9976848701528319",0,Linear,1.0 Standard Deviation,Normal + Constant variance,Down (↓),0.95,0.01,1,frequentist_unrestricted,2.814775807161573,4.260151386260986,8.656187484984642,26.43245434711235,-10.216227173556176,0.010185469562091765,0.12894282655520084,0.12894282655520084,0.7794948273489062,2.0,-0.6456652653901003,0.20633191414653237,True,Recommended - Lowest AIC,,False
SHQ1_15028,SHQ1_15028,,,,,"0.0,0.1,1.0,10.0","12,3,3,3","0.560966728731731,0.29902790266807516,0.6518611603035389,0.8547548942970223","-0.09729339536699573,-0.20073524982205912,0.22528877104536896,-1.2339478173288134",1,Polynomial 2,1.0 Standard Deviation,Normal + Constant variance,Down (↓),0.95,0.01,2,frequentist_restricted,3.24336940745833,6.834920644760132,10.083862786795802,40.28552392515468,-17.14276196257734,0.037966359304102304,0.41674636316471403,0.41674636316471403,0.5574199663003748,2.0,-0.009331593104267715,-0.24051151946423513,True,Recommended - Lowest AIC,,False
SIK1_17023,SIK1_17023,,,,,"0.0,0.1,1.0,10.0","12,3,3,3","0.3269617448438224,0.3047490339164464,0.2679563810141827,0.3392965113123792","-0.03453658972923639,0.04507854146113313,-0.37521113265604494,-1.0452104819080021",2,Power,1.0 Standard Deviation,Normal + Constant variance,Down (↓),0.95,0.01,0,frequentist_restricted,2.1301358601913463,2.996066219014714,9.561052661746283,15.384287906478761,-4.6921439532393805,0.0021923431460415532,0.8773537710914769,0.8773537710914769,0.3419414093281544,2.0,-1.2488415873269842,0.2466938058243254,True,Recommended - Lowest AIC,,False
SIVA1_18355,SIVA1_18355,,,,,"0.0,0.1,1.0,10.0","12,3,3,3","0.7005852970574259,0.26054834106735125,0.3935011917041661,0.8551467326756024","-0.14814930214120342,0.6350585331588925,-0.32885698114819695,-1.3787111041522788",0,Linear,1.0 Standard Deviation,Normal + Constant variance,Down (↓),0.95,0.01,1,frequentist_unrestricted,3.05680712063863,4.767361879348755,10.705489535182283,47.64942406547317,-20.824712032736585,0.004618475400004152,0.12888522307451655,0.12888522307451655,0.12103130117024052,2.0,-0.45439795593994947,-0.6757255629727971,True,Recommended - Lowest AIC,,False
SLC19A3_11343,SLC19A3_11343,,,,,"0.0,0.1,1.0,10.0","12,3,3,3","0.8433993402630543,0.7842995221289547,0.787994895838917,0.4801886141449898","-0.2252457967457716,-0.2815802160198265,-0.0035154413078792115,-2.5171441927308753",1,Polynomial 2,1.0 Standard Deviation,Normal + Constant variance,Down (↓),0.95,0.01,2,frequentist_restricted,2.3234947656620033,5.575293302536011,7.223813197040087,51.88112163171943,-22.940560815859715,0.003387063386317335,0.5676371929645537,0.5676371929645537,0.8468944508245569,2.0,-0.005112748941780664,-0.14942090557468035,True,Recommended - Lowest AIC,,False
SLC25A23_12348,SLC25A23_12348,,,,,"0.0,0.1,1.0,10.0","12,3,3,3","0.2175950990593732,0.38015444649078345,0.31321983822168253,0.2888979470247921","-0.01510740792305701,0.1013348411465841,-0.20930334261783856,-0.8266269203828177",2,Power,1.0 Standard Deviation,Normal + Constant variance,Down (↓),0.95,0.01,0,frequentist_restricted,2.110707344095033,2.963150766674833,9.162333136063948,6.468941476060854,-0.23447073803042673,0.002355859341006794,0.8181207208803376,0.8181207208803376,0.482461484545887,2.0,-0.81774605391044,-0.055272672068526846,True,Recommended - Lowest AIC,,False
SLC25A5_92330,SLC25A5_92330,,,,,"0.0,0.1,1.0,10.0","12,3,3,3","0.43119088584993975,0.33795302114078857,0.41673168410576095,0.4389039562270763","-0.05415267810208079,0.08570925413395908,-0.16665653532662614,0.7809600133754931",1,Polynomial 2,1.0 Standard Deviation,Normal + Constant variance,Up (↑),0.95,0.01,2,frequentist_restricted,3.120654119988289,6.806221008300781,10.00256397137441,25.47694790502962,-9.73847395251481,0.09084151361884807,0.8582108305847734,0.8582108305847734,0.7039067524885569,2.0,0.005528966248993073,-0.030310002645237276,True,Recommended - Lowest AIC,,False
SLC25A6_93015,SLC25A6_93015,,,,,"0.0,0.1,1.0,10.0","12,3,3,3","0.5929444374118895,0.19056634688764756,0.45464967741490897,0.3435050096447511","-0.11818343794387405,-0.3344316017550592,-0.4031643592686733,0.9921815399910897",1,Polynomial 2,1.0 Standard Deviation,Normal + Constant variance,Up (↑),0.95,0.01,2,frequentist_restricted,2.907268972454951,6.349883079528809,8.83287194403506,34.873728557349494,-14.436864278674749,0.0035925581208169355,0.0941757405604422,0.0941757405604422,0.5448959950036094,2.0,0.007668414075247803,0.6132852269173724,True,Recommended - Lowest AIC,,False
SLC38A3_20351,SLC38A3_20351,,,,,"0.0,0.1,1.0,10.0","12,3,3,3","0.2547089348299863,0.33899567843988276,0.5280009475757915,1.0266435154966764","-0.01996193172940584,0.07102852910818684,0.029209480088334887,0.7987057473172015",2,Power,1.0 Standard Deviation,Normal + Nonconstant variance,Up (↑),0.95,0.01,0,frequentist_restricted,1.3808151689607426,4.057913911636329,33.961936495899714,22.197796397446446,-6.098898198723223,0.0048948865328397595,0.013472210842464305,0.9288742108852237,0.7121586375164635,1.0,-0.05100406992207139,-0.31848493373175674,True,Recommended - Lowest BMDL,,False
SLC39A3_16311,SLC39A3_16311,,,,,"0.0,0.1,1.0,10.0","12,3,3,3","0.313557909474615,0.21785439558895667,0.10913138142343669,0.1365398082817425","-0.03034252922474383,0.06005413009283853,-0.24172269846590652,-0.6619235171215748",2,Power,1.0 Standard Deviation,Normal + Constant variance,Down (↓),0.95,0.01,0,frequentist_restricted,2.6538025079946106,3.9424298523523396,9.818459886207108,7.65309889564348,-0.8265494478217401,0.0018981630566210494,0.058858170369488705,0.058858170369488705,0.46832836650639253,2.0,-0.9721479472230994,0.08639883638606671,True,Recommended - Lowest AIC,,False
SLC3A2_20164,SLC3A2_20164,,,,,"0.0,0.1,1.0,10.0","12,3,3,3","0.29589395093425963,0.15711640005697716,0.4146203309408839,0.19360920522349273","-0.027114252755236073,-0.17780790367478513,0.07775059322333362,-0.6029148420312915",1,Polynomial 2,1.0 Standard Deviation,Normal + Constant variance,Down (↓),0.95,0.01,2,frequentist_restricted,3.222676029309249,6.900820732116699,10.275139585099687,10.662047709580278,-2.3310238547901387,0.026790146795497405,0.2894781481691886,0.2894781481691886,0.4789900314970721,2.0,-0.007429869630671869,0.08809221044636552,True,Recommended - Lowest AIC,,False
SLC4A2_91119,SLC4A2_91119,,,,,"0.0,0.1,1.0,10.0","12,3,3,3","0.2790986373946725,0.37150362948780863,0.24877293968411732,0.7261815037360165","-0.02467931535574117,0.2843419290423514,0.2588829203329019,-0.8261379444429323",1,Polynomial 2,1.0 Standard Deviation,Normal + Constant variance,Down (↓),0.95,0.01,2,frequentist_restricted,2.9358242036602804,6.298454999923706,8.711173085600972,22.313728658707255,-8.156864329353628,0.002444074213736158,0.15843530429171204,0.15843530429171204,0.2166557525518602,2.0,-0.009450598399173603,-0.9703676785872296,True,Recommended - Lowest AIC,,False
SLC9A3R2_11626,SLC9A3R2_11626,,,,,"0.0,0.1,1.0,10.0","12,3,3,3","0.49643498011150405,0.1666686739210146,0.381085334638438,0.8564311306033883","-0.07086992308936586,-0.11358794884134792,-0.5623382599061826,-1.565043104376543",0,Linear,1.0 Standard Deviation,Normal + Constant variance,Down (↓),0.95,0.01,1,frequentist_unrestricted,2.288901195042879,3.2685601711273193,5.638363896828675,34.673345112318145,-14.336672556159073,0.0005730697097328097,0.08097851230066999,0.08097851230066999,0.5178556597314765,2.0,-1.0398637484516737,0.41537752495222774,True,Recommended - Lowest AIC,,False
SMARCA2_17450,SMARCA2_17450,,,,,"0.0,0.1,1.0,10.0","12,3,3,3","0.30536826510901566,0.6607373215965364,0.5761038079732895,1.078904120059796","-0.029094813013851178,-0.13702373069215631,1.1249770004723565,-0.42108881541838517",0,Linear,1.0 Standard Deviation,Normal + Nonconstant variance,Up (↑),0.95,0.01,1,frequentist_unrestricted,11.15151603159566,12.308979034423828,13.222127788473895,34.70723121053292,-14.353615605266459,0.0017110689666828272,0.048084623422780526,0.3844281375704167,0.12702478203909795,3.0,-0.2698054761842485,-0.3430361704858808,True,Recommended - Lowest AIC,"BMDL/highest dose ratio > 1.0
BMD/highest dose ratio > 1.0",False
SMARCD3_11036,SMARCD3_11036,,,,,"0.0,0.1,1.0,10.0","12,3,3,3","0.48810340487634923,0.15821892793562725,0.6924879494611542,0.2528609601494583","-0.06881407488885992,0.01792132614884547,0.008863225925787255,0.8067497928660678",0,Linear,1.0 Standard Deviation,Normal + Constant variance,Up (↑),0.95,0.01,1,frequentist_unrestricted,3.1255474909724885,4.915742874145508,11.39465083903122,29.550340935161554,-11.775170467580777,0.014888433784894683,0.063240741055681,0.063240741055681,0.9560695263750174,2.0,-0.08327180808706648,-0.09659891709278658,True,Recommended - Lowest AIC,,False
SMPDL3B_20517,SMPDL3B_20517,,,,,"0.0,0.1,1.0,10.0","12,3,3,3","0.5225730746184092,0.6509679534406955,0.39930121333250274,0.8606020787532245","-0.09598400664619738,-0.306617671309648,-0.2125248617463078,-1.4513245889444126",0,Linear,1.0 Standard Deviation,Normal + Constant variance,Down (↓),0.95,0.01,1,frequentist_unrestricted,2.663079752675822,3.960387706756592,7.6273940458360805,38.40364987577129,-16.201824937885647,0.030428255577877428,0.6392682384203907,0.6392682384203907,0.8300426044705671,2.0,0.15359086254139612,0.2038258589268094,True,Recommended - Lowest AIC,,False
SNHG32_901,SNHG32_901,,,,,"0.0,0.1,1.0,10.0","12,3,3,3","0.16230300146182203,0.21304745366237415,0.37836151429034826,0.4440821461410293","-0.008124878384984402,0.7575695617139343,0.8365473720582363,1.0027167532311558",5,Exponential 5,1.0 Standard Deviation,Normal + Constant variance,Up (↑),0.95,0.01,0,frequentist_restricted,0.021019292282272572,0.02835802733898163,0.060773916401556445,7.15029366850215,0.42485316574892495,8.912633326918495e-07,0.1313175513605933,0.1313175513605933,0.13439986195039177,1.0,-0.19517572720784368,-0.19517572720784368,True,Recommended - Lowest AIC,"lowest dose/BMDL ratio > 3.0
lowest dose/BMD ratio > 3.0",False
SNRPC_92660,SNRPC_92660,,,,,"0.0,0.1,1.0,10.0","12,3,3,3","0.7675075029479352,0.5003665229459819,0.432481243584499,0.7952746465735756","-0.208092197303273,0.08840630207478671,-0.8019284730831745,1.0909127921657475",1,Polynomial 2,1.0 Standard Deviation,Normal + Constant variance,Up (↑),0.95,0.01,2,frequentist_restricted,3.571488802664554,7.153917551040649,11.063516753922023,49.8907143188092,-21.9453571594046,0.030425196575159852,0.4070408652199905,0.4070408652199905,0.22360576426364642,2.0,0.013918555889310682,0.2562606977597251,True,Recommended - Lowest AIC,,False
SNRPF_92804,SNRPF_92804,,,,,"0.0,0.1,1.0,10.0","12,3,3,3","0.2722028470784069,0.39348617153371085,0.30627183803661273,0.5232787344512617","-0.023072712034991606,-0.17372484465956148,-0.5517554436595294,-1.0686499097189408",3,Hill,1.0 Standard Deviation,Normal + Constant variance,Down (↓),0.95,0.01,0,frequentist_restricted,0.10299621904905534,0.4022689955524881,1.7576067434824647,16.79482873333485,-4.397414366667425,0.001565183029156314,0.6592442629219701,0.6592442629219701,0.748410237778887,1.0,-0.286017070261309,0.1078459093672329,True,Recommended - Lowest BMDL,BMD/BMDL ratio > 3.0,False
SOD2_6667,SOD2_6667,,,,,"0.0,0.1,1.0,10.0","12,3,3,3","0.5984610169778471,0.1752976270410988,0.6108306579160703,0.912924994654706","-0.10052737628609672,-0.25639561299527763,-0.6471768309918605,-1.1908381151336707",3,Hill,1.0 Standard Deviation,Normal + Constant variance,Down (↓),0.95,0.01,0,frequentist_restricted,0.0819155034779931,0.9988954860414622,106.56606832047581,42.72221805959996,-17.36110902979998,0.024821015942867897,0.1086964180284904,0.1086964180284904,0.8563544546832019,1.0,0.05182053182436274,0.06118162154834107,True,Recommended - Lowest BMDL,BMD/BMDL ratio > 3.0,False
SPACA9_24794,SPACA9_24794,,,,,"0.0,0.1,1.0,10.0","12,3,3,3","0.6957071845923423,0.4733063849668468,0.3274635469897176,0.3087428991884754","-0.14800192277312293,0.3668748565037767,1.130745866206776,1.683604477205397",3,Hill,1.0 Standard Deviation,Normal + Constant variance,Up (↑),0.95,0.01,0,frequentist_restricted,0.03318292620606212,0.1471333657327605,0.884822476704839,42.105195331412986,-17.052597665706493,0.00019311202527061422,0.11445079746510123,0.11445079746510123,0.6495689106084768,1.0,0.29527824420544574,-0.07928196786747874,True,Recommended - Lowest AIC,"lowest dose/BMDL ratio > 3.0
BMD/BMDL ratio > 3.0",False
SPATA5_16599,SPATA5_16599,,,,,"0.0,0.1,1.0,10.0","12,3,3,3","0.35747168890620634,0.45022480413787774,0.22413357902347578,0.5568661265877708","-0.04053431663919326,-0.4267481876563865,-0.3634901071775391,-1.1091503730405654",3,Hill,1.0 Standard Deviation,Normal + Constant variance,Down (↓),0.95,0.01,0,frequentist_restricted,0.11599211632374117,1.2346997628221532,9.677303573230322,25.497011422594902,-8.748505711297451,0.0062510330104090794,0.5265057420260899,0.5265057420260899,0.1269289692238913,1.0,0.23966953622057965,0.5664994760370996,True,Recommended - Lowest BMDL,BMD/BMDL ratio > 3.0,False
SPATA7_91570,SPATA7_91570,,,,,"0.0,0.1,1.0,10.0","12,3,3,3","0.35265508069508517,0.2956250025899809,0.3765447411015384,0.13929630930698722","-0.03851237235012241,0.7868072000037674,1.2383272866257986,1.7353552245034962",3,Hill,1.0 Standard Deviation,Normal + Constant variance,Up (↑),0.95,0.01,0,frequentist_restricted,0.011050437365189883,0.027830666763666106,0.08488574311205997,18.829228155515963,-5.414614077757982,1.3974054335896824e-07,0.2766976218599424,0.2766976218599424,0.1494188739733674,1.0,-0.04912315777113714,-0.04912315777113714,True,Recommended - Lowest AIC,"lowest dose/BMDL ratio > 3.0
lowest dose/BMD ratio > 3.0",False
SPCS2_21762,SPCS2_21762,,,,,"0.0,0.1,1.0,10.0","12,3,3,3","0.5850183619269343,0.3259394040545615,1.2280602681511608,1.3676089591287497","-0.11444140751308966,-0.8279312640388629,-1.8118871044039668,-2.4712088586376475",3,Hill,1.0 Standard Deviation,Normal + Constant variance,Down (↓),0.95,0.01,0,frequentist_restricted,0.02898802386221359,0.12959415612441083,0.880890262254431,53.691600515943236,-22.845800257971618,0.00013952728742594456,0.06931871949278245,0.06931871949278245,0.6636628697829867,1.0,-0.2522289367693744,0.062387867830649854,True,Recommended - Lowest AIC,"lowest dose/BMDL ratio > 3.0
BMD/BMDL ratio > 3.0",False
SRA1_20834,SRA1_20834,,,,,"0.0,0.1,1.0,10.0","12,3,3,3","0.29808484479678926,0.14740356435077515,0.37070750951136666,0.20702806029247783","-0.027552398429027087,-0.05605427409038799,-0.10868029810901136,-0.9848531267745694",0,Linear,1.0 Standard Deviation,Normal + Constant variance,Down (↓),0.95,0.01,1,frequentist_unrestricted,1.943602973974252,2.6874303817749023,4.282980171331545,8.471596086211719,-1.2357980431058588,0.0005280708831483238,0.32287222659860504,0.32287222659860504,0.9872236503105363,2.0,0.10364939874576858,0.013365164789377274,True,Recommended - Lowest AIC,,False
SRCAP_91495,SRCAP_91495,,,,,"0.0,0.1,1.0,10.0","12,3,3,3","0.29932424253687856,0.3662301822833485,0.1596211813557629,0.15405413489051806","-0.027324884555458312,0.23193044406049634,-0.06649171766324367,-0.7172378558380149",0,Linear,1.0 Standard Deviation,Normal + Constant variance,Down (↓),0.95,0.01,1,frequentist_unrestricted,2.4964636505041913,3.6429619789123535,6.655316430650817,10.504752841920588,-2.252376420960294,0.002482347592235312,0.23046726901404035,0.23046726901404035,0.28541158559317026,2.0,-0.09875143640413481,-0.6447127481406238,True,Recommended - Lowest AIC,,False
SRC_87757,SRC_87757,,,,,"0.0,0.1,1.0,10.0","12,3,3,3","0.6315243188355257,0.25954609716182686,0.21005017468381518,0.5016287313576089","-0.11947794681064239,-0.05091141653126191,0.4345376032082946,-1.4136933824603073",1,Polynomial 2,1.0 Standard Deviation,Normal + Constant variance,Down (↓),0.95,0.01,2,frequentist_restricted,2.978939129352824,6.1623311042785645,8.40706411545016,38.90808985468904,-16.45404492734452,0.0006427241520154947,0.05376352634426507,0.05376352634426507,0.22549034869816076,2.0,-0.015114522431077712,-0.6888836801574395,True,Recommended - Lowest AIC,,False
SSB_92788,SSB_92788,,,,,"0.0,0.1,1.0,10.0","12,3,3,3","0.41387888035282155,0.15254716997611972,0.2674165940869718,0.49948282260267624","-0.051417315556173925,-0.3268837523342065,-0.4261432730195858,-1.0038093872522866",3,Hill,1.0 Standard Deviation,Normal + Constant variance,Down (↓),0.95,0.01,0,frequentist_restricted,0.07145192197384566,0.9079958768378755,9.608373066390367,24.478843236635605,-8.239421618317802,0.005273090309827588,0.16210922930580873,0.16210922930580873,0.32377453931755906,1.0,0.21017439077773056,0.3536398181620525,True,Recommended - Lowest BMDL,BMD/BMDL ratio > 3.0,False
SSTR2_27909,SSTR2_27909,,,,,"0.0,0.1,1.0,10.0","12,3,3,3","0.5481746473564779,0.39894237512062536,1.3395602037501564,1.0043483840614986","-0.08120039110145905,-0.8143383266529206,-1.3780027072496683,-3.216487963604084",3,Hill,1.0 Standard Deviation,Normal + Constant variance,Down (↓),0.95,0.01,0,frequentist_restricted,0.13741381894625762,0.4062658099755359,1.4835965904638941,51.92822615600977,-21.964113078004885,1.0775611310909206e-05,0.13326778409802553,0.13326778409802553,0.20646235099164478,1.0,-1.1216924449273653,0.44514085678521537,True,Recommended - Lowest AIC,,False
STRADA_24367,STRADA_24367,,,,,"0.0,0.1,1.0,10.0","12,3,3,3","0.24843626467047622,0.3993302417985845,0.5397045967822225,0.11074271533407236","-0.01794701110726195,-0.044738140786084644,0.7794500532514785,0.6099366545031681",3,Hill,1.0 Standard Deviation,Normal + Constant variance,Up (↑),0.95,0.01,0,frequentist_restricted,0.10240495673213433,0.29696059284179893,0.8506741288395376,14.173806668567323,-3.086903334283662,0.00034868129656562274,0.08862844618597365,0.08862844618597365,0.4469119301887253,1.0,-0.1324462161105011,0.06622310272148119,True,Recommended - Lowest AIC,,False
STUB1_6861,STUB1_6861,,,,,"0.0,0.1,1.0,10.0","12,3,3,3","0.4657789131672947,0.30918677675068024,0.514469788885223,1.3343719345991425","-0.06499907930522698,0.13823100918521927,0.5126832991148826,-1.3856914970970158",1,Polynomial 2,1.0 Standard Deviation,Normal + Nonconstant variance,Down (↓),0.95,0.01,2,frequentist_restricted,4.054023530902163,5.797199010848999,10.614259871728525,41.15363264609789,-16.576816323048945,0.0011620628877372363,0.041317540575082856,0.42124220437926885,0.12497347744872156,2.0,-0.07672195392920556,-1.0978643768929004,True,Recommended - Lowest AIC,,False
SUPT3H_17765,SUPT3H_17765,,,,,"0.0,0.1,1.0,10.0","12,3,3,3","0.4735817281336411,1.1277357453490506,0.741792968083344,0.6128109633086474","-0.07108087093104866,0.5309087602868354,0.9598680595608998,1.5939542313394348",3,Hill,1.0 Standard Deviation,Normal + Constant variance,Up (↑),0.95,0.01,0,frequentist_restricted,0.01699426500427854,0.16553822388991143,1.5841306821568837,44.92121791590455,-18.460608957952275,0.003710240304560797,0.36871458370230104,0.36871458370230104,0.36692325245198476,1.0,0.5010014499253866,-0.12078448548995536,True,Recommended - Lowest BMDL,"lowest dose/BMDL ratio > 3.0
BMD/BMDL ratio > 3.0",False
SVIL_21650,SVIL_21650,,,,,"0.0,0.1,1.0,10.0","12,3,3,3","0.6439163889347377,0.49804120878739616,0.26334047820802564,0.6214467941511441","-0.13838115946912935,0.14846555342089418,0.5424839489212016,1.1153593893565616",3,Hill,1.0 Standard Deviation,Normal + Constant variance,Up (↑),0.95,0.01,0,frequentist_restricted,0.05087292348652918,0.5857264572976766,5.5678879467928555,41.39588226423185,-16.697941132115925,0.019132673265534028,0.2746829431514155,0.2746829431514155,0.6386831848704017,1.0,-0.16928893512669654,-0.14578900816375215,True,Recommended - Lowest BMDL,BMD/BMDL ratio > 3.0,False
SWT1_14364,SWT1_14364,,,,,"0.0,0.1,1.0,10.0","12,3,3,3","0.5998181455752143,0.44474383990933425,0.7302480596918798,0.1451102328041691","-0.11800037322448496,-0.27087442831193065,0.16799605387809513,1.1803033415115662",0,Linear,1.0 Standard Deviation,Normal + Constant variance,Up (↑),0.95,0.01,1,frequentist_unrestricted,2.645901861499109,3.927185535430908,7.521361065580049,37.90077067193231,-15.950385335966155,0.0032399056458315423,0.07163530368417936,0.07163530368417936,0.7457043612250456,2.0,0.5313021988896252,0.02900490007480369,True,Recommended - Lowest AIC,,False
SYS1_27929,SYS1_27929,,,,,"0.0,0.1,1.0,10.0","12,3,3,3","0.11699673928795168,0.4092703309729897,0.11383341416711511,0.7218144100129141","-0.00427534346744228,0.14525158450031428,0.19279075816541236,0.513737225532504",2,Power,1.0 Standard Deviation,Normal + Nonconstant variance,Up (↑),0.95,0.01,0,frequentist_restricted,1.6379999167790846,2.0755961326911674,2.747607151674159,-1.8942242830068956,4.947112141503448,5.173979276829055e-05,6.98120662678825e-05,0.12095266043667963,0.24318038374648365,2.0,0.6170506765058047,-0.1321318340768286,True,Recommended - Lowest AIC,,False
TACC3_15729,TACC3_15729,,,,,"0.0,0.1,1.0,10.0","12,3,3,3","0.2109372046294224,0.1167620645693553,0.16504559135302757,0.5728726805850455","-0.013644081235409148,-0.04199961325189805,0.05807395428123968,-0.6535044674437366",0,Linear,1.0 Standard Deviation,Normal + Nonconstant variance,Down (↓),0.95,0.01,1,frequentist_unrestricted,1.6731992393075232,3.0839037895202637,9.851021823645848,1.8922207407708909,3.0538896296145546,0.0008561903787734915,0.02386979085006935,0.6200751491896657,0.2981339181721987,2.0,0.7131913620992136,-0.3569584270076892,True,Recommended - Lowest BMDL,,False
TAP2_27935,TAP2_27935,,,,,"0.0,0.1,1.0,10.0","12,3,3,3","0.35264341399040655,0.32443883287621966,0.2702371555049647,0.2782454150497279","-0.040927465963685815,-0.4347253271292706,-0.8421292788145592,-1.1418953343641347",3,Hill,1.0 Standard Deviation,Normal + Constant variance,Down (↓),0.95,0.01,0,frequentist_restricted,0.02150794850413704,0.08478116056273681,0.43470227639562664,17.30742653227189,-4.653713266135945,0.00043902608811585697,0.7283892299673773,0.7283892299673773,0.5283628614222493,1.0,-0.2849504239059391,0.05903609120301446,True,Recommended - Lowest AIC,"lowest dose/BMDL ratio > 3.0
BMD/BMDL ratio > 3.0",False
TATDN3_12595,TATDN3_12595,,,,,"0.0,0.1,1.0,10.0","12,3,3,3","0.2821068117844495,0.40818009679188993,0.40182350266686984,0.6349052244379874","-0.027023071824052714,0.1502310553109751,-0.04473042861416282,0.6780900797129706",0,Linear,1.0 Standard Deviation,Normal + Constant variance,Up (↑),0.95,0.01,1,frequentist_unrestricted,3.167319683539618,5.009255409240723,11.851917194597126,20.424229888188172,-7.212114944094086,0.07086048592458383,0.4689472427666326,0.4689472427666326,0.6279702599614774,2.0,-0.514567848347345,-0.15777875503140315,True,Recommended - Lowest BMDL,,False
TBC1D15_25284,TBC1D15_25284,,,,,"0.0,0.1,1.0,10.0","12,3,3,3","0.4241806880227085,0.19057349826024025,0.17089768454416016,0.21918787657948502","-0.056106730307956036,-0.12056555719542593,0.34162351685151066,0.7645108826459811",2,Power,1.0 Standard Deviation,Normal + Constant variance,Up (↑),0.95,0.01,0,frequentist_restricted,2.8091001526762605,4.248616077544669,9.927902401308495,20.86570384027409,-7.432851920137045,0.001956916286960597,0.05474336699568971,0.05474336699568971,0.27430093900576735,2.0,1.4088999935897895,-0.3635367263286959,True,Recommended - Lowest AIC,,False
TCF3_91725,TCF3_91725,,,,,"0.0,0.1,1.0,10.0","12,3,3,3","0.40221849438258134,0.6196748412605068,0.6604547093654348,0.3880734757493734","-0.05282225211758207,0.22448660104496576,-0.1650004306432448,-1.348620088413986",0,Linear,1.0 Standard Deviation,Normal + Constant variance,Down (↓),0.95,0.01,1,frequentist_unrestricted,2.253492323163232,3.206362724304199,5.480920566487058,30.387276289312197,-12.193638144656099,0.005003706563367238,0.7407776383162996,0.7407776383162996,0.567789815397087,2.0,-0.11875824695833234,-0.41930625024915874,True,Recommended - Lowest AIC,,False
TCOF1_15308,TCOF1_15308,,,,,"0.0,0.1,1.0,10.0","12,3,3,3","0.43361678065261333,0.3210817747834025,0.6823597949495128,0.6255245494987753","-0.05793955047164923,-0.10139631366551673,0.3447225483940915,-1.1174507333805508",1,Polynomial 2,1.0 Standard Deviation,Normal + Constant variance,Down (↓),0.95,0.01,2,frequentist_restricted,3.080831922634999,6.415209770202637,8.985376803114418,32.959747485294,-13.479873742647003,0.017146791284712748,0.6176629582719967,0.6176629582719967,0.324820750111394,2.0,-0.013246675188396713,-0.460825805818735,True,Recommended - Lowest AIC,,False
TCP1_92626,TCP1_92626,,,,,"0.0,0.1,1.0,10.0","12,3,3,3","0.3915364169221787,0.5642028851463058,0.19736649202770712,0.22172828312240728","-0.0467199249005413,-0.4683611560282377,-0.3567973646785944,-0.8685187957374995",0,Linear,1.0 Standard Deviation,Normal + Constant variance,Down (↓),0.95,0.01,1,frequentist_unrestricted,3.2236385842473423,5.137679576873779,12.515966642537546,24.530029946265493,-9.265014973132747,0.012902516817075438,0.19464078505448346,0.19464078505448346,0.16249106904612032,2.0,-0.603337923951582,0.9746286213337428,True,Recommended - Lowest AIC,,False
TDRKH_13741,TDRKH_13741,,,,,"0.0,0.1,1.0,10.0","12,3,3,3","0.1524426929455438,0.19923622716061645,0.26304142311673523,0.38342630861475696","-0.007146882879473913,-0.19517390533404788,-0.037385023922917614,-0.6707390941356",0,Linear,1.0 Standard Deviation,Normal + Constant variance,Down (↓),0.95,0.01,1,frequentist_unrestricted,2.2444244200121592,3.1905746459960938,5.441694224912114,-1.536410320666822,3.768205160333411,0.0010147458993954306,0.2854525598723401,0.2854525598723401,0.3069687932273524,2.0,0.5020611784005087,0.43637135095129465,True,Recommended - Lowest AIC,,False
TEC_19874,TEC_19874,,,,,"0.0,0.1,1.0,10.0","12,3,3,3","0.9664269579523947,0.21531249109071013,0.9429388303798478,0.6924920018581955","-0.2148991813001783,-0.5115839202207733,-0.417588549328279,-2.045848824463087",0,Linear,1.0 Standard Deviation,Normal + Constant variance,Down (↓),0.95,0.01,1,frequentist_unrestricted,2.917617349484734,4.469757080078125,9.451560994947316,55.992355459794396,-24.996177729897198,0.0075989257938828825,0.0607161924097952,0.0607161924097952,0.8603416991388866,2.0,0.056509794230194324,0.22052256097387896,True,Recommended - Lowest AIC,,False
TEDC1_20289,TEDC1_20289,,,,,"0.0,0.1,1.0,10.0","12,3,3,3","0.48166894174515357,0.7485800297290721,0.27594323160121154,1.1000388492839959","-0.07079287513147488,-0.4938658549549155,-0.09140901671963364,-1.4133812714047387",0,Linear,1.0 Standard Deviation,Normal + Constant variance,Down (↓),0.95,0.01,1,frequentist_unrestricted,2.9005431868981373,4.434077739715576,9.311280848059335,41.72757524636991,-17.863787623184955,0.008584237760813185,0.1299746090208035,0.1299746090208035,0.4495867485356315,2.0,0.4883866374259549,0.3215945935575221,True,Recommended - Lowest BMDL,,False
TENT2_19346,TENT2_19346,,,,,"0.0,0.1,1.0,10.0","12,3,3,3","0.7623595461028444,0.6281657570458695,0.8756660179574878,0.9194575616152865","-0.1702696291443452,-0.3461798545108315,-0.46343981200778,1.2857480754604191",1,Polynomial 2,1.0 Standard Deviation,Normal + Constant variance,Up (↑),0.95,0.01,2,frequentist_restricted,3.148973630933165,6.816105842590332,10.030364927963287,51.372330156352064,-22.686165078176032,0.10569333668935421,0.9073248974055735,0.9073248974055735,0.7708705956464155,2.0,0.0055675291769611834,0.3906733120455078,True,Recommended - Lowest AIC,,False
TESMIN_15697,TESMIN_15697,,,,,"0.0,0.1,1.0,10.0","12,3,3,3","0.5250012469535907,0.46893847089477814,0.2796326764543176,0.29169221087522634","-0.08240015470896667,-0.43022448491827886,-0.3513092141363261,1.2259687990910968",1,Polynomial 2,1.0 Standard Deviation,Normal + Constant variance,Up (↑),0.95,0.01,2,frequentist_restricted,2.4325357546995656,5.6298792362213135,7.325878131016181,31.81090799943667,-12.905453999718334,0.0009209227284618926,0.28042267701888757,0.28042267701888757,0.3455748383802073,2.0,0.006991611108580061,0.8120071091182278,True,Recommended - Lowest AIC,,False
TEX2_15987,TEX2_15987,,,,,"0.0,0.1,1.0,10.0","12,3,3,3","0.2734891079922746,0.3541306414127384,0.28227262203774495,0.17805779982841072","-0.02439060353332154,-0.18745588430730462,-0.05257358040370968,-0.604114084284785",0,Linear,1.0 Standard Deviation,Normal + Constant variance,Down (↓),0.95,0.01,1,frequentist_unrestricted,2.9806854781406007,4.602901935577393,9.992757692436754,8.187874327404185,-1.0939371637020923,0.0632278489390824,0.6831094250822045,0.6831094250822045,0.5836327151532421,2.0,0.3364690666506771,0.3033406594090665,True,Recommended - Lowest AIC,,False
TFDP1_7045,TFDP1_7045,,,,,"0.0,0.1,1.0,10.0","12,3,3,3","0.2128796559142876,0.25298828233834636,0.38715694353129165,0.18051449472946055","-0.014169837539654536,-0.1566009874502707,-0.1967344696864962,-0.6103934731858387",3,Hill,1.0 Standard Deviation,Normal + Constant variance,Down (↓),0.95,0.01,0,frequentist_restricted,0.20351107750729913,1.3283592468717975,9.738723382596321,4.217827678478763,1.8910861607606184,0.01968275469017522,0.5895004053864774,0.5895004053864774,0.39042053147353184,1.0,0.1374449557576657,0.32477774473039267,True,Recommended - Lowest BMDL,BMD/BMDL ratio > 3.0,False
TGFBR3_27950,TGFBR3_27950,,,,,"0.0,0.1,1.0,10.0","12,3,3,3","0.3233111976253505,0.11962910251846619,0.39159967742187457,0.39395821142363924","-0.03118872485026453,-0.31937210960738005,-0.3612933911597543,-0.7544756425746826",2,Power,1.0 Standard Deviation,Normal + Constant variance,Down (↓),0.95,0.01,0,frequentist_restricted,3.0818929259868657,4.82192432684395,10.953751985269786,17.19811302581563,-5.599056512907816,0.013549514613807268,0.25048400949928873,0.25048400949928873,0.19730542760431014,2.0,-0.9694954813524311,0.9624237068552391,True,Recommended - Lowest AIC,,False
TGFBRAP1_26440,TGFBRAP1_26440,,,,,"0.0,0.1,1.0,10.0","12,3,3,3","0.3548747457893289,0.23953081625210831,0.5694285207747012,0.1911177551794273","-0.040592821964684805,-0.3180483670607481,-0.9894870858907145,-1.3445591798930412",3,Hill,1.0 Standard Deviation,Normal + Constant variance,Down (↓),0.95,0.01,0,frequentist_restricted,0.0421043708240425,0.13054313224350145,0.822210692590798,20.430777225143835,-6.2153886125719175,4.201814854487562e-05,0.23401611579079173,0.23401611579079173,0.9306165309069229,1.0,-0.06224476187765372,0.017947738892599974,True,Recommended - Lowest AIC,BMD/BMDL ratio > 3.0,False
TGM1_20398,TGM1_20398,,,,,"0.0,0.1,1.0,10.0","12,3,3,3","0.8683948249020368,0.9847065709697205,1.0638831684093832,1.9984711946712843","-0.25472162762835027,-0.3299541603925184,-1.1773461891911723,-2.803139561249124",0,Linear,1.0 Standard Deviation,Normal + Constant variance,Down (↓),0.95,0.01,1,frequentist_unrestricted,2.7195948948348474,4.068940877914429,7.986358590998616,66.18969549844782,-30.09484774922391,0.015908894791163974,0.37258464471564245,0.37258464471564245,0.5727234962950412,2.0,-0.9597579619371235,0.380293084127367,True,Recommended - Lowest AIC,,False
THOC6_12411,THOC6_12411,,,,,"0.0,0.1,1.0,10.0","12,3,3,3","0.3021700409692237,0.4599813272022897,0.15798849991853092,0.424300132616015","-0.029026922479586676,-0.24457546948410658,-0.20383663036871194,-0.7861648089091604",3,Hill,1.0 Standard Deviation,Normal + Constant variance,Down (↓),0.95,0.01,0,frequentist_restricted,0.29521300312469423,2.1615304871443617,9.90227667483932,17.495233746790035,-4.7476168733950175,0.020738747321740525,0.37168935113892665,0.37168935113892665,0.30366855553344374,1.0,0.13325771530108282,0.39879710122221607,True,Recommended - Lowest BMDL,BMD/BMDL ratio > 3.0,False
TIGD6_22549,TIGD6_22549,,,,,"0.0,0.1,1.0,10.0","12,3,3,3","0.5228907302328867,0.5849890161487077,0.8048308046702398,0.7189062907788216","-0.07527240774378408,-0.3236656338483442,-0.6151577317512832,1.0372371217392777",1,Polynomial 2,1.0 Standard Deviation,Normal + Constant variance,Up (↑),0.95,0.01,2,frequentist_restricted,3.3246711245621157,6.771565675735474,9.908640643626761,41.91869439769741,-17.959347198848704,0.048235536025519776,0.914427621966474,0.914427621966474,0.2783955490265848,2.0,0.012804873759859595,0.8081808300949247,True,Recommended - Lowest AIC,,False
TIMM10B_25535,TIMM10B_25535,,,,,"0.0,0.1,1.0,10.0","12,3,3,3","0.38996285882918036,0.215347687140728,0.2802720560235904,0.8160857137634243","-0.04727257630298783,-0.3818947841198394,-0.05787063485925634,-0.9163402979279299",3,Hill,1.0 Standard Deviation,Normal + Constant variance,Down (↓),0.95,0.01,0,frequentist_restricted,1.0221677534470937,4.4124802910837015,-9999.0,30.155385647558703,-11.077692823779351,0.01299477378336833,0.10203965257857028,0.10203965257857028,0.19055702750201808,1.0,0.1982595435107722,0.4860472733251522,True,Recommended - Lowest BMDL,BMD/BMDL ratio > 3.0,False
TIMM44_23550,TIMM44_23550,,,,,"0.0,0.1,1.0,10.0","12,3,3,3","0.407044410496562,0.27450220738246345,0.7140309526463694,0.31541664627059735","-0.047860268815440844,-0.20453756825089053,0.17609292901621618,-1.3202960715061103",1,Polynomial 2,1.0 Standard Deviation,Normal + Constant variance,Down (↓),0.95,0.01,2,frequentist_restricted,2.44324454352462,5.6121826171875,7.29273370463559,27.546773737518194,-10.773386868759097,0.0013369772748047515,0.3334052649917507,0.3334052649917507,0.46920900233637575,2.0,-0.009517361679693758,-0.11144396370241767,True,Recommended - Lowest AIC,,False
TLNRD1_87388,TLNRD1_87388,,,,,"0.0,0.1,1.0,10.0","12,3,3,3","0.39219384402089497,0.5016789396596143,0.6498624156752826,0.6307478392301614","-0.04783516312179875,-0.07778325062417864,0.021637409778165306,-1.1594199827680078",1,Polynomial 2,1.0 Standard Deviation,Normal + Constant variance,Down (↓),0.95,0.01,2,frequentist_restricted,2.6691445040149957,6.187828779220581,8.463657222999,30.005781867356077,-12.002890933678039,0.032232173817009935,0.8149499338884776,0.8149499338884776,0.9445369359954062,2.0,-0.0029072150096464866,-0.06750977659574357,True,Recommended - Lowest AIC,,False
TM9SF3_7143,TM9SF3_7143,,,,,"0.0,0.1,1.0,10.0","12,3,3,3","0.7729708727571338,0.5892971501007662,0.528396133868723,0.36265383332920886","-0.180747440796631,-0.33855528431085874,-0.7856647715685768,-1.4059053225810285",3,Hill,1.0 Standard Deviation,Normal + Constant variance,Down (↓),0.95,0.01,0,frequentist_restricted,0.0899286474232129,1.0315647590080514,192.5377033585339,47.58033876404531,-19.790169382022654,0.05498815548852787,0.2698181504759314,0.2698181504759314,0.8845484979777829,1.0,0.04017820409069066,0.049569300680386515,True,Recommended - Lowest BMDL,BMD/BMDL ratio > 3.0,False
TMBIM6_7153,TMBIM6_7153,,,,,"0.0,0.1,1.0,10.0","12,3,3,3","0.3344314786088172,0.5613570679135601,0.3859378509353686,0.2077814705530953","-0.03860414251152066,0.027924956339377378,-0.7249658679783937,-0.5781983266685541",3,Hill,1.0 Standard Deviation,Normal + Constant variance,Down (↓),0.95,0.01,0,frequentist_restricted,0.10530597325319918,0.315319594903643,3.6286637759468867,21.0390079219829,-6.51950396099145,0.02362659183193494,0.4520308064452434,0.4520308064452434,0.5281990042417859,1.0,0.2793004298601037,-0.13965020492861305,True,Recommended - Lowest AIC,,False
TMEM115_14175,TMEM115_14175,,,,,"0.0,0.1,1.0,10.0","12,3,3,3","0.2812324706318243,0.551453857935877,0.15068986855436936,0.28618076359956535","-0.024439806611997645,0.23202530433494462,-0.04096310587445142,-0.6421310044864543",0,Linear,1.0 Standard Deviation,Normal + Constant variance,Down (↓),0.95,0.01,1,frequentist_unrestricted,2.90811004699349,4.449925422668457,9.373541946245748,14.62059112734007,-4.310295563670035,0.011350842653663262,0.20144532310586793,0.20144532310586793,0.3729048285748745,2.0,-0.00970325386199668,-0.6052121979060748,True,Recommended - Lowest AIC,,False
TMEM189_27974,TMEM189_27974,,,,,"0.0,0.1,1.0,10.0","12,3,3,3","0.3523572253961781,0.7262135959086974,0.3914413592249071,0.455163875683155","-0.03854929411256459,0.007782909864607983,-0.1263823655852285,-0.9549324594885372",0,Linear,1.0 Standard Deviation,Normal + Constant variance,Down (↓),0.95,0.01,1,frequentist_unrestricted,2.7748797192638346,4.179275035858154,8.367416634983659,25.74791678522237,-9.873958392611184,0.041904286534740987,0.551947539067815,0.551947539067815,0.9752134427827598,2.0,-0.02353242214447475,-0.09018880294859966,True,Recommended - Lowest AIC,,False
TMEM214_24547,TMEM214_24547,,,,,"0.0,0.1,1.0,10.0","12,3,3,3","0.16250787176965312,0.6918842938535854,0.28038291561752643,0.3209412685938888","-0.008180429373066385,-0.30060202767274374,-0.26757265662122404,-0.6934980135452523",0,Linear,1.0 Standard Deviation,Normal + Nonconstant variance,Down (↓),0.95,0.01,1,frequentist_unrestricted,2.0276812491430904,2.1745657920837402,2.765800758504855,6.325064953069658,-0.16253247653482905,0.0008603933673475561,0.011503960056982954,0.20020683244035875,0.48010856471541297,3.0,-0.763550032860868,-0.1804726898499672,True,Recommended - Lowest AIC,,False
TMEM241_19360,TMEM241_19360,,,,,"0.0,0.1,1.0,10.0","12,3,3,3","0.6108448364029699,0.9572727292932574,0.8101860701275578,0.30429584453238556","-0.10259710964364577,-0.15940164334597998,-0.4939634642248479,-2.5260645783314564",3,Hill,1.0 Standard Deviation,Normal + Constant variance,Down (↓),0.95,0.01,0,frequentist_restricted,0.4777035018412545,1.5857889663396716,9.39865280275912,45.79273260525831,-18.896366302629154,0.00020841398770055086,0.33633623141591085,0.33633623141591085,0.9680974724690443,1.0,0.0045406970150135536,0.015974502070674235,True,Recommended - Lowest BMDL,BMD/BMDL ratio > 3.0,False
TMEM251_7199,TMEM251_7199,,,,,"0.0,0.1,1.0,10.0","12,3,3,3","0.6334397197214291,0.6751041886845804,0.5064184820686811,0.9511084754005745","-0.12099980428639434,-0.040118627994235045,0.23254395177671508,-1.3241495637816882",1,Polynomial 2,1.0 Standard Deviation,Normal + Constant variance,Down (↓),0.95,0.01,2,frequentist_restricted,3.302346736042041,6.952959299087524,10.432338557198364,45.24863134126876,-19.62431567063438,0.09251867022216187,0.758150121945337,0.758150121945337,0.6483703820854674,2.0,-0.008218422569392436,-0.41646551779189456,True,Recommended - Lowest AIC,,False
TMEM41A_11795,TMEM41A_11795,,,,,"0.0,0.1,1.0,10.0","12,3,3,3","0.20064859906506713,0.19841971770443656,0.17945152446878562,0.45813491590817396","-0.013075980073359722,-0.09221784244907964,-0.05077063314020619,-0.7809660828316645",0,Linear,1.0 Standard Deviation,Normal + Constant variance,Down (↓),0.95,0.01,1,frequentist_unrestricted,2.0821550922485006,2.9149723052978516,4.78534432370292,2.1787390710981756,1.9106304644509122,0.0008218636078337616,0.24847848798720107,0.24847848798720107,0.8198537901465595,2.0,0.3473331804303619,0.09732883236278679,True,Recommended - Lowest AIC,,False
TMEM44_13230,TMEM44_13230,,,,,"0.0,0.1,1.0,10.0","12,3,3,3","0.9299509248040136,1.285005790091379,1.159446447043766,1.0830578095238617","-0.2561230859040579,0.7147858608816096,-0.48175361458535054,1.6638746893761514",1,Polynomial 2,1.0 Standard Deviation,Normal + Constant variance,Up (↑),0.95,0.01,2,frequentist_restricted,3.510462676017847,7.428035736083984,13.815961974789989,65.18201773830845,-29.591008869154226,0.11524043100234549,0.9848714529149997,0.9848714529149997,0.223191061999077,2.0,0.006245798525427242,-0.4260563604965143,True,Recommended - Lowest AIC,,False
TMEM51_18762,TMEM51_18762,,,,,"0.0,0.1,1.0,10.0","12,3,3,3","0.7047172814369338,0.7047343363127392,0.412509929309484,1.060912873766439","-0.16439930308316608,0.26469395262420636,0.3078753411024048,-1.5267460238531496",1,Polynomial 2,1.0 Standard Deviation,Normal + Constant variance,Down (↓),0.95,0.01,2,frequentist_restricted,3.190571821221717,6.739362478256226,9.81861158842088,49.7886444489686,-21.8943222244843,0.028501767005213896,0.4811696883732377,0.4811696883732377,0.39146402075694087,2.0,-0.008528586054262174,-0.768204934107069,True,Recommended - Lowest AIC,,False
TMEM52_26220,TMEM52_26220,,,,,"0.0,0.1,1.0,10.0","12,3,3,3","0.676462704260683,0.4093305293692511,0.5400163977745652,0.732130464913555","-0.1312336251136166,-0.18690025952882214,-0.42733611029430435,1.207280518829213",1,Polynomial 2,1.0 Standard Deviation,Normal + Constant variance,Up (↑),0.95,0.01,2,frequentist_restricted,2.976154375133161,6.487375497817993,9.161864443115919,43.27551550262298,-18.63775775131149,0.033306843729885904,0.5718911634616003,0.5718911634616003,0.712085757352911,2.0,0.007353308151969137,0.3569398317718459,True,Recommended - Lowest AIC,,False
TMEM63A_18448,TMEM63A_18448,,,,,"0.0,0.1,1.0,10.0","12,3,3,3","0.7899147606473147,0.6535874230884111,0.4039769825670208,0.6595496609341015","-0.19510106267061977,-0.03033081045659129,0.012216683270293868,1.1130460846484809",3,Hill,1.0 Standard Deviation,Normal + Constant variance,Up (↑),0.95,0.01,0,frequentist_restricted,0.8969792319671441,3.9049329070017924,-9999.0,49.7202489687116,-20.8601244843558,0.09319638274869069,0.41590257911392003,0.41590257911392003,0.7303104510481833,1.0,-0.0383884551746823,-0.13776746171322546,True,Recommended - Lowest BMDL,BMD/BMDL ratio > 3.0,False
TNFRSF10B_23818,TNFRSF10B_23818,,,,,"0.0,0.1,1.0,10.0","12,3,3,3","0.2732224997265883,0.13527654178932697,0.14561157163307362,0.09490368448057902","-0.024449431786637933,0.22957203115304634,0.006249195269918878,-0.5257088292606062",1,Polynomial 2,1.0 Standard Deviation,Normal + Constant variance,Down (↓),0.95,0.01,2,frequentist_restricted,2.769160753492045,6.4131975173950195,8.984805356820821,3.1526003653137784,1.4236998173431108,0.0009867104519455383,0.05038277725831275,0.05038277725831275,0.1935069910099163,2.0,0.0007771142363375428,-0.741442552047601,True,Recommended - Lowest AIC,,False
TNFRSF19_12626,TNFRSF19_12626,,,,,"0.0,0.1,1.0,10.0","12,3,3,3","1.184028971597371,0.38839084843958716,1.083561589925468,0.7119692875834359","-0.4285236038196816,-0.6996650931857049,-1.479052596277329,-1.9065418068053726",0,Linear,1.0 Standard Deviation,Normal + Constant variance,Down (↓),0.95,0.01,1,frequentist_unrestricted,4.060363265716259,7.32586145401001,36.97544656229998,65.71632004571745,-29.85816002285873,0.057611803231766956,0.11850615488027416,0.11850615488027416,0.3448914347239329,2.0,0.1274947302997166,0.6316842759951371,True,Recommended - Lowest AIC,,False
TNK2_27994,TNK2_27994,,,,,"0.0,0.1,1.0,10.0","12,3,3,3","0.4400698489376188,1.0298424288200616,0.3015832674085145,0.2536980957581689","-0.06131294449946167,-0.19732597036301272,0.9448470249273382,0.35466538618785143",3,Hill,1.0 Standard Deviation,Normal + Constant variance,Up (↑),0.95,0.01,0,frequentist_restricted,0.10423977608021137,0.3203431170104495,-9999.0,37.99327681196846,-14.996638405984228,0.0064408594726416135,0.05561750685414335,0.05561750685414335,0.11680988973771766,1.0,-0.3813532633433649,0.19067663926359,True,Recommended - Lowest AIC,BMD/BMDL ratio > 3.0,False
TNKS1BP1_88735,TNKS1BP1_88735,,,,,"0.0,0.1,1.0,10.0","12,3,3,3","0.885910802262413,0.38970918885368655,0.34366501610502675,0.5613637209325237","-0.25157140136605566,-0.5254211890426596,-0.5814183596267704,-1.6046478599056246",3,Hill,1.0 Standard Deviation,Normal + Constant variance,Down (↓),0.95,0.01,0,frequentist_restricted,0.2184029199230108,2.7791197331162505,-9999.0,51.89071367639919,-21.945356838199594,0.020887984762800738,0.06786627320418237,0.06786627320418237,0.5883809971832299,1.0,0.073386297568133,0.2107394135967657,True,Recommended - Lowest BMDL,BMD/BMDL ratio > 3.0,False
TNPO3_12588,TNPO3_12588,,,,,"0.0,0.1,1.0,10.0","12,3,3,3","0.294313294632908,0.08988987049304648,0.15730073997027036,0.26005739875449846","-0.02811300909397658,-0.27298533260340124,-0.8409726286608016,-1.2033737537472728",3,Hill,1.0 Standard Deviation,Normal + Constant variance,Down (↓),0.95,0.01,0,frequentist_restricted,0.0430834373891503,0.1120141123821629,0.6455224966484242,6.731787522614734,0.634106238692633,7.631733265345275e-07,0.080317349181664,0.080317349181664,0.7937900449511183,1.0,-0.19768985453950538,0.05980882142340767,True,Recommended - Lowest AIC,,False
TOR2A_25655,TOR2A_25655,,,,,"0.0,0.1,1.0,10.0","12,3,3,3","0.5155953545835359,0.6984283332194205,0.3030081212109847,0.931518658408616","-0.0807959753083728,-0.635241702577793,-0.5406691906311039,1.1967629804317568",1,Polynomial 2,1.0 Standard Deviation,Normal + Constant variance,Up (↑),0.95,0.01,2,frequentist_restricted,2.93276033898048,6.294392943382263,8.701739594627112,42.18364498065027,-18.091822490325136,0.004158843440924542,0.33622123525907055,0.33622123525907055,0.17034796350040127,2.0,0.009290917100689387,1.0342068959068393,True,Recommended - Lowest AIC,,False
TP53I3_7290,TP53I3_7290,,,,,"0.0,0.1,1.0,10.0","12,3,3,3","0.29566799268255506,0.4418842298700603,0.23328501939391275,0.9913983116347752","-0.027806639188984215,0.2639824637824562,0.43634801853399874,1.1643739891750557",3,Hill,1.0 Standard Deviation,Normal + Nonconstant variance,Up (↑),0.95,0.01,0,frequentist_restricted,0.05558907783490612,0.6186256364089525,8.992039786486789,26.954934459816798,-8.477467229908399,0.0004316514409126171,0.022789490321675654,0.1701256241349568,0.23015874960086036,1.0,0.019666872022477844,-0.5784826337020087,True,Recommended - Lowest BMDL,BMD/BMDL ratio > 3.0,False
TPCN1_19034,TPCN1_19034,,,,,"0.0,0.1,1.0,10.0","12,3,3,3","0.6259448098560837,0.5266101543809056,0.7382622811040482,0.5315482024724205","-0.1236781897453149,0.12379685508540794,-0.04604785108203452,1.2874753044547884",0,Linear,1.0 Standard Deviation,Normal + Constant variance,Up (↑),0.95,0.01,1,frequentist_unrestricted,2.737526164077066,4.104456901550293,8.107363321991949,41.539769804819045,-17.769884902409522,0.050305658559579136,0.8413830684549226,0.8413830684549226,0.7756724465884396,2.0,-0.27618121990122363,-0.1852096064024845,True,Recommended - Lowest BMDL,,False
TPT1_92740,TPT1_92740,,,,,"0.0,0.1,1.0,10.0","12,3,3,3","0.4174928740705886,0.3920212911759328,0.49481257955118824,0.6478000644086418","-0.05500251043790874,-0.2605328523333083,-0.37929145830796623,0.8085127863622503",1,Polynomial 2,1.0 Standard Deviation,Normal + Constant variance,Up (↑),0.95,0.01,2,frequentist_restricted,3.210068265469527,6.719915866851807,9.764776026396714,30.074826960015308,-12.037413480007654,0.052992728969312175,0.850764812844605,0.850764812844605,0.4092215674927503,2.0,0.009904230399836433,0.7222387667839585,True,Recommended - Lowest AIC,,False
TRAF4_24863,TRAF4_24863,,,,,"0.0,0.1,1.0,10.0","12,3,3,3","0.36007320435911216,0.3289744376189876,0.1562358083814679,0.1830513224038463","-0.03831748691736312,0.18972287321605205,0.024881467634503208,-0.6669201041796594",1,Polynomial 2,1.0 Standard Deviation,Normal + Constant variance,Down (↓),0.95,0.01,2,frequentist_restricted,2.9543539308685767,6.647217273712158,9.569558168010705,14.970997674853145,-4.485498837426572,0.010134755539206397,0.1629906867534625,0.1629906867534625,0.4825582283712373,2.0,-0.0012784510529399529,-0.5740300477923558,True,Recommended - Lowest AIC,,False
TRAF6_7314,TRAF6_7314,,,,,"0.0,0.1,1.0,10.0","12,3,3,3","0.7778220660634588,0.8902981361067559,1.2649761257956178,1.0842836899621413","-0.18279029623319717,0.08005293424921944,0.5399004040882253,1.5660810371655731",3,Hill,1.0 Standard Deviation,Normal + Constant variance,Up (↑),0.95,0.01,0,frequentist_restricted,0.11585312456597643,1.1932711273248537,9.69709561293489,58.859297706226634,-25.429648853113317,0.12233615849396284,0.8741988171027457,0.8741988171027457,0.7604354252717089,1.0,-0.06635539972660526,-0.11017404270462468,True,Recommended - Lowest BMDL,BMD/BMDL ratio > 3.0,False
TRAM2_7319,TRAM2_7319,,,,,"0.0,0.1,1.0,10.0","12,3,3,3","0.3234342848183209,0.12106519341866785,0.5046261860952291,0.30977499976592254","-0.03164113183365716,-0.3143507224549225,-0.3246893724067332,-0.8263388585234573",0,Linear,1.0 Standard Deviation,Normal + Constant variance,Down (↓),0.95,0.01,1,frequentist_unrestricted,2.8637051096865633,4.360377788543701,9.028140007977157,17.560030059328284,-5.780015029664142,0.006834792202283224,0.1775434885993029,0.1775434885993029,0.2686001071003129,2.0,-0.761394025108028,0.8686626447785029,True,Recommended - Lowest AIC,,False
TRAPPC5_12918,TRAPPC5_12918,,,,,"0.0,0.1,1.0,10.0","12,3,3,3","0.3190192944530954,0.28892488939221,0.15273635650364975,0.18463225749667292","-0.032394836488411446,-0.06156916518368324,0.09593285474698365,-0.7683632517066791",1,Polynomial 2,1.0 Standard Deviation,Normal + Constant variance,Down (↓),0.95,0.01,2,frequentist_restricted,2.6037297012910954,5.913290977478027,7.87967279775808,9.514062791418617,-1.7570313957093082,0.003496766709011112,0.24839075784173303,0.24839075784173303,0.6810429789267377,2.0,-0.007754643557289796,-0.23168597124862472,True,Recommended - Lowest AIC,,False
TREX2_87535,TREX2_87535,,,,,"0.0,0.1,1.0,10.0","12,3,3,3","0.9014863788515773,0.770109579194734,0.4363117236380409,1.231080577522261","-0.25774834645192923,-0.9840844630496669,-0.47593212166583193,-1.8709926102284802",0,Linear,1.0 Standard Deviation,Normal + Constant variance,Down (↓),0.95,0.01,1,frequentist_unrestricted,3.442844095875412,5.655200481414795,15.65557957706175,58.198658774929164,-26.099329387464582,0.06820999136664485,0.3534713232911557,0.3534713232911557,0.4018087058274269,2.0,-0.0004628802597869811,0.5381858062142113,True,Recommended - Lowest AIC,,False
TRMT1L_22968,TRMT1L_22968,,,,,"0.0,0.1,1.0,10.0","12,3,3,3","0.21330685354766413,0.11562510939296543,0.16492718439310963,0.13704071467390805","-0.015064124163298803,0.12792026394339953,0.14701865406772288,0.5334673671145974",3,Hill,1.0 Standard Deviation,Normal + Constant variance,Up (↑),0.95,0.01,0,frequentist_restricted,0.24228466578866545,1.1570322775560464,9.612501191814506,-5.17057219572111,6.585286097860555,0.0029815058394081495,0.3265422357426957,0.3265422357426957,0.26645702043639063,1.0,-0.1717234774899788,-0.4195907063058399,True,Recommended - Lowest BMDL,BMD/BMDL ratio > 3.0,False
TSEN15_93208,TSEN15_93208,,,,,"0.0,0.1,1.0,10.0","12,3,3,3","0.2175685105506688,0.7136713562423587,0.6713813773619631,0.3546252637912769","-0.01503321089927206,-0.654892724773462,-0.07391680394162632,-0.9332916859037758",0,Linear,1.0 Standard Deviation,Normal + Nonconstant variance,Down (↓),0.95,0.01,1,frequentist_unrestricted,1.6983615044430511,2.180638313293457,3.419447571231127,19.727204140877987,-6.8636020704389935,0.0007387696924249232,0.03210500365958635,0.26955589327169815,0.32814961624251493,3.0,0.058153418893812724,-0.2513012162597173,True,Recommended - Lowest AIC,,False
TSHZ2_25918,TSHZ2_25918,,,,,"0.0,0.1,1.0,10.0","12,3,3,3","0.9432648339884954,0.9203308798415517,0.735346831362792,0.44863295338359294","-0.2672073359667972,0.28765410323488955,-0.09439083180037927,1.6581018966347862",0,Linear,1.0 Standard Deviation,Normal + Constant variance,Up (↑),0.95,0.01,1,frequentist_unrestricted,2.8874167739868555,4.409092664718628,9.214516715946942,56.61177118372018,-25.30588559186009,0.026433238987423002,0.373519144872678,0.373519144872678,0.5645159749816759,2.0,-0.21219779857684892,-0.38015287288226957,True,Recommended - Lowest AIC,,False
TSPAN14_22152,TSPAN14_22152,,,,,"0.0,0.1,1.0,10.0","12,3,3,3","0.8012232285508649,0.218744610164616,0.6944450305559793,0.7189365155399451","-0.18961661410878572,0.18431243963432845,0.7534433608445971,1.1049784309964086",0,Linear,1.0 Standard Deviation,Normal + Constant variance,Up (↑),0.95,0.01,1,frequentist_unrestricted,3.636317409354357,6.142240762710571,19.550065139049693,51.832323291212745,-22.916161645606373,0.01804924998169155,0.11834528278344192,0.11834528278344192,0.1595778883115586,2.0,-0.15773030089165913,-0.8992314937147622,True,Recommended - Lowest AIC,,False
TSPAN2_19795,TSPAN2_19795,,,,,"0.0,0.1,1.0,10.0","12,3,3,3","0.5183457765014501,0.2827455367495477,0.23929904453734427,0.2758565024176357","-0.0795430075859563,0.3881560596655993,0.4216385215810507,1.296848901677172",3,Hill,1.0 Standard Deviation,Normal + Constant variance,Up (↑),0.95,0.01,0,frequentist_restricted,0.08613415281301072,0.7783558274506346,6.028239681797766,31.570484116622637,-11.785242058311319,0.0004423586123799561,0.11139920272310466,0.11139920272310466,0.12759735863657262,1.0,-0.2931959523880391,-0.546561219743575,True,Recommended - Lowest BMDL,BMD/BMDL ratio > 3.0,False
TTC33_22097,TTC33_22097,,,,,"0.0,0.1,1.0,10.0","12,3,3,3","0.26987088079589455,0.18694099812235943,0.47741122868822494,0.3926042431677947","-0.02305227463183652,0.22677731894910494,0.05769121788486301,0.7883138777433429",0,Linear,1.0 Standard Deviation,Normal + Constant variance,Up (↑),0.95,0.01,1,frequentist_unrestricted,2.5745431566050954,3.7900924682617188,7.092157957576177,13.779178838297252,-3.889589419148626,0.008904509279082817,0.4526083770698228,0.4526083770698228,0.4081268317200648,2.0,-0.22237753175020322,-0.4912632613782061,True,Recommended - Lowest AIC,,False
TTC39C_28022,TTC39C_28022,,,,,"0.0,0.1,1.0,10.0","12,3,3,3","0.4163312331738108,0.2274642966420616,0.17695958242883297,0.6632270234542975","-0.06031127657816197,-0.03313456713992583,-0.14942913742474584,-1.0802136955953126",0,Linear,1.0 Standard Deviation,Normal + Constant variance,Down (↓),0.95,0.01,1,frequentist_unrestricted,2.501093430798966,3.651515245437622,6.679991713290874,24.420747172817904,-9.210373586408952,0.0031346750677260227,0.09944836763169385,0.09944836763169385,0.9877679453967565,2.0,0.024242574320812,-0.07734940647037715,True,Recommended - Lowest AIC,,False
TTLL4_14717,TTLL4_14717,,,,,"0.0,0.1,1.0,10.0","12,3,3,3","0.5642231109079048,0.25595662212461484,0.5856071726416671,1.1168031922829609","-0.10438224662195598,-0.31030248839952884,0.293895138496944,-1.3895965298446562",1,Polynomial 2,1.0 Standard Deviation,Normal + Constant variance,Down (↓),0.95,0.01,2,frequentist_restricted,3.209211763043205,6.7246198654174805,9.777869304275105,43.76799631344262,-18.88399815672131,0.008732990270230778,0.1377946025569744,0.1377946025569744,0.4042630639180277,2.0,-0.010933043817743163,-0.1959965448676446,True,Recommended - Lowest AIC,,False
TUBA1A_12436,TUBA1A_12436,,,,,"0.0,0.1,1.0,10.0","12,3,3,3","0.7827714217143755,0.8673634342087871,0.7075298288085863,0.5206840041115567","-0.1632169561110186,-0.14410360211018067,0.3699315540567277,1.3143366040027458",0,Linear,1.0 Standard Deviation,Normal + Constant variance,Up (↑),0.95,0.01,1,frequentist_unrestricted,3.0715592973617616,4.799511432647705,10.850849626394242,50.3619323302604,-22.1809661651302,0.09030280716089178,0.7087901228132563,0.7087901228132563,0.6713371260636452,2.0,0.8167121848669563,-0.2991651911193398,True,Recommended - Lowest AIC,,False
TUBGCP6_21736,TUBGCP6_21736,,,,,"0.0,0.1,1.0,10.0","12,3,3,3","0.9578279930354441,1.0172994918878049,0.8759971360737636,1.1652271046762648","-0.24365800145560257,0.576852413119762,-0.2939974241309466,-2.7083359526229747",0,Linear,1.0 Standard Deviation,Normal + Constant variance,Down (↓),0.95,0.01,1,frequentist_unrestricted,2.4369178139543406,3.5350340604782104,6.34844455839612,62.518463048699694,-28.259231524349847,0.011367350096634476,0.9553691187381491,0.9553691187381491,0.3499429579916127,2.0,0.07035314389449283,-0.6515923674934405,True,Recommended - Lowest AIC,,False
TWF2_7415,TWF2_7415,,,,,"0.0,0.1,1.0,10.0","12,3,3,3","0.19014891763352298,0.18196463340223265,0.3717978659299601,0.5374007272474373","-0.01191040068158865,-0.2608575827225235,-0.24662534424834912,-0.6640607798894748",2,Power,1.0 Standard Deviation,Normal + Constant variance,Down (↓),0.95,0.01,0,frequentist_restricted,2.9209281431649643,4.476542119820964,10.037835999755538,10.177997908155374,-2.088998954077687,0.004515213284971065,0.09867414227000448,0.09867414227000448,0.2567961407313263,2.0,-0.6961604063641551,0.8758966874825136,True,Recommended - Lowest AIC,,False
TXNDC9_7433,TXNDC9_7433,,,,,"0.0,0.1,1.0,10.0","12,3,3,3","0.1430043291610781,0.09276985471141527,0.42034731284124727,0.3620160917645057","-0.006517316424754942,-0.09283387355936494,-0.14860578635038552,-0.6121419657151415",0,Linear,1.0 Standard Deviation,Normal + Nonconstant variance,Down (↓),0.95,0.01,1,frequentist_unrestricted,1.3188400435867929,2.1776771545410156,4.772146132559413,-4.926357282631962,6.463178641315981,0.0003941251137746793,0.020595456334260853,0.2068949496270075,0.5326364450856929,2.0,-0.5922471675467983,-0.2431116017408851,True,Recommended - Lowest AIC,,False
UBE2D3_28033,UBE2D3_28033,,,,,"0.0,0.1,1.0,10.0","12,3,3,3","0.6434790586444228,0.5977246065840792,0.3333175074028967,0.3153174192281449","-0.13144856985676412,-0.06512481970377941,-0.5460090793736497,-1.2437297526446602",0,Linear,1.0 Standard Deviation,Normal + Constant variance,Down (↓),0.95,0.01,1,frequentist_unrestricted,3.082420164557866,4.82308030128479,10.958926913151803,39.155156336330215,-16.577578168165108,0.02828263005165388,0.21606867401931762,0.21606867401931762,0.6124375081854161,2.0,-0.8796853631369898,0.21752660796713413,True,Recommended - Lowest AIC,,False
UBE2V1_28034,UBE2V1_28034,,,,,"0.0,0.1,1.0,10.0","12,3,3,3","0.2363255586153223,0.17954795811322272,0.1306343871906988,0.6570435110572069","-0.016752500667208584,0.14445626341050669,-0.11185931173186218,-0.6544578287206166",0,Linear,1.0 Standard Deviation,Normal + Nonconstant variance,Down (↓),0.95,0.01,1,frequentist_unrestricted,1.635170421798805,3.3232998847961426,10.216249991047416,7.40177079649802,0.2991146017509896,0.0013459442827961077,0.018796932186045168,0.14783563851798187,0.8464240292631914,2.0,-0.994089884557339,-0.9963067697637458,True,Recommended - Lowest AIC,,False
UBE2W_10807,UBE2W_10807,,,,,"0.0,0.1,1.0,10.0","12,3,3,3","0.29046712837018407,0.47698892859245656,0.3798265063957689,0.23333754767303042","-0.026862409184985687,0.03200101630532892,-0.8685168023408808,-0.5392536568238578",3,Hill,1.0 Standard Deviation,Normal + Constant variance,Down (↓),0.95,0.01,0,frequentist_restricted,0.10461019004867839,0.3015375189854947,0.8626632723573016,17.70085911085222,-4.8504295554261105,0.0052167865627521515,0.6763992653755829,0.6763992653755829,0.16530008483809333,1.0,0.26756116237735583,-0.13378062497896975,True,Recommended - Lowest AIC,,False
UBE3B_90314,UBE3B_90314,,,,,"0.0,0.1,1.0,10.0","12,3,3,3","0.33059354722656054,0.0750705163960274,0.4396631006185499,0.27521607101755036","-0.034055935598971215,-0.030635644260900013,0.29631820429159966,0.8058821633295917",2,Power,1.0 Standard Deviation,Normal + Constant variance,Up (↑),0.95,0.01,0,frequentist_restricted,2.505868564074692,3.660298555570348,9.530172232516982,15.228873485650903,-4.614436742825451,0.0009989572450724848,0.06288041586021376,0.06288041586021376,0.4070675447709041,2.0,1.2120279431439684,-0.42622645389498354,True,Recommended - Lowest AIC,,False
UBN1_91670,UBN1_91670,,,,,"0.0,0.1,1.0,10.0","12,3,3,3","0.14765069954556576,0.10936669986839422,0.38542117948865956,0.8659681268407037","-0.0067394502261601125,-0.061524146470059216,-0.42022509560322324,-1.1253173578412219",0,Linear,1.0 Standard Deviation,Normal + Nonconstant variance,Down (↓),0.95,0.01,1,frequentist_unrestricted,0.9855503761881977,1.1159515380859375,1.2293663192423516,0.7307336134840945,3.6346331932579528,2.4357187766721466e-07,7.48223893634048e-05,0.3900611723485109,0.4236438878895238,2.0,-1.4319885320285874,-0.36500995693897775,True,Recommended - Lowest AIC,,False
UBTD1_26698,UBTD1_26698,,,,,"0.0,0.1,1.0,10.0","12,3,3,3","0.5061989471758123,0.2489011610330277,0.2710556134543004,0.3484396442166547","-0.07271022780212161,-0.13217372987526413,-0.2922080676728584,-1.173456796561549",3,Hill,1.0 Standard Deviation,Normal + Constant variance,Down (↓),0.95,0.01,0,frequentist_restricted,0.4412868108489348,2.0453881978159547,9.779903214540123,28.95649579150602,-10.47824789575301,0.005582782984915324,0.18099287426704835,0.18099287426704835,0.8895854698725846,1.0,0.017098009211242896,0.054916064162695996,True,Recommended - Lowest BMDL,BMD/BMDL ratio > 3.0,False
USP18_7584,USP18_7584,,,,,"0.0,0.1,1.0,10.0","12,3,3,3","0.31594460834413957,0.3283374145660901,0.32446280954365797,0.26409151693065863","-0.03242097026011383,-0.3302911597091916,-0.46965383646805026,-1.1063924642028162",3,Hill,1.0 Standard Deviation,Normal + Constant variance,Down (↓),0.95,0.01,0,frequentist_restricted,0.11080127488815922,0.5438352175689041,3.005630462559032,15.997089887706107,-3.998544943853053,0.001369912108557636,0.913338123428519,0.913338123428519,0.19937652972437303,1.0,-1.138848331366801,0.4521707741711008,True,Recommended - Lowest BMDL,BMD/BMDL ratio > 3.0,False
USP5_7596,USP5_7596,,,,,"0.0,0.1,1.0,10.0","12,3,3,3","0.48880153764509404,0.17600595196138727,0.30092532905835023,0.27988890321424337","-0.07712450795178909,-0.11258970747507592,-0.49776873450036135,-0.9888710500135214",2,Power,1.0 Standard Deviation,Normal + Constant variance,Down (↓),0.95,0.01,0,frequentist_restricted,2.9246914612895276,4.484367807183595,9.95577153932302,26.729483320650107,-10.364741660325054,0.006115032479284799,0.09077275256413364,0.09077275256413364,0.4058585161360556,2.0,-1.2104334863285993,0.4827949798904627,True,Recommended - Lowest AIC,,False
USP9X_19690,USP9X_19690,,,,,"0.0,0.1,1.0,10.0","12,3,3,3","0.10251717346311685,0.09242518748774776,0.0942139251151032,0.28712476087133815","-0.0033113200981483536,0.0399221359520403,0.12471675642172259,0.3759400004771152",3,Hill,1.0 Standard Deviation,Normal + Constant variance,Up (↑),0.95,0.01,0,frequentist_restricted,0.2363982188125741,0.9493730223867248,9.508008687138087,-20.461410743640638,14.230705371820319,0.0007912180721433293,0.0677191504050052,0.0677191504050052,0.7342454154920852,1.0,-0.058896862784433894,-0.12784347114396422,True,Recommended - Lowest BMDL,BMD/BMDL ratio > 3.0,False
UTP20_16887,UTP20_16887,,,,,"0.0,0.1,1.0,10.0","12,3,3,3","0.7699741986653991,0.835418600180518,0.8490418168599944,0.46626039265896563","-0.16956104856515455,-0.25289709946657507,-1.0962784051248151,-1.564114807014543",0,Linear,1.0 Standard Deviation,Normal + Constant variance,Down (↓),0.95,0.01,1,frequentist_unrestricted,3.3949773354383295,5.538442134857178,14.8717348219655,52.658628215016115,-23.329314107508058,0.07251145014956062,0.6621945013675046,0.6621945013675046,0.21423887014897636,2.0,0.15428330153245878,0.6274176154465437,True,Recommended - Lowest AIC,,False
VIPAS39_12577,VIPAS39_12577,,,,,"0.0,0.1,1.0,10.0","12,3,3,3","0.34005206238373625,0.23090752657634708,0.21690212284821148,0.19725154340485757","-0.03728636025748163,-0.0782538651061988,-0.045969435703195394,0.9225580533552549",1,Polynomial 2,1.0 Standard Deviation,Normal + Constant variance,Up (↑),0.95,0.01,2,frequentist_restricted,2.0565048360299825,5.29735803604126,6.728152086814862,10.92928574972381,-2.464642874861905,0.000709174442792837,0.3129807637734445,0.3129807637734445,0.9713037858914092,2.0,-0.054022629444312756,0.12594218877621088,True,Recommended - Lowest AIC,,False
WASHC3_26517,WASHC3_26517,,,,,"0.0,0.1,1.0,10.0","12,3,3,3","0.2703866405123889,0.1469735886878347,0.30974650845692836,0.08525459529506234","-0.023646958162368475,0.02205746352787734,0.342512854954296,0.5482149307111673",2,Power,1.0 Standard Deviation,Normal + Constant variance,Up (↑),0.95,0.01,0,frequentist_restricted,2.9631674998779873,4.565381744238934,9.837341482707338,7.02009720857206,-0.5100486042860299,0.002436006596691409,0.08737884886913516,0.08737884886913516,0.11891275565696258,2.0,1.79852318834617,-0.7604107816762872,True,Recommended - Lowest AIC,,False
WASL_7701,WASL_7701,,,,,"0.0,0.1,1.0,10.0","12,3,3,3","0.4268273491192922,0.23238738595387368,0.35023981307346086,0.6626053277270142","-0.05735379700596335,-0.23482942770742485,0.12949221562200017,0.8347882115364126",0,Linear,1.0 Standard Deviation,Normal + Constant variance,Up (↑),0.95,0.01,1,frequentist_unrestricted,2.862112997524134,4.357022047042847,9.015535814430416,27.13086438715471,-10.565432193577355,0.025354440292145952,0.3381324323918731,0.3381324323918731,0.6659768310800398,2.0,0.48412268962059224,0.1459303651873323,True,Recommended - Lowest AIC,,False
WBP1L_20603,WBP1L_20603,,,,,"0.0,0.1,1.0,10.0","12,3,3,3","0.637004120977543,0.6086125711871916,0.38573966366967777,0.36827562377963285","-0.12736452867455889,0.006662984963786478,0.2905659381156183,1.4165737003954364",3,Hill,1.0 Standard Deviation,Normal + Constant variance,Up (↑),0.95,0.01,0,frequentist_restricted,0.3256279033157247,1.3523973682620434,9.696008531494375,40.541290077443605,-16.270645038721803,0.00681406505487403,0.3782447751730721,0.3782447751730721,0.8015675736704111,1.0,-0.03659694938482467,-0.09723314692533348,True,Recommended - Lowest BMDL,BMD/BMDL ratio > 3.0,False
WDR18_25239,WDR18_25239,,,,,"0.0,0.1,1.0,10.0","12,3,3,3","0.23499072854225636,0.5359465432172,0.262930324214347,0.5855853223329384","-0.01773683033118037,0.24912038471808398,-0.07752676582396938,-1.0339467947833783",0,Linear,1.0 Standard Deviation,Normal + Constant variance,Down (↓),0.95,0.01,1,frequentist_unrestricted,2.14597126433653,3.023049831390381,5.03594843448365,18.13242281422996,-6.066211407114981,0.0004257162157372818,0.16443365276199318,0.16443365276199318,0.39591946385089816,2.0,-0.036362236874217024,-0.577407871355526,True,Recommended - Lowest AIC,,False
WDR1_15416,WDR1_15416,,,,,"0.0,0.1,1.0,10.0","12,3,3,3","0.3292842110945856,0.35788887302169275,0.437376386473307,0.5364188864748507","-0.035027929710026905,-0.05532601228859104,0.030495509249970538,-0.8543311673592076",1,Polynomial 2,1.0 Standard Deviation,Normal + Constant variance,Down (↓),0.95,0.01,2,frequentist_restricted,2.819537936006924,6.407067775726318,8.970047324286327,20.246405531322438,-7.123202765661219,0.05541718956189179,0.8665834693878045,0.8665834693878045,0.9322710857124685,2.0,-0.003298585046063326,-0.08997354013390149,True,Recommended - Lowest AIC,,False
WDR43_7707,WDR43_7707,,,,,"0.0,0.1,1.0,10.0","12,3,3,3","0.24479533085589003,0.4697191746209009,0.17809084618987228,0.16673383226235344","-0.018539219901037563,-0.055821121144594,-0.42235234595832,-0.9038057725936316",2,Power,1.0 Standard Deviation,Normal + Constant variance,Down (↓),0.95,0.01,0,frequentist_restricted,2.179930197691341,3.08092087290969,9.534331472216927,9.717150646452422,-1.858575323226211,0.00029981861663086473,0.2274086227733958,0.2274086227733958,0.1429993428989138,2.0,-1.7335484962278846,0.6999432700096198,True,Recommended - Lowest AIC,,False
WDR44_15119,WDR44_15119,,,,,"0.0,0.1,1.0,10.0","12,3,3,3","0.26589589789220414,0.2947489205660308,0.20885385149413524,0.15273366555514817","-0.02193802292470907,0.006721308188758064,-0.01409778207490491,-0.8242913804858015",1,Polynomial 2,1.0 Standard Deviation,Normal + Constant variance,Down (↓),0.95,0.01,2,frequentist_restricted,2.0606254382677043,5.301494598388672,6.735298300553372,3.4238460563044684,1.2880769718477658,0.00124620578573309,0.5181195581280642,0.5181195581280642,0.978565890815526,2.0,0.06472576432219714,-0.1131430999723094,True,Recommended - Lowest AIC,,False
WDR59_14628,WDR59_14628,,,,,"0.0,0.1,1.0,10.0","12,3,3,3","0.19985580695363703,0.2052199800930658,0.06113204680197775,0.13646809673491542","-0.012442407580978152,0.0011933601100442743,0.07697335471685683,0.45517586346064504",3,Hill,1.0 Standard Deviation,Normal + Constant variance,Up (↑),0.95,0.01,0,frequentist_restricted,0.44492153597321055,3.1410450955850733,9.755223092975168,-8.098229991992916,8.049114995996458,0.0030049101589745275,0.12410742705654454,0.12410742705654454,0.7425534783264454,1.0,0.2952003677153852,-0.13787262017311824,True,Recommended - Lowest BMDL,BMD/BMDL ratio > 3.0,False
WNK2_17808,WNK2_17808,,,,,"0.0,0.1,1.0,10.0","12,3,3,3","0.4278119349626961,0.6203082819580129,0.707354817366319,0.37618610097882926","-0.049901763039812363,-0.47943768371087253,-0.4260062933623145,-1.5206667496000985",3,Hill,1.0 Standard Deviation,Normal + Constant variance,Down (↓),0.95,0.01,0,frequentist_restricted,0.30507294632790527,1.368842029653874,9.631572400067625,34.94084718379636,-13.470423591898179,0.004507215738351333,0.704744723503473,0.704744723503473,0.17711158753339062,1.0,0.185311508700362,0.5141065517574631,True,Recommended - Lowest BMDL,BMD/BMDL ratio > 3.0,False
WRAP53_90266,WRAP53_90266,,,,,"0.0,0.1,1.0,10.0","12,3,3,3","0.5088825759388971,0.5807898582614556,0.395761166218974,0.2964674246523049","-0.07231562670227355,0.34441031341217193,0.0016474070585518752,-1.4415369960183135",1,Polynomial 2,1.0 Standard Deviation,Normal + Constant variance,Down (↓),0.95,0.01,2,frequentist_restricted,2.277880571445227,5.621399879455566,7.309982319812939,32.913952445325684,-13.456976222662842,0.0017527018486078738,0.5193697438151549,0.5193697438151549,0.3539655454591375,2.0,-0.0002872529331610538,-0.6352127158833436,True,Recommended - Lowest AIC,,False
WSB1_21546,WSB1_21546,,,,,"0.0,0.1,1.0,10.0","12,3,3,3","0.2758947391999607,0.4948045617911278,0.42988305728821563,0.6119312833418975","-0.0251649896143851,0.03706524884657821,0.27856762736709756,1.01604212289213",3,Hill,1.0 Standard Deviation,Normal + Constant variance,Up (↑),0.95,0.01,0,frequentist_restricted,0.30332298234662036,1.1673724596850008,9.631933907741967,22.452475735892797,-7.2262378679463986,0.005600705401748174,0.4441688986356729,0.4441688986356729,0.9093307732737709,1.0,-0.01747033265043623,-0.043766248267963576,True,Recommended - Lowest BMDL,BMD/BMDL ratio > 3.0,False
XIST_28223,XIST_28223,,,,,"0.0,0.1,1.0,10.0","12,3,3,3","0.34246819887135127,0.13880981348027752,0.7124656700062392,0.3646238573853476","-0.03717879377398989,0.17830125421647358,-0.10881372828923919,0.7264755099350205",0,Linear,1.0 Standard Deviation,Normal + Constant variance,Up (↑),0.95,0.01,1,frequentist_unrestricted,3.14357523415486,4.955930709838867,11.588733678525253,23.2958093643995,-8.64790468219975,0.011981752970825155,0.0874738264885786,0.0874738264885786,0.4745521113770409,2.0,-0.7497388585270828,-0.12112395368486288,True,Recommended - Lowest BMDL,,False
XRN2_7788,XRN2_7788,,,,,"0.0,0.1,1.0,10.0","12,3,3,3","0.3950875763059399,0.08773746313789454,0.2068511112944865,0.3171455473481096","-0.04914475884895166,0.24209000747021703,0.4255433939278142,0.6673123010033875",3,Hill,1.0 Standard Deviation,Normal + Nonconstant variance,Up (↑),0.95,0.01,0,frequentist_restricted,0.05852718524765211,0.3411868458294532,1.0625262733209233,17.342355611082695,-3.671177805541347,0.0021784560552968735,0.03284117592225444,0.0698131581446233,0.5545194647124597,1.0,0.36638353901466764,-0.4463921635952481,True,Recommended - Lowest AIC,BMD/BMDL ratio > 3.0,False
YBX1_93302,YBX1_93302,,,,,"0.0,0.1,1.0,10.0","12,3,3,3","0.20155978949000689,0.10675929546168197,0.11284629046209978,0.10175458406340669","-0.012786624500438456,0.0106108790522171,-0.2610063108039333,-0.7791835000819897",2,Power,1.0 Standard Deviation,Normal + Constant variance,Down (↓),0.95,0.01,0,frequentist_restricted,1.6471805631304721,2.221668272689346,9.249035180314248,-9.119230404697388,7.559615202348694,5.557196212868654e-06,0.13728436599785565,0.13728436599785565,0.2100752565195766,2.0,-1.5504940103055682,0.4331106140751269,True,Recommended - Lowest AIC,,False
YDJC_88440,YDJC_88440,,,,,"0.0,0.1,1.0,10.0","12,3,3,3","0.3211420697372854,0.12467577534293565,0.14664685607580105,0.47425087854629666","-0.03286818855651996,-0.002631866031632827,-0.1550114055478117,-0.9233512760270628",0,Linear,1.0 Standard Deviation,Normal + Constant variance,Down (↓),0.95,0.01,1,frequentist_unrestricted,2.2191849697388117,3.1467795372009277,5.334678919196803,12.381818663090112,-3.190909331545056,0.0005644154601743834,0.06790798565869238,0.06790798565869238,0.9518512471418152,2.0,-0.21048729458665769,-0.019686667340723395,True,Recommended - Lowest AIC,,False
YPEL3_16422,YPEL3_16422,,,,,"0.0,0.1,1.0,10.0","12,3,3,3","0.48700299639315536,0.8574027424539153,0.38677410903446785,0.4788661082994675","-0.07472633357595272,0.07281542023412062,0.39166156002070696,1.888130052150227",3,Hill,1.0 Standard Deviation,Normal + Constant variance,Up (↑),0.95,0.01,0,frequentist_restricted,0.3549134731119228,1.0511074851191455,9.368305186156883,36.85663688895426,-14.428318444477132,0.0003586960659553995,0.5381422379294623,0.5381422379294623,0.7590644049481147,1.0,-0.04119508165655799,-0.1199020539620942,True,Recommended - Lowest BMDL,,False
YPEL5_7802,YPEL5_7802,,,,,"0.0,0.1,1.0,10.0","12,3,3,3","0.5194097645451552,0.11440157795692014,0.46763231071878786,0.6532688219662555","-0.08138550636929398,0.4928501407274198,0.42919934593797593,0.7370348141270305",0,Linear,1.0 Standard Deviation,Normal + Constant variance,Up (↑),0.95,0.01,1,frequentist_unrestricted,4.061185020582116,7.328357696533203,37.03200698471156,36.80236544366032,-15.40118272183016,0.014008027450655769,0.06699237201513264,0.06699237201513264,0.10097213211181966,2.0,-0.10980887380280369,-1.119896590918145,True,Recommended - Lowest AIC,,False
YY1AP1_92936,YY1AP1_92936,,,,,"0.0,0.1,1.0,10.0","12,3,3,3","0.2525879763052212,0.25690415651502707,0.1164962166609218,0.23579526854002636","-0.02018216137980193,-0.2067281789293209,-0.22549312000342406,0.5485668501783149",1,Polynomial 2,1.0 Standard Deviation,Normal + Constant variance,Up (↑),0.95,0.01,2,frequentist_restricted,2.8135924646273516,6.053917407989502,8.169261538876725,4.258640672808802,0.8706796635955987,0.003160494086567933,0.40547099489674177,0.40547099489674177,0.20276933817864462,2.0,0.010976499308153139,0.9868129431217881,True,Recommended - Lowest AIC,,False
YY2_28081,YY2_28081,,,,,"0.0,0.1,1.0,10.0","12,3,3,3","0.41527592861363255,0.2825030809749513,1.1303355897665122,0.9057354380297231","-0.054799186615734984,0.11757211586908523,-0.06211899699911153,0.9635130102011024",1,Polynomial 2,1.0 Standard Deviation,Normal + Constant variance,Up (↑),0.95,0.01,2,frequentist_restricted,3.416633278745311,7.439650297164917,14.256375161613077,40.413574209113406,-17.206787104556703,0.01958100806109686,0.05064142147154416,0.05064142147154416,0.8780766907972142,2.0,0.0013152493144355604,-0.16346219389724512,True,Recommended - Lowest AIC,,False
ZBTB40_21158,ZBTB40_21158,,,,,"0.0,0.1,1.0,10.0","12,3,3,3","0.32116467970518797,0.6207251030187222,0.35789661678930224,0.7988049566537155","-0.03441515510755401,0.1164837582963157,0.11533363283085883,0.9247929982284212",3,Hill,1.0 Standard Deviation,Normal + Constant variance,Up (↑),0.95,0.01,0,frequentist_restricted,0.5036460532609359,3.2993130668756567,9.97318097650664,29.865203375988056,-10.932601687994028,0.02213854621146727,0.22875098193939603,0.22875098193939603,0.6002088850039302,1.0,-0.05772538651844378,-0.20928580044065442,True,Recommended - Lowest BMDL,BMD/BMDL ratio > 3.0,False
ZCCHC12_21181,ZCCHC12_21181,,,,,"0.0,0.1,1.0,10.0","12,3,3,3","0.4421500523430405,0.6227481497353627,0.39627956251126467,0.1942755435692293","-0.05708180540238627,-0.23424107128584734,-0.525593931589844,-1.2566350514614768",3,Hill,1.0 Standard Deviation,Normal + Constant variance,Down (↓),0.95,0.01,0,frequentist_restricted,0.16855011438740958,0.7887389289638662,5.578334893180646,29.024572177187963,-10.512286088593982,0.003820450941472542,0.29058497921468285,0.29058497921468285,0.6609538045130436,1.0,0.08898072166421285,0.16048647805343683,True,Recommended - Lowest BMDL,BMD/BMDL ratio > 3.0,False
ZCCHC17_92644,ZCCHC17_92644,,,,,"0.0,0.1,1.0,10.0","12,3,3,3","0.28147235102989515,0.22267524509831593,0.47763506583324594,0.2637944414627878","-0.02404500557624355,-0.21685256562880226,-0.31319758248824303,-0.7333661171483535",3,Hill,1.0 Standard Deviation,Normal + Constant variance,Down (↓),0.95,0.01,0,frequentist_restricted,0.07084819308321766,0.9093880314135101,9.582626291010744,13.821041929866261,-2.9105209649331303,0.02482207026130212,0.5630535353259059,0.5630535353259059,0.3896174697506618,1.0,0.19176042959356981,0.30642830122754783,True,Recommended - Lowest BMDL,BMD/BMDL ratio > 3.0,False
ZFAND1_22534,ZFAND1_22534,,,,,"0.0,0.1,1.0,10.0","12,3,3,3","0.4912699112275588,0.8280993978769863,0.17585595139380023,0.6067746855639629","-0.06897407839888392,0.1837139419427359,0.6251438261592889,0.83598137412234",0,Linear,1.0 Standard Deviation,Normal + Constant variance,Up (↑),0.95,0.01,1,frequentist_unrestricted,3.7337980724952606,6.398665904998779,22.122377520852964,38.46510583412818,-16.23255291706409,0.024121796816075625,0.1433564760910071,0.1433564760910071,0.15283580895757165,2.0,-0.1614369289507544,-0.8898216149861261,True,Recommended - Lowest AIC,,False
ZFP2_11079,ZFP2_11079,,,,,"0.0,0.1,1.0,10.0","12,3,3,3","0.9359586320455728,0.46324499481673675,0.7770264369411359,0.34417680653846816","-0.28438571157359027,-0.0770303392548713,-0.3449056953005382,1.3758221955378398",1,Polynomial 2,1.0 Standard Deviation,Normal + Constant variance,Up (↑),0.95,0.01,2,frequentist_restricted,3.0046510066339764,6.744266748428345,9.832400123473349,53.21807145502066,-23.60903572751033,0.012859647427952092,0.10297917425822156,0.10297917425822156,0.8823405161772353,2.0,0.002253505509431186,-0.10176091409420376,True,Recommended - Lowest AIC,,False
ZFP91_17706,ZFP91_17706,,,,,"0.0,0.1,1.0,10.0","12,3,3,3","0.096539239713619,0.08946793748401964,0.23926286424213367,0.16333417436735423","-0.002998036060922287,-0.19497334432575197,-0.2977988754117068,-0.5156098744823155",3,Hill,1.0 Standard Deviation,Normal + Constant variance,Down (↓),0.95,0.01,0,frequentist_restricted,0.020881379794729628,0.11194845348973574,0.668550209416753,-20.002270779996724,14.001135389998362,2.347158917026526e-05,0.20853585871596858,0.20853585871596858,0.10708798177725254,1.0,-0.9613899489804495,0.24758353464713703,True,Recommended - Lowest AIC,"lowest dose/BMDL ratio > 3.0
BMD/BMDL ratio > 3.0",False
ZHX2_22523,ZHX2_22523,,,,,"0.0,0.1,1.0,10.0","12,3,3,3","0.5342409246910169,0.835652811325149,0.5269627103063651,0.3745977167358299","-0.08273056101770852,-0.5053138804620064,-0.5903214881978444,-1.4299222862124281",2,Power,1.0 Standard Deviation,Normal + Constant variance,Down (↓),0.95,0.01,0,frequentist_restricted,2.826589570602307,4.284281791645125,9.636147146666659,39.30418163211089,-16.652090816055445,0.022157019528027844,0.5886302770136786,0.5886302770136786,0.3107195723642734,2.0,-0.8271237682543201,0.8254425773664049,True,Recommended - Lowest AIC,,False
ZKSCAN1_13775,ZKSCAN1_13775,,,,,"0.0,0.1,1.0,10.0","12,3,3,3","0.2814048533073752,0.37189387592742557,0.6570265062402767,0.21731218963440968","-0.025184325401785886,0.34103430487430636,0.4715747067179696,0.7696859860376248",5,Exponential 5,1.0 Standard Deviation,Normal + Constant variance,Up (↑),0.95,0.01,0,frequentist_restricted,0.26560526675614576,0.47300785779953003,1.2037310870347762,21.255847619359415,-6.627923809679707,0.006931507390781522,0.21782936502005557,0.21782936502005557,0.1615387071319827,1.0,1.2126963238408104,-0.47925863863307705,True,Recommended - Lowest AIC,,False
ZNF142_15197,ZNF142_15197,,,,,"0.0,0.1,1.0,10.0","12,3,3,3","0.5543148542564613,0.704340141689159,0.309699191927536,0.6450226315787774","-0.09788539629224237,0.20058900874539062,-0.11591288221775896,-1.683588187690282",0,Linear,1.0 Standard Deviation,Normal + Constant variance,Down (↓),0.95,0.01,1,frequentist_unrestricted,2.2151768360992383,3.14125657081604,5.321070883269822,38.03331595435249,-16.016657977176244,0.0031464879170259863,0.5550410838528809,0.5550410838528809,0.6144990784592531,2.0,0.23938739439691625,-0.5036284559839834,True,Recommended - Lowest AIC,,False
ZNF211_14491,ZNF211_14491,,,,,"0.0,0.1,1.0,10.0","12,3,3,3","0.14111739524062278,0.39512779704445466,0.6458517594090685,0.1990858848491852","-0.0063526029881217265,0.048923695899416066,0.15364990661189593,0.5575829663821995",2,Power,1.0 Standard Deviation,Normal + Nonconstant variance,Up (↑),0.95,0.01,0,frequentist_restricted,1.883910532487556,2.391418989493926,3.1733748078847763,2.336667309154932,2.831666345422534,0.0010140865444083769,0.003918370239772706,0.09561681683235623,1.0,2.0,0.4420389608103057,-0.16095007361539712,True,Recommended - Lowest AIC,,False
ZNF25_23793,ZNF25_23793,,,,,"0.0,0.1,1.0,10.0","12,3,3,3","0.6676242580560688,0.17988831946907957,0.5536503661655561,0.4769787239275776","-0.14806904627163955,0.11546707128254736,0.81682046242992,1.1895570541673879",3,Hill,1.0 Standard Deviation,Normal + Constant variance,Up (↑),0.95,0.01,0,frequentist_restricted,0.046090420015318795,0.2750768125645499,1.8475485518828156,41.41254328396713,-16.706271641983566,0.002575772229498785,0.0901261466244333,0.0901261466244333,0.9833631932754887,1.0,0.015378777493515874,-0.0045492486502383715,True,Recommended - Lowest AIC,BMD/BMDL ratio > 3.0,False
ZNF266_13098,ZNF266_13098,,,,,"0.0,0.1,1.0,10.0","12,3,3,3","0.4352291028665609,0.4062545777216903,0.2914967711950137,0.19786177978582714","-0.055028212449105156,0.24066392215769875,-0.2471365086891882,0.7625719299856323",1,Polynomial 2,1.0 Standard Deviation,Normal + Constant variance,Up (↑),0.95,0.01,2,frequentist_restricted,3.2736524658585378,6.899681091308594,10.2717820602145,25.00757364161072,-9.50378682080536,0.0158204574886609,0.28316089256282684,0.28316089256282684,0.24826093374577884,2.0,0.009724331607587513,-0.1481819367814379,True,Recommended - Lowest AIC,,False
ZNF277_10713,ZNF277_10713,,,,,"0.0,0.1,1.0,10.0","12,3,3,3","0.4117688259152468,0.4803054564026031,0.4581104723954988,0.08110209754176395","-0.05687386839513012,0.3519813243703862,0.023388439062890332,1.0974069248741474",0,Linear,1.0 Standard Deviation,Normal + Constant variance,Up (↑),0.95,0.01,1,frequentist_unrestricted,2.460805644590215,3.5769569873809814,6.466214525004044,25.880608351640312,-9.940304175820156,0.000469415555408359,0.05693179126730752,0.05693179126730752,0.23396396332717218,2.0,-0.40531874115474165,-0.5579476601052324,True,Recommended - Lowest AIC,,False
ZNF287_23033,ZNF287_23033,,,,,"0.0,0.1,1.0,10.0","12,3,3,3","0.21133451142295218,0.45079996719228327,0.45520589288316166,0.7824032089163344","-0.013901160375492846,-0.1580972968247533,0.8068576280252371,-0.2367739575514857",0,Linear,1.0 Standard Deviation,Normal + Nonconstant variance,Up (↑),0.95,0.01,1,frequentist_unrestricted,16.628610125435756,18.822250366210938,19.25007687438111,19.971624794573373,-6.985812397286687,0.0015234098192626888,0.03538484115023288,0.4222869467424216,0.13142812984081742,3.0,-0.2631411584839566,-0.23743519446117367,True,Recommended - Lowest BMDL,"BMDL/highest dose ratio > 1.0
BMD/highest dose ratio > 1.0",False
ZNF354A_22337,ZNF354A_22337,,,,,"0.0,0.1,1.0,10.0","12,3,3,3","0.5479731581766045,0.2986303507190755,0.2535687518930714,0.6144460719418433","-0.09624334271359293,-0.050216902797073915,0.012013861488493704,0.829278379036685",0,Linear,1.0 Standard Deviation,Normal + Constant variance,Up (↑),0.95,0.01,1,frequentist_unrestricted,3.1494662458103067,4.9690961837768555,11.65304583515962,32.62341637468454,-13.311708187342271,0.045757280172933346,0.2080879956846916,0.2080879956846916,0.9916920491206578,2.0,0.029469664679298308,-0.06615398457557468,True,Recommended - Lowest AIC,,False
ZNF407_16558,ZNF407_16558,,,,,"0.0,0.1,1.0,10.0","12,3,3,3","0.7509176888715127,0.544875751861974,0.48245542747853803,0.48217047797654167","-0.17277337847106758,-0.6769351086013701,-0.6890525146759243,-1.8434961953889444",3,Hill,1.0 Standard Deviation,Normal + Constant variance,Down (↓),0.95,0.01,0,frequentist_restricted,0.13911550274590048,1.3372095945101168,9.793060489981789,47.861401641692986,-19.930700820846493,0.01237993672353399,0.396981693423047,0.396981693423047,0.2612727340892742,1.0,0.18129843468122936,0.4212461611442534,True,Recommended - Lowest BMDL,BMD/BMDL ratio > 3.0,False
ZNF441_20526,ZNF441_20526,,,,,"0.0,0.1,1.0,10.0","12,3,3,3","0.6593956390753077,0.7649412313730505,0.4961458270383558,0.6717562158059255","-0.12572963841335968,-0.07615174682497479,-0.7595562767090284,1.6682320075362596",1,Polynomial 2,1.0 Standard Deviation,Normal + Constant variance,Up (↑),0.95,0.01,2,frequentist_restricted,2.7299021682851965,5.796525478363037,7.643356210097743,46.481525485365,-20.2407627426825,0.003894249996365562,0.8409061406656542,0.8409061406656542,0.23012352801417868,2.0,0.015059680044440278,0.5440531860651274,True,Recommended - Lowest AIC,,False
ZNF550_17465,ZNF550_17465,,,,,"0.0,0.1,1.0,10.0","12,3,3,3","0.5274227660874304,0.5202481433752938,0.17532394502700088,0.7800905309606344","-0.09933025153581469,0.10400530644118618,0.6710427359811536,1.3882944203927903",3,Hill,1.0 Standard Deviation,Normal + Constant variance,Up (↑),0.95,0.01,0,frequentist_restricted,0.09758858275251636,0.4602444583025205,2.4431979210832804,36.999324842234515,-14.499662421117256,0.0012145262571091608,0.15391123076285584,0.15391123076285584,0.8201373600228731,1.0,0.20233054751111976,-0.07571565753826216,True,Recommended - Lowest BMDL,BMD/BMDL ratio > 3.0,False
ZNF593_7910,ZNF593_7910,,,,,"0.0,0.1,1.0,10.0","12,3,3,3","0.34099131742819233,0.6088218152947085,0.6319666417957248,0.6601135498172495","-0.03785277671852872,0.05922275276252065,-0.09469427390955298,-0.9534293569039791",0,Linear,1.0 Standard Deviation,Normal + Constant variance,Down (↓),0.95,0.01,1,frequentist_unrestricted,2.927931093007624,4.491174221038818,9.536541196944881,29.23979344291276,-11.61989672145638,0.0591237551093845,0.5271331727929283,0.5271331727929283,0.9241888917941892,2.0,0.05486697427897321,-0.19364372416176892,True,Recommended - Lowest AIC,,False
ZNF627_12749,ZNF627_12749,,,,,"0.0,0.1,1.0,10.0","12,3,3,3","0.7920473639800157,0.5683019758271712,1.1591655529447373,0.5602702911150813","-0.1655066107259422,-0.40196149134833736,-0.2672599771730409,1.3555072696286352",0,Linear,1.0 Standard Deviation,Normal + Constant variance,Up (↑),0.95,0.01,1,frequentist_unrestricted,2.977547644515679,4.59612250328064,9.964763267862837,52.25502421190997,-23.127512105954985,0.05516641467910188,0.4891295588974689,0.4891295588974689,0.7771334057275825,2.0,-0.42349334948579587,0.3909798613309084,True,Recommended - Lowest BMDL,,False
ZNF644_13575,ZNF644_13575,,,,,"0.0,0.1,1.0,10.0","12,3,3,3","0.503241903012451,0.19934936965767996,0.5425363061697095,0.9978339703102841","-0.08003747622951497,-0.010914256178402184,0.21638520815181284,0.9171988875087043",3,Hill,1.0 Standard Deviation,Normal + Constant variance,Up (↑),0.95,0.01,0,frequentist_restricted,0.2433978164340692,2.1671630387976104,10.118425138213807,39.26016647813885,-15.630083239069425,0.029307251307247872,0.10286964687186029,0.10286964687186029,0.9206039187765831,1.0,-0.01551251601122378,-0.03822642342886417,True,Recommended - Lowest BMDL,BMD/BMDL ratio > 3.0,False
ZNF658_11782,ZNF658_11782,,,,,"0.0,0.1,1.0,10.0","12,3,3,3","0.38218384437484,0.15178764533976974,0.324220213568422,0.7718769290172716","-0.04027045160323521,0.3662347019082646,0.3725031823179239,0.6450842471153977",0,Linear,1.0 Standard Deviation,Normal + Constant variance,Up (↑),0.95,0.01,1,frequentist_unrestricted,3.966353006159279,7.046253681182861,31.212658500338875,28.730650383246513,-11.365325191623256,0.01984506159982391,0.07463166509316632,0.07463166509316632,0.16361435522598256,2.0,-0.10845160882562377,-1.0115174053150164,True,Recommended - Lowest AIC,,False
ZNF692_7912,ZNF692_7912,,,,,"0.0,0.1,1.0,10.0","12,3,3,3","0.4736985480017695,0.48543879295846043,0.5189620252673549,0.8428505975542888","-0.05968473634818767,-0.34075700436251183,0.018845734800816694,1.0109551564354038",0,Linear,1.0 Standard Deviation,Normal + Constant variance,Up (↑),0.95,0.01,1,frequentist_unrestricted,2.8754416292244738,4.384398460388184,9.119917560386256,35.89761753440797,-14.948808767203985,0.05450961866476811,0.715381182494965,0.715381182494965,0.6481138716984751,2.0,0.07161375322443368,0.38161048070064085,True,Recommended - Lowest AIC,,False
ZNF69_15016,ZNF69_15016,,,,,"0.0,0.1,1.0,10.0","12,3,3,3","0.4672092603457559,0.521907703499792,0.27124778397862515,0.29728774060147284","-0.07566326550520741,0.11361967227354153,0.389470323035573,-0.8930761616846773",1,Polynomial 2,1.0 Standard Deviation,Normal + Constant variance,Down (↓),0.95,0.01,2,frequentist_restricted,3.4037740344340044,6.800254583358765,9.989824934560033,29.87297350128948,-11.93648675064474,0.015308650222698006,0.40579325111213804,0.40579325111213804,0.18889557540889423,2.0,-0.014804965123989145,-0.8921304684442007,True,Recommended - Lowest AIC,,False
ZNF721_16830,ZNF721_16830,,,,,"0.0,0.1,1.0,10.0","12,3,3,3","0.27577814938550405,0.47287684068627966,0.21824975052134915,0.4048655568168322","-0.022779984210238326,0.29912788499049464,0.26925595145753634,0.6889150517947025",5,Exponential 5,1.0 Standard Deviation,Normal + Constant variance,Up (↑),0.95,0.01,0,frequentist_restricted,0.41358290065546177,1.1004137992858887,9.708720463862143,17.23890091384102,-4.619450456920511,0.028811479188725397,0.5820125870402979,0.5820125870402979,0.12527960320293685,1.0,-0.2249333645536358,-0.5769763879226028,True,Recommended - Lowest BMDL,,False
ZNF786_20189,ZNF786_20189,,,,,"0.0,0.1,1.0,10.0","12,3,3,3","0.33873138212064957,0.10502596907408035,0.5210338831531773,0.21857086593244307","-0.03785633107274824,-0.319036646325554,0.2120492245802815,-0.7993044250810467",1,Polynomial 2,1.0 Standard Deviation,Normal + Constant variance,Down (↓),0.95,0.01,2,frequentist_restricted,3.219153793031611,6.664562225341797,9.615510983968958,19.677512106274914,-6.838756053137457,0.0015371314414005521,0.0711206462000944,0.0711206462000944,0.11713524972896572,2.0,-0.01338852433852513,0.04521594620516264,True,Recommended - Lowest AIC,,False
ZNF84_21458,ZNF84_21458,,,,,"0.0,0.1,1.0,10.0","12,3,3,3","0.5164051656251196,0.3314502817331973,1.1519717008704011,0.31704820544178086","-0.08418437333672783,0.495476204933557,0.2256164847702049,1.0921640833402737",5,Exponential 5,1.0 Standard Deviation,Normal + Constant variance,Up (↑),0.95,0.01,0,frequentist_restricted,0.5490971574104674,2.526181936264038,645.3874044438091,43.744472930192416,-17.872236465096208,0.009876730749186602,0.07370705493315477,0.07370705493315477,0.1191686953784925,1.0,-0.18114866517820133,-0.6016189813638757,True,Recommended - Lowest BMDL,BMD/BMDL ratio > 3.0,False
ZNF92_14475,ZNF92_14475,,,,,"0.0,0.1,1.0,10.0","12,3,3,3","0.8807743439612954,0.6881536585905745,0.6270851935154609,0.5987308907076976","-0.20069954150771133,-0.3046903263515765,0.7287100518972037,1.156634470419949",0,Linear,1.0 Standard Deviation,Normal + Constant variance,Up (↑),0.95,0.01,1,frequentist_unrestricted,3.5358927293251945,5.883831977844238,17.346823734502895,55.06090341943093,-24.530451709715464,0.07312113406013065,0.522067821984152,0.522067821984152,0.21488097648284699,2.0,-0.14982450299290578,-0.4545338816827031,True,Recommended - Lowest AIC,,False
ZNRF1_89375,ZNRF1_89375,,,,,"0.0,0.1,1.0,10.0","12,3,3,3","0.5006297713204871,0.4940709805607758,0.27775891670094466,0.8086831105203133","-0.07251352517521464,0.3783218155256181,-0.06459728385206291,-1.0474972279296437",0,Linear,1.0 Standard Deviation,Normal + Constant variance,Down (↓),0.95,0.01,1,frequentist_unrestricted,3.0183438654850607,4.683837890625,10.338058836269251,36.362167328331545,-15.181083664165772,0.025803475854130675,0.3785555759670771,0.3785555759670771,0.33790941371061634,2.0,0.06711487375271995,-0.6603600299649757,True,Recommended - Lowest AIC,,False
ZRANB3_33753,ZRANB3_33753,,,,,"0.0,0.1,1.0,10.0","12,3,3,3","0.2813499372800894,0.295242620495845,0.08204637464593449,0.4253808945773333","-0.025205840044391237,0.17869536544305023,0.05805824533935744,0.6787138689800806",3,Hill,1.0 Standard Deviation,Normal + Constant variance,Up (↑),0.95,0.01,0,frequentist_restricted,0.5928742085281709,3.58756362386052,9.863480368663888,12.39150803683832,-2.1957540184191604,0.004224945053994067,0.11085915419191161,0.11085915419191161,0.24338804554545979,1.0,-0.18746119110980422,-0.4340277016676441,True,Recommended - Lowest BMDL,BMD/BMDL ratio > 3.0,False
ZSCAN29_19172,ZSCAN29_19172,,,,,"0.0,0.1,1.0,10.0","12,3,3,3","0.41005628743392447,0.3549234594279002,0.3723056627167616,0.5364190753524405","-0.05488954259486741,0.08683558088338712,0.41563509965865114,-1.197574804271044",1,Polynomial 2,1.0 Standard Deviation,Normal + Constant variance,Down (↓),0.95,0.01,2,frequentist_restricted,2.745522304527949,5.740213394165039,7.532035553307381,28.0834069570309,-11.04170347851545,0.002471287470479533,0.8537575552122374,0.8537575552122374,0.15923671849056042,2.0,-0.016070971779215463,-0.8758258613971481,True,Recommended - Lowest AIC,,False
ZSCAN30_23139,ZSCAN30_23139,,,,,"0.0,0.1,1.0,10.0","12,3,3,3","0.3888732348333842,0.19999044793372367,0.6167894224951411,0.5802325312770987","-0.04652491894629962,0.09470553708073197,0.03572349423628266,1.0430562666718552",0,Linear,1.0 Standard Deviation,Normal + Constant variance,Up (↑),0.95,0.01,1,frequentist_unrestricted,2.5102185336845424,3.6684775352478027,6.729237289028096,26.25001721738741,-10.125008608693705,0.008729538808066595,0.3172096011486405,0.3172096011486405,0.8561250052776046,2.0,-0.18900608810719113,-0.16077145780744775,True,Recommended - Lowest AIC,,False
ZSWIM7_90474,ZSWIM7_90474,,,,,"0.0,0.1,1.0,10.0","12,3,3,3","0.22519391124712212,0.15139835874460592,0.4321857825088617,0.45979016422372543","-0.016574048444287923,0.0992908463569366,-0.1894687776219988,1.009876709881015",0,Linear,1.0 Standard Deviation,Normal + Constant variance,Up (↑),0.95,0.01,1,frequentist_unrestricted,1.9695814569629113,2.7284884452819824,4.371404852756756,12.162781584586375,-3.0813907922931874,8.872431973527828e-05,0.20127347277285423,0.20127347277285423,0.17946967475454467,2.0,-1.552909150469726,0.3011791056799184,True,Recommended - Lowest BMDL,,False
