Gene_Symbol,log2FoldChange
ABCF1,-0.534531769833587
AGL,1.01761546990753
AIFM1,-1.1382711374555
ALG8,-1.98480316286555
AMD1,-1.30240017482415
AMDHD2,1.12116654754941
ANAPC5,-0.474222878646736
ANKRD10,0.894358682422911
APOO,-0.666083086883514
APPBP2,0.67337132008321
ARL6IP5,0.478960330516206
ARPC5L,-0.719711042546068
ATP10D,1.01339499629921
PTCD1,-5.40998360390043
AURKA,-1.14134176800152
AURKB,-0.971010607458489
B4GALT7,1.08264517259142
BCL2L11,0.940103703293576
BLM,-0.947465733747254
BUB1B,-2.47678280465248
TIGAR,-1.84674361271812
C2CD5,0.910173948048664
CBR3,-0.874416975286992
CBX6,0.726894449869637
CCNB1,-1.22213626751447
CCNB1IP1,1.43284899585926
CCNDBP1,0.847008797826038
CCNE2,-1.47343236422386
CCNF,-1.53542062188659
CCNL1,0.822268913813851
CCNL2,0.713076189558821
CCRL2,1.11732552345516
CD55,0.702624768196513
CD58,0.73918217918134
ADGRE5,0.364845542390733
CDC25A,-1.40463154000367
CDC5L,-0.521128426503102
CDC6,-1.81520871848513
CDCA5,-1.03695298329376
CDCA8,-1.01260891255439
CDK1,-1.00140445949384
CDK19,0.562959526088803
CDK2,-1.25859036705029
CENPF,-1.10048505276607
CHD1L,-0.818636075889795
CHMP4A,0.800419497823922
CKAP5,-0.829258686930438
CKS1B,-0.661359590076539
CLTB,-0.967937039795213
COG2,0.397403211351298
CERT1,0.507899424032085
COPE,-0.858935495479339
CPSF4,-0.902091392000662
CRELD2,-1.76488248473404
CRYZ,1.32759575978617
CSNK1G2,-0.908125629939067
CTSA,0.856879101616859
CTSH,1.59684782089933
CTSL,0.800310715463556
CTSL,0.908112653577485
DAG1,-0.556860737074518
DDIT3,0.878009382530958
DDR1,2.2152589473397
DEK,-0.916379104067152
DHDDS,0.89373361802584
DLGAP5,-0.847692298800722
DNMT1,-1.71295873811393
DOLPP1,-6.63072988677129
DSN1,-1.023167911059
DUSP3,1.14990983727499
EGFR,0.748427949548326
EIF3E,0.658948887853533
EPB41L2,-1.63330181171516
EPB41L4A-AS1,1.47310439938905
EVL,-0.901595184346039
EZH2,-1.7684093704297
FAM20B,-1.54574840528887
FANCI,-1.04705249110404
FAU,0.532657325299349
FEN1,-1.8828479940477
DUXAP9,2.08151922389715
FN1,0.678186767612737
FOXO4,1.08792493701864
G0S2,-1.01503580092746
G3BP2,-0.934758915909405
GABBR1,1.05820914492129
GABPB1,-0.839126361284637
GATA2,-5.50023263007359
GATAD1,0.586890929406302
GCLM,-0.707652638944974
GGH,-1.09632486794886
GLOD4,-5.25894722904183
GLRX,0.937291123323142
GNE,0.666446127944977
GNS,0.832388118704948
GPATCH8,0.947486410184219
GPSM3,1.16847980633461
H2AX,-1.34458220285496
HAT1,-1.47594878150535
HEIH,0.749883378778806
HEXA,1.09754567776796
EPB41L4A-AS1,1.22161775044083
H1-2,-1.27554194486236
H2BC14,-2.01385184107032
H3C10,-1.39709001581078
H4C12,-1.30775186361434
H2AC19,-1.20672068346789
HJURP,-1.08495755664685
HLA-E,1.00471472911056
HMGA2,0.489582278316819
HMGB1,-5.87594891956201
HMGCR,0.652604771060398
HMOX1,0.950739588913397
HNRNPF,0.678931552714898
HRAS,-5.42259404971103
HSP90AA1,-0.734214633636749
HSPA4,-0.544620153540792
HYOU1,-1.68575990115453
ICMT,-6.45604951048074
IER3,0.536287784314903
IFRD2,-1.37216545507063
IGF1R,0.653123734759432
ILKAP,-0.949215839555593
IMPDH2,0.671926469619089
INSIG1,0.510457963647912
ITM2B,1.35776393179142
KAT6B,0.918350274503933
KATNA1,-0.911388080044275
KHSRP,-0.429740376823965
KIAA0100,-0.632567130963106
TMEM131L,0.859400556865395
KIAA1109,0.847731300030473
KIF15,-1.43343682231954
KIF18B,-1.92449244853022
KIF20A,-1.31305002481602
KLF6,0.576259283551025
KNSTRN,-1.06694887055007
LAMC2,0.633472068079061
LAPTM4A,0.926228098671716
LCP1,1.14419889540314
LIG1,-1.09151325585822
LRRC41,1.08306492301118
LSM1,-0.97188193124774
MAD2L1BP,-5.6013158193332
MAP1LC3B,-5.17846763172765
MARS1,-6.30258057216129
MASTL,-1.5997129224676
MBOAT7,-2.22133010351497
MCM10,-1.7380473618451
MCM3,-0.860755258775185
MCM4,-1.50949618254319
MCM7,-0.784861451639262
MCOLN1,0.928426583496302
MCTP1,1.02189929726028
MCUR1,-0.807016341320264
METTL2A,-6.08386595385957
MMP1,1.20407830307196
MMP3,6.97302830925376
MOCS3,0.705902853267146
MTFR1,-0.898863247816008
MYBL2,-2.23324968023003
NCAPG2,-6.97910823381195
NCAPH,-1.86977951428057
NDC1,-1.24670418660094
NDUFB5,-7.30059789278459
NDUFS6,-0.877958961181323
NES,-5.58469195726227
NEU1,1.18307381360878
NISCH,0.65666070904224
NME1,-0.713237510472687
NOL3,0.705269933589808
NPC1,1.29227756143258
NPLOC4,-0.555690162826886
NRP1,0.437430635030278
NSUN2,-0.635347285800705
NT5E,0.801935849017422
NUDCD3,-0.678060846794186
NUDT21,-0.756161313874656
NUDT5,-5.22768291485685
NUP35,-0.913688187415077
NUSAP1,-0.840744847215121
OAT,0.66036289492162
ODC1,-1.33467100616001
ORC6,-1.29826129555273
PANK1,-5.64994970079792
PARP1,-1.43256681855809
PCDHGC4,0.743014688397377
PDIA6,-1.22136969305574
PGAM1,-1.51129124655293
PGF,1.09057276123129
PKMYT1,-1.55582654700626
PLSCR3,0.819666804976023
PMS2,0.76452320024186
POLR2K,-0.540784103469271
POR,0.495478457337337
PPP2R5A,1.04208441229035
PRDX4,-1.03898368747326
PSMB3,0.996922870799625
PSMD11,-0.634120442182675
PSMD14,-1.10764936331245
PSME3,-1.38682744196446
PSRC1,-1.30784365280883
PUF60,-0.88025533280438
RAB27A,-0.585014144866318
RAB31,1.08782113665716
RAD21,-0.902381351911716
RAD51C,-1.43837094000833
RAE1,-0.680186204265156
RASSF1,-1.00941212178252
RBMX,-6.65359676144134
RETSAT,0.819470064215449
RFC3,-0.897658402521354
RFC4,-1.76280291004522
RFX5,-1.09899240434858
RNASEH2A,-0.56069031665374
RNMT,1.23936636921116
RPS4X,0.613985536531264
RRM1,-1.55435760779022
RRM2,-2.04918678720853
RUVBL1,-0.699880287831211
SATB1,1.13617638723988
SDC1,-1.27519143125222
CAVIN2,-3.10542620676039
SEC24B,0.967643560819055
SHCBP1,-1.69125564270259
SKP2,-0.897854816929194
SLC2A3,1.90134776702908
SLC35A3,0.829039279590088
SMC4,-0.813745492887304
SMIM19,0.781998763786463
SNHG8,0.677498595022083
SNRPG,-0.997816639458688
SPC25,-1.56047874081244
SPTSSA,-1.08177152573336
SRPK1,-0.939216676203779
SRSF7,-1.27250222681853
ST3GAL3,-5.30326119184417
STAP2,0.52868265618707
STAT5B,0.562089623065627
STIP1,-1.12522127320028
SUZ12,-1.03057286079098
TCF19,-6.2063051966958
TCTA,1.24871398795335
TFDP1,-1.34325228946698
TFPI2,1.39816664420666
TGFB2,-5.59900081172875
TIPARP,0.52062065318227
TK1,-1.24292336087489
TM9SF4,0.425097193293426
TMEM230,0.803044229234975
TMEM97,-0.669562677113887
TOP2A,-1.47403354856253
TOPBP1,-0.815868666592297
TPX2,-0.90541478087511
TRAPPC11,0.56763351151571
TRIB1,0.860386636900433
TSKU,1.26886721541687
TTC3,0.643837259190023
UBE2G1,-0.797503834847203
UBE2L6,0.642145089692552
UBR7,-1.22780317803618
UGDH,1.07228002868395
USO1,1.7885657127724
USP1,-0.813080395022822
VAT1,1.16181718951823
SELENOS,0.774484816958169
WDR48,1.74066229389634
XBP1,-5.59631518112667
XRCC2,-1.34658052355405
YPEL5,1.79081526767254
YWHAH,-1.27723887733802
AAK1,-1.60805948636239
MFSD11,0.719903565604322
ICA1,1.3578195882495
ZBTB1,0.764130102689924
MYOF,0.930245379958999
ZNF514,1.66834491925587
BICRAL,0.88680804661954
FBXO5,-0.690665201650638
FDXACB1,-5.72444860572315
TCAIM,1.02670085347986
SCARA3,-1.27770974942571
KLHL23,-0.940970006804158
CC2D2A,0.591309796230766
ANP32E,-1.17345785463848
SETD2,0.627360236401279
VTI1A,-0.634774912781614
PSAT1,-1.70134114374745
MASTL,-1.27143052639767
ZNF277,1.00478913240702
RIBC2,-5.99684851771521
CEBPB,0.955776564250885
HAS2,-5.82332499518682
CMTM6,-0.765248879504757
UBE2W,0.590619697269725
PLD1,1.68806190749294
ZMYM5,0.706726718572715
PIGA,-1.01075349094164
LYST,0.876808914402266
CRLF3,-0.565629024441152
SMCR8,0.749294042504273
SCRN3,0.544474674131984
GSTCD,-0.862612980721601
PCF11,0.990812272778592
XRCC3,-1.32041233231148
MICU3,7.11989867507763
TRAF3,-5.38613263501872
PRPF40A,-0.613864342716297
LCLAT1,-0.478182351402166
ALDH6A1,0.82618713185775
PRAG1,1.17257348562647
F2RL2,-5.57841596777193
CYB5R1,0.957725023236019
VEPH1,-5.16316083306732
SEL1L,0.640860509705553
NEK6,0.774404853050009
RRP1,-0.588138875468766
MIA2,1.06647672644148
RAF1,-1.11782246293733
TMEM185A,0.839126335416383
RABL2B,0.995861021145003
NGLY1,-5.74749682679978
RHPN2,-1.66724814680286
RFXANK,1.46520047073665
COL9A2,-5.55314940559232
SLC31A1,-0.637006940158817
BACH1,1.06735117532185
GATD3A,0.543924107380495
GEMIN8,1.18754794271678
GTF2IRD1,0.433024483488158
GFM1,-1.12546569613855
ZMYND19,-1.03682351613346
TIAL1,-0.620140277693104
HSPH1,-0.527006640400176
TRAF3IP2,1.50663832985281
PLEKHA7,1.19498123039251
H4C2,-1.61298692701972
H4C6,-1.01487284167644
PACS2,0.961140973845432
PARP12,1.16759526470403
MEIS2,-5.39770062177907
ZNF530,-1.36310342293471
PHF12,-0.579061589664356
PAQR3,-1.07045683733545
CCDC15,-2.59247001810364
NTN4,1.13722838110314
ZBTB41,0.717578480913956
TTC8,0.60696337508613
VASP,-0.726889371876229
MPDU1,-0.772892166281508
PARP4,0.472070668693824
STAT6,1.14509381070825
VPS35L,1.67472716367509
TBC1D14,0.915364378685834
LRPPRC,0.567861915909831
EDEM2,-5.58761618085083
RNF144B,-6.25410833396978
GUCY1B1,-5.67775891519493
CITED1,-2.62154819515241
CDA,0.477938867463795
MFHAS1,-0.950555360769914
CDC23,-0.548623991583947
APBB1,0.580560297009306
CYP27A1,0.943550330771246
PAQR8,1.27633619692075
HAUS1,-1.08996518895545
KLF10,0.759600073324793
MFN2,-0.612772270711225
H3C1,-1.68667002761858
CACYBP,-3.01432473005119
FOSL2,-6.48655481623026
PTGR2,1.00623734947725
ANLN,-1.18182867917802
GRK6,-6.17242795225525
H3C13,-1.4529701160652
TTI2,-0.889925513695612
ASNS,-1.51056285718654
SEPTIN8,-1.161366430699
CREBL2,0.858235447100349
CSE1L,-0.469250176864234
SMIM14,0.658268889313436
HARS1,-0.48500551690003
IFT81,1.10680842412331
EME1,-2.72243602817721
AMOT,-6.28309990742714
HEATR3,-0.688820908420343
MICALL2,-1.4718213235358
RALGAPB,-0.615338257527352
PPRC1,-6.38983132573483
THAP12,-0.770040427679752
PPARGC1A,1.9489470243881
KPNA1,-0.936904157169997
KLRC2,1.66248380305298
LONRF1,0.820114278712705
TSPAN15,0.56419862295331
SFPQ,3.08756675817091
CD9,1.01357856791792
DSCC1,-1.24658804083013
ADAM8,0.721159496429411
SLC25A23,0.717635984659573
LYAR,-1.13976801552104
WRAP73,-0.550314779112694
FECH,-5.61978067168057
AHNAK2,2.13752346272696
ARHGAP40,1.48806621898702
POLQ,-1.09165114741097
H2AC13,-1.21616664582259
PDE4A,0.936006651466363
SKP2,-0.810660830256615
CDCA7,-2.36558968373583
TMOD3,-0.738567274120314
BCAR1,0.746335910670365
LMNB2,-1.44962944452544
GRAMD4,1.3699118385229
PEX7,0.895905886487877
FMNL2,0.767322599114325
E2F7,0.589635798275941
PEPD,-5.47579832917955
H3C2,-1.49888931044501
XK,-1.32270963252372
NAV2,-0.904302397471788
KITLG,-0.677889558406437
RGS12,-0.667152123188081
SLC15A4,0.810352388674781
EXD2,1.15178463283344
TUBGCP4,-0.889318695533486
SLC4A4,-5.87628994824342
COL17A1,-1.99762395979302
PGAM4,-6.12962387893057
ARMC9,1.06459115012532
LETM1,-0.718331077569699
ERAP2,1.25215589262868
CAMLG,1.07545020492119
ZNF695,-2.43285795250651
CCDC18,-0.955927273172912
SH3RF2,-5.92841361351179
E4F1,-2.18426606262847
SP140L,0.933097633864804
SMC2,-0.576402707302552
CPSF2,-0.657721751532586
SMARCB1,-0.994234239403521
AFAP1L1,-5.9729119531415
MAPK8,-0.821520189991207
AP1S3,-0.870473148504657
GPR176,1.23402319857698
PLAGL2,-0.802310968929692
TONSL,-6.41342492014655
DDT,-1.66871043884853
DBP,1.73793964785696
DHX15,-0.80455382857257
RRAGD,1.55882463255787
TIMM10,-0.606200453100832
ARL13B,-0.759998993815534
RAD51B,-0.835204288976876
DNAJC1,-6.91097834537297
WDR81,1.4854371812278
IQCJ-SCHIP1,-0.668571510244312
DAAM1,1.21003527294147
EDIL3,0.657337117000982
ACADSB,1.16579626355242
UST,1.21540608064328
SCLT1,-1.10812057076472
XPO4,-0.650489127983761
ALDH3B1,1.02901851238821
GPX8,-1.05023596692252
EPG5,0.878264745752668
CDCP1,0.676225070546234
G0S2,-1.17153014481537
MARS2,-5.21045820597618
MXI1,1.55185836580366
SLAMF7,1.20704568132319
LTA4H,0.562521819204732
CACNG7,1.21394260900855
BORA,-1.19320340676964
SRSF2,-0.676951091901021
DPF1,-6.39850353713978
YEATS4,-0.76077062584354
AURKAIP1,-0.735308564240216
CBX1,-0.910772285740223
NEURL4,-5.79141056529239
MND1,-0.898596602138283
ARL14EP,1.05708262019899
GEMIN7,-5.49661941450716
RABL2A,1.12265777946727
MMP16,-5.74254409570161
USP11,0.837643990383015
SIRPA,-2.2467040910713
GMPPB,-0.853298410601532
ZFYVE26,0.604289437936378
TSNARE1,0.879144348060575
MAGEA6,-5.37156239036554
C20orf96,1.31490232253595
SLC17A5,0.974343833157015
EEF1AKMT1,-5.63494824243773
IL24,3.18243026712733
FAM111A,-1.11095381962463
PFKFB4,1.11650612744857
NPAS2,1.10220592251347
TRPC1,1.2848709409837
SAT2,0.622895218952625
MACROH2A1,-0.69828958235927
TXNL4A,-1.02444661575763
ZWILCH,-0.908481437488503
DNAJB4,1.12711235688525
LYRM9,2.08018087020821
DOHH,-6.2807378971637
APH1B,0.827378252214461
SLC7A5,-0.551992166141567
GPR153,0.914450580391142
RNASET2,1.27595474297251
CHRNA5,-1.33801187306961
ZKSCAN1,0.712439343681212
CEP83,-0.690329315269799
PHYKPL,1.35487971099323
CREM,-0.681343297553276
NFYA,-0.428049592376596
SLC25A37,0.926473637221793
ZNF699,-5.44657526528772
GINS4,-1.38499065563019
HDAC11,1.16801823482507
RPRD1A,-0.536677236044994
GOLPH3L,0.872009413923011
ACOT8,0.363170726180346
NEIL1,1.02865626445008
EHD1,-1.0126775147833
SEZ6L2,1.14591858974741
ESCO2,-1.62505607106217
PCDH7,-6.00365133069379
KRT80,-0.372859007569346
SCD5,-1.56933010145306
PPP1R15A,1.15733830920593
PAM,0.487160442906522
ZNF367,-1.23084264764059
ZWINT,-1.86812107885417
CYP4V2,1.07801167356669
DDX23,-0.582268077758212
REEP4,-0.662366009692635
EIF3H,0.868766977250202
POLE3,-1.003893644299
KIF20B,-1.43778527353073
ZZZ3,-5.61620727295187
ZNF143,-5.31862021255267
SPTLC3,0.853107779923708
SEMA4D,1.32363771087358
ABCB10,-0.871844403930134
VPS11,0.782519715357073
TRPM7,0.923384119974928
SWT1,1.21789022119086
IQGAP3,-0.791484489471626
ATG4C,-0.799548418251968
RMND1,0.776248447878903
PCMTD2,1.85514857216877
CREB5,-2.17073495488
CUL4B,1.11263541496068
PROSER1,-1.11567756377819
ZMYM3,1.18495024489841
CASZ1,-1.4221442272594
CCDC117,-1.11512498333275
ZNF211,0.825106327226821
PAGR1,-1.16437013922134
PINK1,0.807240972463871
TRANK1,0.815634466643617
H1-4,-1.21547773771831
PRC1,-0.917512573906279
EFNA1,1.92603121326732
EIF2D,0.544572615538286
SLC37A3,0.53775256777398
WDR59,0.848669721981602
CCDC169,1.76682570730366
CAPN3,6.93698018956395
ACBD4,1.12109672656308
TARS3,1.00117736379651
TAF5,-1.29975586331842
TMEM74,-6.10550721003487
ERICH1,6.97538455149772
KIF23,-1.71076952493466
MARF1,1.28895357181507
ZNF397,1.47085953840064
CACNB3,1.43723404949797
RANGAP1,-0.876886399466153
XYLT2,-5.56341372207292
FAM83D,-1.51991251546944
DLG3,-6.37582960461462
TMEM198,1.3792094882031
GOLGA2,0.647111902300659
GTF3C4,-0.678864243681224
BDH2,1.05749362189126
NUDCD1,-0.941787565630264
TM4SF19,1.98653517343684
TNC,-1.62584654497685
ID1,-0.836375482194945
RPS6KC1,0.981098395784704
C7orf31,0.899192367214555
HSF2,-1.15241991568601
CENPQ,-1.02350584966586
ITGB4,0.650215615783597
ARNTL,-5.46700212083529
DSTYK,1.6125524777338
HYLS1,-1.78027393321694
MRI1,0.882883803752965
LRP5L,-5.70557891020254
CKAP2L,-0.990512150856358
FGGY,0.784961857638693
VGLL3,0.881892007861199
PDGFC,-5.37537320812749
ZNF717,1.19762922046531
TSPAN10,1.74224730589978
LRRC8B,-2.01488584819883
FBXL18,-1.11800482935818
CASC4,0.50294733203294
MPZL2,-5.37918701288171
RCCD1,-0.640094201251307
CAV2,1.02459379823474
ZNF783,0.756073779776668
OLFML2A,0.91231081653175
MOCOS,-1.73986393633113
ALG14,-6.08355210393391
WDR1,0.758170792282529
SNTA1,0.904155763312975
PTX3,-0.80043532998071
FAM118B,-0.806403831046336
NEDD4L,1.13008392538727
PARPBP,-0.927078729381847
SPSB3,0.998377946993678
CNTNAP1,0.738241072819315
EMC9,-1.15169397277221
LINC02693,-6.43370059215044
PRXL2C,1.07967926188809
AKT3,-0.673981864129037
IDUA,1.28028338829347
HMGN5,-1.48452925186663
BHLHE41,1.91154492718664
C10orf88,0.666596009670287
AUNIP,-2.92017173893658
RMI1,-0.916837046124874
MINDY3,0.714002466599183
GRAMD1C,0.94756246565872
TRIM41,-0.8720868444305
ZNF322,0.666816727119304
TACC3,-1.66939683211705
GRAMD1A,1.14500885316097
LHPP,-5.49191608326868
PERP,0.726411476431544
THRAP3,-2.05229683368495
ATP9A,1.26603629120578
MED14,-0.455902497728609
MMP14,0.942014758354416
KLHL42,-0.613632288138729
TTF2,-0.592764346522418
IWS1,-0.476776820197122
RABIF,-0.814564288855427
POLD1,-1.34754201207288
TEX2,-1.22526536997321
OFD1,1.25882456494047
CLDN2,-6.53849653024638
RHOBTB3,0.753974043965878
ARID4A,1.67045387226044
TFB1M,1.00286903111051
MYH10,-0.986937017298124
FANCD2,-0.720116142536894
FAM71F2,1.76236210194817
NUP210,-1.13950576954843
STN1,0.700749617953395
NSD2,-0.71831220412953
NUDT8,-6.05704836198868
ABRAXAS1,1.03448374450782
POGLUT3,-1.28078648582898
C1orf52,-0.689963204543285
NASP,-1.01527792934555
H4C15,-0.946495487752107
CTPS1,-1.34007605640241
SFXN3,0.686426039175309
POLI,1.09307654030557
DDIAS,-1.53028177140384
CUEDC2,0.445939244165089
MLPH,1.2077873067425
NECTIN1,-5.72423037746639
ARSJ,-6.07227474880657
USB1,-0.646454782507006
YPEL3,1.44556456158971
MTF1,-5.29410902432475
DEGS1,-0.517847782994589
BRIP1,-5.85159828863886
BOLA3,-1.03077451396151
ARHGAP26,-0.691159352390793
SLC39A4,-5.7338038952496
PLEKHA2,-0.848269957598874
WDR19,1.46385444691366
BCL7C,-0.8388123395132
ADAMTS16,-2.19602795818536
DNA2,-2.11260991717571
TEAD2,-6.07133217726092
ARSG,1.62654833920645
SMTN,-6.29561470868841
TMPPE,-5.00703465586142
PLD3,1.33027816127325
SMG6,-5.26864113711688
KCTD18,1.16643213232474
FERMT1,0.836597209705241
NCAPD3,-1.48189470587708
ME1,0.989793873316001
DOCK6,1.26271785864213
ETV5,-0.576222334498124
RITA1,0.587258750781369
IFFO2,-0.754949682680536
ZCCHC14,0.934464716265741
GMPS,-5.65305743537638
WDR76,-1.19821953751886
ATP7A,1.49988252693304
PPP1R10,-0.450164193190358
VRK1,-0.684459817055112
CCDC96,-5.79505538748627
PAK1IP1,-1.30984210093882
CCDC6,0.513349412432646
TMEM63B,0.667113371956626
BMF,1.70882629248859
NUDT15,-0.775101250137017
ABCA2,0.795536199021673
SRSF4,-0.985723770862476
USP8,0.999077628115182
EXO1,-2.16914532044844
SIK1,1.11994305900615
TMEM120A,0.754464515292622
FNIP1,0.918218387469376
IQGAP2,-5.98083397483618
ZNF234,1.20710336818469
GNPTG,0.807196205182719
AP3D1,0.780291909437535
TOMM5,-0.92551206491898
MICAL3,-1.2639830614553
MNS1,-2.51007280548381
OTULINL,-0.840993001078969
SNRPD3,-0.415176904514141
ERRFI1,0.890161963881553
KANSL1,0.600606595112035
H2AC14,-1.43787030493005
ZXDB,0.868475891805594
RAB3D,1.20080356072009
ZNF865,1.50879663769497
APLF,1.50789606085242
ACAD10,0.551078625160494
TACC1,-1.34414143321752
TFPI,1.01226400343882
UFD1,-0.536383503892927
SPAG5,-0.968108385263654
STK3,-0.479119472936981
VMA21,-5.27811897002361
POLG,-0.585849036372479
ZNF337,0.849672397379619
ARHGAP19,-0.934744353492049
RAB2B,0.660311481190583
ZNF550,1.02576192585065
TXNDC5,-0.6033132390317
RAB27B,1.50840772490145
ISCU,0.612172316143126
HPS1,1.11506206180178
DEPDC4,-5.45072578086257
ZNF778,1.28576041710673
EIF4A2,0.761904944497062
HAUS7,-2.5102547591999
FAM72C,-1.7985176597611
KIF18A,-0.916834120827533
TSPAN33,-6.62288914398785
NRBP2,0.694837722564959
ARHGAP11B,-0.90332263814863
ANKRD28,0.58107892599716
CDKN3,-1.1361476210426
UHRF1,-1.88000430560161
SMCHD1,-0.460464605553018
CALHM3,0.793097025793341
SAFB,-0.634572751551919
MAP3K20,-2.50619933470396
CUL2,-6.30721077676646
PPM1H,1.22753887604721
SNIP1,1.18374336898247
SNPH,-0.884803587542646
ASAP1,0.553951089813385
ERLIN2,0.644770367946977
TRPC4AP,0.920766640977211
MCMBP,-0.719355575250247
E2F8,-1.8922976339927
RRP36,-0.791087279056567
SIRT5,1.26703233840468
PDCD6IP,0.774888048632226
BCAS3,0.831666438688432
GLS,1.22334564431219
PAQR6,1.19849058702494
SLC48A1,-5.1601339009839
DCAKD,-1.61971691232946
NKAPD1,0.607623745414566
C12orf66,1.36820943566529
BAG1,1.0626540863172
TTYH3,-2.09096058817367
TMEM135,1.055977113603
CTDSP2,0.651824082358079
TMEM138,-0.872312951826494
SDHAF4,0.724331170514217
NUDCD2,-0.751853580814886
DHX40,0.551429824163927
C17orf67,1.63307387794631
H2AC21,-1.486191182311
MAP3K8,2.10417497480423
CHMP7,-0.494833399131639
ZNF585B,0.708827148716857
VIM,0.785030893764637
AEN,-1.4145975316321
DNAH2,1.64254696224792
ROBO4,0.815582133289488
CCHCR1,-0.905398893634688
ABI1,0.271142960276894
SRPK2,-5.77341690489934
POLR1A,0.752135186767914
CSTF2,-0.776813645734036
ANKRD54,-0.883478583557206
RABGAP1,0.652530844759149
FH,-0.794077451816081
H3C14,-1.19330881069948
SCD,1.8822657740483
DIAPH3,-1.76416040188191
SIVA1,-2.34978267244213
SLU7,0.77478437337471
TASOR,-1.12217960810301
POLR2A,-0.583356595220376
MON2,1.21969636000645
RNF111,1.12026770211728
PGAM5,-0.78646141145051
U2AF1,-0.508417390506376
GCH1,-1.49162387698605
MIGA1,-5.26612543391292
ZNF789,1.06782954985614
COL6A1,0.896249710902487
DTL,-1.40380627706209
GAL,-6.51760592979036
CRYL1,0.82342658583273
FOXK1,1.03848714745901
SPINDOC,-0.623133404868426
PPME1,-0.751480145863541
EPB41,0.893494170280193
PYROXD2,0.979294134983644
CIP2A,-1.1738261280794
OSBPL5,0.849383074447195
CALCOCO1,1.14603724833336
CFAP36,0.677543533987016
KLHL15,-1.20652984603816
APLP1,-1.86267762317748
SPRY1,0.891614035335794
ZNF77,-5.03878366226892
INIP,-0.723429903993076
RAD51,-0.669603450040331
TBC1D8,1.96396568899541
BBS9,1.00555099163852
IPMK,1.00890323375437
TRIP11,0.678786594686465
UBR2,1.06272489698139
UCKL1,0.935020064502233
NFIA,-0.748399297198174
TRMT1,0.665536703144457
EMP1,1.09797841560041
BCL2L13,1.2821260399531
TOGARAM1,1.22053659698764
JDP2,-1.50897080478268
ARG2,-1.55102913981761
MAP3K6,-1.09746357990485
DUS2,0.843702632880193
CCDC159,0.95426757350365
PIGG,0.512245267134887
BTBD8,1.46838407252756
H3C12,-1.92780193743514
FKBP5,-1.66561936859186
H3C3,-1.1413786871918
H4C1,-1.43515710903372
CD3EAP,-5.56382026772951
RNF40,-2.28661693604087
BCOR,1.25633581511141
BUD13,-1.84323503599921
POC1A,-0.801204233988905
EFR3A,0.533209709384118
SUN3,1.19154722076929
CDC7,-1.94385710794621
ACOX2,-1.13427272725732
NTMT1,-0.805242330382984
TSC1,0.421449209098888
CREBRF,2.24046132615393
ZNF114,1.24941773562296
LDLR,0.412023157895291
ZNF34,-5.7133488717732
MDFIC,-0.472187763265451
ANXA8L1,1.19139106587546
NAGLU,1.27855212075704
SIGMAR1,-5.95823581418227
MCM8,-1.48867199469999
ASTE1,-5.63139780605304
MAGI2,1.3270623766375
KDM2A,-5.96214351012772
MSH2,-1.15082574421745
NUP188,-0.772040579614187
SNX30,0.800667190523659
SELENBP1,-5.37784489289892
MAP9,1.10423359912877
AKAP13,0.627201856109801
SLC27A1,0.990848372286443
ZC3H6,1.51069419733265
RUNX2,1.22957968493341
PGGHG,0.932166688055365
C19orf57,-5.6574722675684
SPA17,-0.652208872855659
ABHD12,-0.449238245117582
HAUS8,-1.48768001283152
ENSA,-0.714969388901085
WASHC2A,1.29058917553049
PXDC1,1.00182406587097
GSN,1.32422174405942
IGFBPL1,-1.18919892735427
AHCTF1,-0.649937322042402
HNRNPH3,-0.484658029044671
AMIGO2,1.23497376372722
DAB2,1.2801830217704
GPATCH3,-5.39488043400798
SENP1,-1.17726538742254
TNRC6B,0.793688876176397
DCP1A,0.671511488222256
ATP6V0A2,-0.587781034771728
PPP1CC,-0.590083155191532
C2orf88,-2.31933883558966
CKAP4,-0.487640438462546
ABL2,0.663357093854033
SRM,-1.35807257918246
USP30,1.1449581599953
SRPK1,-0.592972736518227
OIP5,-1.25245731097626
PDCD1LG2,-1.43847802464997
CD22,1.4491857997411
PBK,-0.929710003642132
CHURC1,0.706865359724789
BRI3BP,-1.0883798591883
RCC1,-1.06264074502756
CEP131,-2.08280494489955
PATJ,1.24052801459894
PSD3,1.273222751801
MPP2,-1.80514046262946
CBFB,-1.06875333762445
CPA4,0.948706911484415
TXNDC11,0.777515569812147
ZNF227,0.674436431744279
CAPG,0.791875207337199
SLC3A2,-0.799604575432963
H2AC4,-1.56101100846205
ANO6,1.29456783344304
SEMA6B,-0.981147837749012
ZNF532,0.461341091474726
PTPN23,0.610263884152972
KNL1,-1.09308476714257
ADAM19,-0.885665928907989
ABCB8,-5.67909844205834
ACER3,-1.0977106184133
ZNF622,0.962674847031168
BCL9L,0.982928496664304
MCCC1,0.776781117090352
RICTOR,0.663314770965487
GK,-1.51309666235833
PSPH,-1.05816601829658
EIF2B3,-0.451774255147204
L3HYPDH,0.857746287811474
RGS4,-0.932469743109487
C6orf163,1.36276024352579
FOXO1,1.89603694214292
FLRT2,0.840572879693732
ARNTL2,-0.989741541735821
PCMTD1,1.00200983997292
H4C9,-1.22581049441846
H4C8,-1.44020876550119
RNF4,-0.488755481449632
CTC1,0.716742957087491
CHAC2,-2.43927701501704
MAPK8IP3,0.861732105459826
NDOR1,-1.18031818027176
THSD4,0.827290161265872
RGL2,0.451100004646263
HMGN1,-1.12354921254421
SLC39A8,-0.604510010851706
GCNT2,-0.608579320548794
USP3,0.862639155115473
GPR63,-5.70461488089743
CEP55,-0.818900197836954
NADSYN1,0.79430704124363
TACSTD2,1.70612891554239
NR2F1,-1.29289719395369
PAAF1,0.525841593283327
BCORL1,1.28499776240917
HSF2BP,1.60713966204358
MTMR14,0.612066542190082
RAB23,-1.37344762627697
RAB8A,-0.476725736190265
ST6GAL1,1.61264815410153
SRA1,-0.789106908512748
H2AC16,-1.17747734178906
ADRM1,-1.3334142138022
AK1,-1.08742075013549
C14orf28,1.1341763617109
ITPR1,0.631899371502528
APOL6,0.431135374026826
ANXA4,1.13509026497465
EVI2A,0.981456170670858
LRRC28,1.22397260637208
MCM5,-0.984176585855062
SVIP,-2.24665031150042
MCM6,-1.22460335905086
LIMK2,-0.603756864446957
FANCA,-5.96080612435807
IRS2,1.19852207549414
FAM214B,1.34198761545749
UBP1,-1.46046501916303
LAMB1,1.2130226211284
PRADC1,-2.33789158612848
SEC31A,0.523994478002471
ATAD5,-0.978349519826559
RRAGC,1.14696123895934
ZGRF1,-1.94017810221519
GSR,0.480690329797607
C15orf48,0.614903821652565
GATAD2A,-0.854797584279963
ERCC6L,-1.95748396750107
NDE1,-0.748741117531833
ZBTB40,0.864595876075783
IFI16,1.16102639286829
TEX9,-6.15870094750107
APBB3,1.94837714411086
POU2F2,0.820711413806017
DPP7,0.69209307894146
DSP,1.72126871190101
MAN2A1,0.838201366372979
LDAH,0.808699751099068
TYMS,-1.48199870533665
YPEL2,1.25774737438751
FBXL2,1.39853033958757
FREM2,-5.37627721773486
RELN,6.65416529050841
EPB41L1,1.28195535495072
AGTPBP1,1.23720500576602
THAP10,-0.796920026917993
HSDL1,0.549902703414991
NR3C2,1.02001604847499
SASS6,-1.11862028681882
ILDR2,-1.500706037822
PUSL1,-5.78363021297353
H2BC1,-5.56573986469237
PASK,-1.59200175527518
RTTN,-0.879996025014693
NAP1L1,-6.86452303846278
DUSP10,1.38892661144241
EIF4H,-1.24932692676536
DYNC2LI1,0.986957203670048
TBC1D10B,-1.59735927694339
DOCK9,1.48022724031534
HSBP1L1,1.43171695421487
SPART,1.13748732417265
USP10,-0.475694034643591
ILF3,-0.951519627042954
GLIPR2,-6.20533719124238
MLYCD,0.858387023636312
EZH1,0.949219795177136
MAP1LC3A,1.05121046985369
TFAP2C,0.543645539056579
AGFG2,-5.23200631063375
SCLY,-1.21028257247192
RSPH3,0.89009218735892
HELLS,-1.6548237920221
PKN3,-6.26126515009966
GGT7,1.19236515499835
GINS3,-0.848351651747174
ALG6,-0.896842219412503
TSC22D1,1.27276412779839
TMEM106B,1.12693615894809
FAM86B2,0.752692034314741
PPP6R2,-5.64938679086157
C9orf40,-1.03441043544916
RFWD3,-1.2565111798097
TCHP,-1.32028506471345
HCFC1,-0.890933643319221
DNAJC9,-1.80927857920665
SLC25A10,-0.744661570295041
SCN1B,0.946412952671201
NABP1,0.500771717045377
ERGIC1,0.894254993934412
KIF24,-1.47127962958949
NOL4L,1.52618255737979
LRP1,1.30407691197026
CSPG5,-6.01217457106562
PLIN2,1.03101392066828
LRP4,-2.02307944785242
RBPMS2,-2.42743546484594
EHMT1,-0.814998843276199
PDE3B,-1.46266410284773
UAP1L1,1.19847381847118
ATAD2,-1.29842142620073
NRF1,-0.525930483650625
SPCS3,-0.816032152633037
ZNF573,0.918469352617468
CCDC77,-0.917626796816798
CMSS1,-0.927184506547295
OTUD1,1.09401452185061
KMT5A,-1.18378621037615
CCDC167,-0.524351110633404
VPS41,1.50837099397688
CDC42EP1,-5.08701412378437
GALK2,1.47912528482221
PGPEP1,0.587405744094529
ZDHHC20,-0.733787450512386
CHST3,-0.709564704641286
PABPC1L,0.73778387430356
NRROS,0.708469755606227
KNTC1,-1.00150195942245
NHLRC3,0.72904276032992
RAB8B,0.603603736544355
LIMS4,-2.32063264844836
INTS6,-1.50211671999886
STK40,-0.744678091557367
TGFBR1,0.539828059982258
RAB22A,0.9775969320328
HLCS,-5.79416399675222
CCNE1,-5.5013042944477
TADA3,-5.59578400390392
MBOAT2,-6.01140733556949
CENPX,-6.83771325906665
C11orf91,1.27834456560887
GTPBP4,-0.734467986732224
SLC35E2B,1.12042239014339
ZBTB33,0.78469640531172
CRY2,1.10595218497319
RECK,0.595981219003819
XYLB,0.71820841893971
ZNF488,-6.91768468545962
PRKDC,-1.12348967477285
NCEH1,-0.703066259004922
CDKN2D,-2.43430305133189
DDX60,1.19527128471607
DCTPP1,-0.716707812412656
RAB6A,0.667281818546411
AKR1A1,0.828730110638735
CEP97,-0.71304025718617
ST3GAL6,1.10863376342385
PPFIBP2,6.83146386785691
ABCA1,1.04911326120975
RGMB,-2.64678144629125
PHF19,-1.31203525441119
WAPL,-0.419814986701981
TRMT10A,-0.757332734838106
BARD1,-0.922025014560595
SPG7,0.804605303499868
DEPDC7,-5.51777135396308
FBXO33,-1.25941466788079
ARRB1,0.625004322817326
INPP4A,-0.78190513822641
CCDC34,-0.89991530259051
SPDL1,-1.14002536675331
NAGK,0.612068509089652
PPP1R3B,1.44215769808638
USP13,-0.652087921121458
KDM1B,0.721700013255026
ATP6V0E1,0.722974919444612
TMCC2,-0.865315045120616
ACTN4,-0.735759576385312
LRIG1,-0.590376714622207
TDP1,-1.05227886071995
MYL5,1.13924651681084
MAOA,1.12630685433768
EFHD1,-0.746669336142567
PPP1R13L,0.691124598972186
CLEC2B,1.77664931200127
UCHL1,-5.69420998545918
GALNS,0.924690782140973
RPEL1,0.705579999521414
PHC1,1.31359336267054
APOBEC3F,1.29240759228634
PPP4R2,-1.77377633309486
ERGIC2,1.76940677583696
SPNS2,0.99773216378017
PSMD3,-0.969685862344114
NCAPH2,-1.19089387889366
MDM2,-0.493448921206943
HIRIP3,-5.12740841639911
PISD,-0.553861249490504
EID1,-0.404592992486292
COA7,-0.570799341016871
ZNF248,1.15673735677804
UHRF2,-5.50743476168732
TICRR,-1.15223799705459
MTMR10,1.02556579139672
PNRC2,-0.551112207916683
NCBP3,-0.787089397935825
RBBP8,-2.29570334790692
RTKN2,-2.11973902758273
DGKZ,-0.956031435025348
AAGAB,-0.696489483621202
CDK2AP2,-1.58816895871101
HNRNPR,-1.14224045655269
ZNF839,1.16353814506288
TMEM64,-5.3767567746394
ENAH,-0.479601036189498
COG6,0.95881643053208
BCLAF3,0.607976517427512
SLC37A2,0.930128624854499
LACTB,0.63341621860132
WDR89,-0.373414348636458
RIMS2,-5.52862246029928
TPP1,1.25591284420315
SUCLG1,0.551375040118853
RAD54B,-1.61783823602975
TSSC4,-1.03742194266481
TUSC3,-5.61086758541277
CHAF1B,-1.02524084412699
LOXL4,0.859584856395789
CERS6,-0.806795106061346
IFT172,1.09635895164777
BUB1,-1.09238342549669
EVI2B,1.22891309787413
SMIM13,-1.2517111328109
CCSAP,-1.07072206387985
LACC1,0.569876735134171
POU6F1,1.17822028909237
MARVELD1,0.626444762508617
KIFC1,-1.5873154695574
CCDC190,-1.1306757345302
HSPA4L,-0.72815639976593
UFSP2,0.499932349469422
C5orf22,-0.707038645738011
MAN2B2,0.565950000175477
C1orf112,-1.03251929419617
SNAI2,0.88357828824613
SHROOM2,-0.931422851784149
SLFN5,0.92990694303138
UBE2E1,0.984096701862368
ZNF251,0.73098547913116
TBC1D5,0.513358598194332
CYB5R2,1.31815534359601
FBXW8,0.855794588887582
ARHGAP12,0.702903722365191
RNF19B,0.497949400305889
MRPS18B,0.840604123939521
R3HDM2,1.05843589162229
PLXNC1,-5.54743135090931
ARGLU1,-0.804314231043784
SOX6,-5.35379886383228
ATG4A,-5.84361882972468
FBXO38,1.16155576810902
ZNF703,-0.738295161834089
POLD3,-1.33544782836507
MEX3B,-5.68722861233254
FHL3,1.1152378448481
GPR107,0.628724334105571
RPS6KL1,-5.69289653558337
ZNF329,0.751912531935969
PHC3,0.922548998005027
PGP,-1.05941850801578
TRIOBP,0.64231025440155
SPACA9,1.59672061439257
CEP76,-0.899590777100308
AHSA1,-0.413351865427065
JCAD,-5.33651869958802
NOCT,-0.773161120080661
OPTN,1.21572904648856
ARL4D,-5.71262069461055
C11orf24,-1.00804096825839
TMEM37,-4.93938929734747
PANK2,-0.613307892214736
TNFAIP2,-0.932057880767258
NBEAL1,1.7170873941556
ROCK1,1.13629058148374
SP2,-1.12108761502612
RAD51AP1,-1.32900355223733
NDUFA6,-0.781204555969859
FLG,-5.55638388672885
TMEM117,-5.66028912462407
TOMM40L,-1.17852190422891
PRPF31,-1.08509936994487
KIF2A,-0.940056500039559
ANKRD1,1.25570644310718
IL17RD,0.632456540751067
FAM117A,0.880731398747932
MERTK,0.917759482453767
C2CD3,-1.11494722272854
PTTG1IP,0.738018942552537
GPT2,-0.958448930370032
PLSCR4,1.0287442851688
PBXIP1,1.16406910140327
TYMSOS,-6.77148559903662
ARSA,0.974486285902792
EXOC4,0.736675726104785
DIAPH1,-0.777159037943221
PARP3,0.86658731383079
CHAF1A,-1.24075578662338
OSBPL11,-0.645958164399346
TBC1D15,0.683846031787907
ASNSD1,-0.516085970755222
PRIM2,-1.33186772240731
NOMO2,-0.633108347658523
HDGF,-0.449221657350332
CYTH3,0.978542564525893
SUV39H2,-0.891970779914827
TANGO2,0.813457138073649
NBR1,1.15788566507924
SMIM12,-6.73571295521214
TCEAL1,0.790304632670465
VEGFB,1.02176519997695
GNAO1,-6.14664214692031
INCENP,-1.27621409006751
NLRC5,1.72391696537853
SIRPB1,-5.27885567024396
STAT2,1.62422848985309
POLE,-1.27792761480948
TGM2,-0.561598856840688
AZIN2,0.850109532009418
BBC3,0.974989511838603
DHRS12,1.35661534983992
PSG4,3.02619937992739
INPP5K,1.23442149684523
ZBED9,1.39951132854787
PNMA2,0.985027763403967
GTF2IRD2B,1.59573371575817
MOAP1,0.848633177437968
CBX5,-0.759250508335501
EXO5,-5.19652791799731
ITGA3,0.653628429468699
CCDC68,0.483656468386626
UROS,0.548532152736087
HMBS,-0.765391043501355
KIAA1109,1.00032118733081
LIFR,0.816056395549206
AGPAT4,-5.4685705731581
GCLM,-0.650103621375599
LRP12,-0.623144675678081
DNPEP,0.402064528869589
TIGAR,-1.91527701288735
CD83,-1.60420592614609
TLCD5,0.323271520827892
RNASE4,2.47182800481071
TOR3A,-1.25596596189392
MCTP1,0.950926150568245
PDP1,1.0172564565573
ASF1B,-1.32561169630622
GOLIM4,-0.823731505888394
CCDC125,1.45600458414355
SEC14L1,1.05235533640494
PIMREG,-1.22554209589986
RAD51D,-6.1705189027844
CST7,1.19080028338112
TMEM185B,0.619993409166889
CLPTM1L,-0.695761590300975
CACFD1,1.16186797612172
VANGL1,-1.00233613218378
DCAF10,0.541653932024658
ZNF517,1.69499449555879
C5orf51,0.619607713654674
SPC24,-1.46808793242984
AJUBA,0.676662349613218
SLTM,-0.65532039348578
OSBPL6,-1.01757928374773
RP1L1,-5.77113241992471
PBX1,1.01836670475294
CCNJ,-1.16491935458475
TAPBP,0.576426732999242
EIF4A3,-0.638735566103116
RNF214,0.988350072739179
RMDN3,-0.983670152620055
PSMC3IP,-0.782629592653299
NXPH4,-1.351637806985
RSPRY1,1.22144217506361
MAGI1,0.685252730432649
BANK1,-4.98512735842833
MRPL18,-0.654571600989543
ZSCAN23,0.951222506350646
WDR62,-1.84522932149275
SLC1A5,-2.38129442872711
LHX4,-5.6959572416229
RIC1,-2.42636269716985
ZNF175,1.1324598624827
DNAJC28,0.744078521390597
MYO9A,0.716225555906404
IP6K1,-0.495571933011473
UTRN,-5.36825707205775
SIGIRR,0.660102659370565
BRWD3,0.887716106394316
ABCB6,-5.26098441099064
ABCC3,1.37991406600014
ABHD14B,0.69016917453758
ANG,1.5868630799998
APOBEC3F,1.0379236034089
ARHGAP11A,-0.891037415688899
ARL13B,-1.62953561650518
ARL17B,-1.11344878834314
ASCC3,-1.27070965599512
ASCC3,-0.671284204248479
BCL2L11,1.02686816656891
BID,0.843603272202475
BRCA1,-1.18697827207437
BTN3A1,1.2171815814678
C18orf32,0.731715960521378
CAMK2D,1.00760035591756
CASP1,0.982895829410569
CCDC7,-5.86722554533613
CCP110,-0.505061536525419
CDC45,-1.40555717471877
CDCA3,-1.49539541889871
CDK10,-1.05302440103694
CDK10,-0.75722177557127
CDK2AP2,-0.658567042759967
CHCHD3,-0.903628860217292
CREM,-5.63868469468938
CYBRD1,1.26494310403036
CYC1,-0.905419733053483
DEPDC1,-2.13303831457036
DHRS12,1.48032441879384
DMKN,1.35072399931894
DMKN,2.56914073711919
DUSP4,0.553420744245818
EIF4EBP3,1.3311830641112
ELP2,0.852266931037255
ERI2,-5.92591393070479
EXOSC5,1.13947798576862
FANCC,-0.99652882156287
FN1,1.10234539226445
FOXP2,0.934913462012195
FRMD5,1.18281170655247
H2AZ2,-1.06502339917691
HDAC9,0.681027659816618
HNMT,1.10264476440236
HUS1B,-1.57637427090556
IDS,1.32744524003937
IP6K2,0.986522154674279
ITGA10,1.71611129552011
KIAA1217,0.955014204570377
LEPR,1.49723648077552
LMNB1,-1.59904805991356
MOSPD3,0.849136722536983
MROH1,1.34409476161299
MYO10,1.13345627924309
NFAT5,1.23594365527671
NICN1,1.57957720459662
NRG1,-1.02912485587816
NRP2,-5.04701960371054
NUP98,-1.00691144870084
PCDHGB2,1.33198704106429
PEX11B,1.18588474150227
PNN,-1.17295717675541
POC1B,0.493123933093087
POLE2,-0.992540997475052
POLR1D,1.24771479453886
PRR5L,0.917414382955622
RBM14,-0.536265385779768
RDM1,-0.973706217249685
RDM1,-5.13537645859821
REEP1,-1.77942101000697
RERE,0.681637939665824
RGS3,-1.31595351256556
RNF135,0.840618843061748
RUSC1,-0.906309835977943
RWDD3,0.533057347732946
SCAMP5,1.00830101893295
SCP2,0.938415201109238
SEPHS1,-0.997272662107066
SERPINE2,0.72445682284713
SHB,-0.555077625036384
SLC12A4,-0.72649052834944
SLC22A3,1.49267639543565
SMOX,1.08858227177641
SOX13,0.663272845305509
TK2,2.28041016356093
TKT,0.783750394868616
TMED7,0.952205174208087
TXNIP,1.11263650922685
VGLL4,0.762976930583926
ZNF616,2.00045232549694
GTF2H2,-2.36992964889048
BPHL,1.02836633559242
TBP,-0.632505166836059
BAX,-0.52387240532469
CXCL2,0.594231813085279
RGS2,-5.66119718074243
CBLB,1.09777572699295
GNPDA1,1.4696040503706
PPARG,1.07638860014188
CD55,1.88313538653776
DTL,-0.838842101642071
DERA,-0.622849635029706
NUF2,-1.61653860629045
GSR,0.929731318374959
TUBG1,-1.05419279602511
MKI67,-1.37301269539632
NEIL3,-2.26426050085596
PARP2,-0.604669623830491
STXBP2,1.13135804972723
SERTAD1,-0.78480572812161
CENPM,-2.25122223969737
TBC1D30,-5.49377338140112
FBXO32,2.03527722867848
PLPP3,0.940202391774887
KLHL23,-0.993699123143191
ATAD3A,-1.93427442226686
NIN,-0.579163728070395
PDK4,2.0496259671524
GOT2,-0.83089623521699
MAPK3,1.03304689600504
LAMC2,0.710716063853632
FGF7P6,-1.99743750646918
STBD1,1.03410798508875
MSH4,2.90824759857249
THOC3,-0.853687050974013
H2AC7,-1.37438131672961
FAM111B,-1.39040634824608
ARPIN,-1.31055551029864
H2AC17,-2.31711437854795
H2AC18,-1.37464456962647
APEX2,-0.542712786741948
H3C15,-1.74826766919429
SRGAP2,-0.523586662440868
NDUFAF8,-1.75989718309839
GNB1,1.1153387317508
CRYZL1,0.708856651316742
CLSPN,-2.10643341821634
MSH5,0.66359556056472
PLEKHG5,1.17444899108361
KLHL23,-1.00382041619057
PPIP5K2,1.06245640080645
TCF7,-6.21180890654593
HSF4,0.948570671339734
GPRASP1,1.61480225144006
RASA3,0.445368780683513
RNASEK,0.929865893410936
MTHFS,0.572706433809554
TEDC2,-2.03178786123488
PCDHGA9,1.76665009648473
LRRC37A3,1.91946445677748
ABCA5,1.47789824929635
H2BC17,-1.27527675995498
PCDHGB5,1.91466253920841
LIMS3,0.883850332067133
RAB5IF,-1.27746495668964
TEDC2,-6.51718655960815
CRKL,-0.503424210832056
CEP85,-0.884909472954324
PTPN3,-1.00380741785655
CDCA2,-1.40155693228943
PNP,-0.622277103015024
RELT,-1.55484402475072
PPOX,0.851058268864879
TREX2,-6.01556111697735
SDF2L1,-2.06243198453207
WRAP53,-0.644100033055835
METAP1D,0.833239538306185
RDH10,0.889036508289896
LYPLAL1,1.24299903616267
CDR2L,-1.19272506298237
PTDSS1,-0.715670525278338
ZNF101,-6.21103758471074
EIF2AK2,-1.64567214492263
FOXO6,0.852056129567335
FAT4,1.39471241158067
LRIG2,0.787775690589178
HPRT1,-1.21554004454992
CHKB,0.862097819933409
NAIF1,0.683005879881927
BCLAF1,-0.686610066514408
POLR2M,0.578874212564258
TMEM19,-1.40492879456242
KIF21B,-5.00243359827111
ZNF44,1.03765964307146
TRAPPC6A,1.28323570071748
PRKAA2,-0.869308314419972
ZNF792,1.39443224974958
CDKN2AIP,-0.488408360481469
NINL,1.74374710076812
PLAG1,1.03554279223921
CEP68,0.568102331041525
ZDHHC24,-5.50651478078326
HBP1,1.39838980882552
PSORS1C1,1.18495281180996
KCP,5.92248032169264
JPT2,-0.823392454193934
FBXO45,-1.4202261374866
BOD1,0.494125020451082
MMP15,0.879771643521889
CHCHD4,-0.819679764284733
MICALL1,-0.962757742009534
TP73,-6.55287136912615
FUT4,-5.23133926541797
UFC1,0.530527527294862
SENP3-EIF4A1,-5.46110355116049
CENPE,-1.19608245947998
LIN9,-0.933190694097513
FAM53B,-5.72049069802064
XXYLT1,-0.878586867626549
KRI1,-0.786262286871829
MAPRE3,0.874829572993473
GDPD2,-6.00997986653381
SLC9A1,-6.34066847549497
PCDHGA6,1.4004759948719
MRPS26,-0.615244708091463
PHF7,-5.63376060631784
THEMIS2,1.31987755845766
RAVER1,-1.15718282835363
GLG1,0.779111850729137
KBTBD6,-0.713739586108414
DAGLB,0.754321981764216
HNRNPUL1,-0.856976699696985
DESI2,-1.28246322205634
WARS2,0.498395980540202
TLCD2,1.19498091937674
SMARCD1,-0.52273173914185
MVP,0.727868910055058
PARD3,-0.674598391828221
PPP5D1,-0.589636219517675
PTAR1,-0.424035845195087
KLF9,0.979569015425606
CCDC124,-0.498163060921626
RAD54L2,-0.968633402121353
GALNT6,-5.24447804569807
CLYBL,1.20763327138577
NLRP3,-0.971832974470463
TRAPPC13,-0.532616419949177
NHSL1,-2.73091948279937
LSM4,-0.784726561620947
TPP2,0.405548968410026
KPNA6,-0.719020157384083
SUMF1,1.16878095125055
DYRK1B,1.50071227549968
AOX1,-0.750293011860285
ATP2B4,0.802793201087792
CABLES2,-1.18945410504664
STRN4,-0.716851139816696
TSPAN31,0.963998598820892
GON4L,-0.58590833635558
ARL4C,0.516017338302752
SART3,-0.938479001292338
TMEM19,-0.86880715613648
IFT88,0.825770765091437
CLIP4,0.547183366825407
RTN2,1.07356116675604
PRPF8,-0.717272657711586
ATPSCKMT,-1.19040784261779
RFC1,-0.899847618073578
SEC24D,-0.654266005324255
CABIN1,-1.67731857624343
ANGPT1,0.87737223347505
RPS6KB1,-1.14507126926798
GSDMB,2.4123611682263
ALDH16A1,-1.01765301424099
TRRAP,-5.87205724800483
STRN4,-5.70703799877032
SLFN13,-5.51436585235435
SLC47A1,0.930697693984823
G2E3,-0.984048540749489
WRAP53,-5.31676721797624
FCHSD1,0.960721331056056
RPA1,-0.631356526829783
HBP1,1.50170065985778
PMS1,-0.762064023165071
PRTG,1.26073269316695
ZNF414,0.469090042689947
HNRNPUL1,-1.02988233744633
PLEK2,0.763698034939706
SCN9A,1.19300393804842
GMPR2,0.607788041834824
NT5C2,0.989454218919646
FN3KRP,-0.591355377178556
NPC2,0.974256925066554
PHKG2,-0.893688842686204
MAD1L1,-1.21160656451976
HEXD,0.80229940612788
CMTM3,1.35503459716428
PYCR2,-0.786424598162337
LMF1,1.55669848696891
YIPF4,0.512957603574321
SRRT,-0.789504894479334
CLIC3,1.53805533825937
SRCAP,-0.971888641424283
NAA40,-0.80348886564258
ABCB9,1.15878707846039
ENDOV,0.72665559324586
TCTEX1D2,-0.738614115845184
FBXO17,-2.03892785207242
ABHD4,0.927125230698849
ZCWPW1,1.77121146294089
SP140,1.22667368840581
SRSF1,-0.718562896042851
DTNBP1,0.873674542196384
ZNF589,0.978637270663417
BTBD10,-0.626971702733943
ARMC12,-5.16782099953424
GSTM4,0.353373310560241
CYFIP1,1.02482039052392
LEPROT,0.565569149767692
IGHMBP2,-1.68820992839333
DNM2,-0.747126629351835
KANSL1L,0.678441781230593
LIN52,-1.1349266439755
OPN3,0.751322819908836
SCAPER,-1.02524767750818
DNHD1,1.11552107247787
SPATS2,-0.888352966731322
CEP152,-1.23549701344263
METTL4,-6.17675614998894
DECR2,0.868514863403913
GALT,0.895139313097827
PABPN1,-0.912687877563433
BBS4,0.7412172978829
HAUS5,-5.70185833491366
GNPTAB,0.921446300745825
ITSN2,1.00883579730264
SLC38A6,1.06459671269005
CCND3,-1.08401117630106
ADCY3,-1.09245912548524
ZSCAN18,0.615447762416628
DCAF8,1.71909202491216
MYO18A,1.60508734403454
IGFLR1,-5.15754990512572
PANK4,-2.39696648231504
KDM5B,0.515813861575874
HDAC5,1.3320700196253
NBPF3,1.0788110834108
INF2,-5.7758807831762
DNHD1,0.852119664706165
ACACA,-0.991313502372569
CEP152,-1.07896234311895
VAC14,0.930823239466948
RAD50,1.10581617932978
SRCAP,-1.16355655367211
ZNF286B,-6.51285104652623
PSMD1,-0.949869466716406
INTS3,0.557841719495324
SPATA7,0.958645377398395
ITSN2,0.79743432345295
SLC26A11,1.77745332602164
TTC12,1.25862534770314
PANK4,-1.5502406457101
ASCC1,-5.66291517493578
CARS2,0.648463291149776
METTL4,-5.52816484644992
PHKB,0.787883902164446
HEXD,0.737860119194798
DCAF8,0.253177333646482
CEBPZOS,0.712786967990061
M6PR,0.799534480634021
SLC25A5,-0.809673572566458
PTBP1,-1.31831385141986
HMGB3,-0.697654360405726
ABCF2,-0.59433476756372
MRTO4,-5.70594688503394
NCKAP1,0.746094525753898
MTHFD2,-1.22626386737531
RHOA,-0.500784840699217
SDHA,-0.454075734313147
NUDC,-1.70630572555994
SUPT16H,-1.0493909585205
GEMIN2,-0.835080041374017
HNRNPM,-0.515160321398065
RANBP1,-1.47949345562488
NOP56,-1.01358517472419
CHMP4B,0.488427746402074
PSMD7,-0.791958271014136
BET1,0.663416054289625
EXOSC3,-5.69135927349425
GOSR2,-5.51963824362308
PFN1,-0.494466099002576
PPP6R3,-0.825331922878646
HMGCS1,1.43785657714648
RAD1,-1.06071122415757
ARMC8,-2.31560100865057
ARMC8,-0.421168261351084
ACTR3,-0.521376919492326
PARK7,-0.532288782674852
NEK2,-0.756364366322468
MFSD1,1.07302309825385
TCP1,-0.831623843770543
EXOSC8,-1.41745424858204
TMPO,-1.42453970347193
TMPO,-1.22808126583433
PSPC1,-0.77474887849972
H2BC11,-1.33802797661027
EEF1E1,-1.06341461068144
MSTO1,-0.733709468257771
DUT,-1.07024361184467
SUMF2,0.995588864184331
PHF10,-0.487767203668642
GINS2,-1.32223018269989
SNRPA1,-1.22862405655914
NIP7,-2.51601067947694
CCT7,-0.526744605553946
CCDC90B,0.659204928528687
SDCBP,0.674958440295901
DUSP5,1.18456701751408
HNRNPD,-0.616166045368527
TPM3,-0.81312186827651
SRP9,-0.964501202885395
HSPD1,-5.91273732504544
RPL32,-5.73532049789893
WTAP,-0.398554377986725
MRRF,1.36240521417628
GSTO1,1.02039824592123
SERPINH1,0.970353429267429
CCT5,-0.782375336300494
EIF4E,-1.20058851529414
EEF1A1,1.33482884768752
H2BC5,-1.82353663177679
DONSON,-0.925134689250618
DONSON,-1.16536635264626
DONSON,-1.69550612266154
FAM207A,-5.43831024324281
LSM12,-0.846756679934041
LARP4,-1.7642683921705
RPL26,-0.68740494333856
H2AZ1,-0.890891930599799
HMGB2,-0.848762686283773
LSM6,-0.755528181915602
CENPN,-1.62345690497817
CENPN,-1.18303501262282
FN3K,1.0320964418757
TSR1,-0.627591874614078
MFF,1.80164519770708
TRMT112,-1.26597096589276
RALGAPA1,-5.37827067921336
RPL4,0.53149309582764
TGIF1,0.726336981295916
POLR2L,-1.00276709326814
C2orf69,-1.17425214623396
MRFAP1,-0.985517594992808
H2AC6,1.30847349129817
GLRX5,-0.648003960133511
ALYREF,-0.829911326701051
H2BC13,-1.50848749086007
TOMM7,0.706488361419913
HNRNPAB,-1.434504405531
SDAD1,1.1411471239485
MDM4,1.11907735868323
TSEN15,-0.591651890856588
TSEN15,-0.686285006256992
RUNDC1,-0.462320330329751
MZT1,-6.21610293528932
DHFR,-1.55030474515845
DHFR,-1.43020464698938
NBPF15,0.586859086919278
H2AC15,-1.71326616296815
H2BC3,-1.62124641874587
FNTA,0.637282927769503
YBX1,-0.591557931496886
HNRNPH1,-0.69143807040907
HNRNPH1,-0.955760425929817
HNRNPH1,-0.686036604698466
HNRNPH1,-0.99672630068967
HNRNPC,-0.883836754854952
HDAC5,1.36277680641676
SATB2,0.805968880323234
GOLGA5,1.27018133309336
HDHD2,0.566397343050604
HDAC5,0.906407658439026
AAMP,0.0
AARS1,0.0
AATF,0.0
ABCC2,0.0
ABCC5,0.0
ABCE1,0.0
ABCF3,0.0
ABCG2,0.0
ABCG2,0.0
ABHD6,0.0
ABL1,0.0
ACAT2,0.0
ACBD3,0.0
ACD,0.0
ACLY,0.0
ACOT9,0.0
ACSL1,0.0
ACTB,0.0
ACTR10,0.0
ADAM10,0.0
ADARB1,0.0
ADAT1,0.0
COQ8A,0.0
ADI1,0.0
ADK,0.0
ADM,0.0
ADO,0.0
ADRB2,0.0
GRK2,0.0
ADSL,0.0
AFAP1L2,0.0
AFMID,0.0
AGPAT2,0.0
AGRN,0.0
AGTRAP,0.0
AKAP17A,0.0
AKAP8,0.0
AKAP8L,0.0
AKR1B1,0.0
AKR1C3,0.0
AKT1,0.0
AKT2,0.0
ALDH18A1,0.0
ALDH2,0.0
ALDH4A1,0.0
ALDH7A1,0.0
ALDH9A1,0.0
ALDOA,0.0
ALG11,0.0
AMMECR1L,0.0
ANAPC1,0.0
ANAPC11,0.0
ANKRD17,0.0
ANKRD20A11P,0.0
ANKRD20A17P,0.0
ANKRD27,0.0
ANKRD36B,0.0
ANO10,0.0
ANXA5,0.0
ANXA7,0.0
AP1S1,0.0
AP2A2,0.0
AP2M1,0.0
AP3B1,0.0
AP4M1,0.0
APBA3,0.0
APBB2,0.0
APOBEC3G,0.0
COA8,0.0
APP,0.0
APPL1,0.0
AREG,0.0
ARF1,0.0
ARF5,0.0
ARFGAP1,0.0
ARFGAP3,0.0
ARFGEF2,0.0
ARFIP2,0.0
ARHGAP1,0.0
ARHGEF12,0.0
ARHGEF2,0.0
ARID4B,0.0
ARL6IP4,0.0
ARPC4,0.0
ARPC5,0.0
ARPP19,0.0
ARSL,0.0
ASAH1,0.0
GET3,0.0
ASPM,0.0
ATF1,0.0
ATF5,0.0
ATF6,0.0
ATF6B,0.0
ATG3,0.0
ATIC,0.0
ATMIN,0.0
ATP11B,0.0
ATP1B1,0.0
ATP2C1,0.0
ATP5F1C,0.0
ATP5F1D,0.0
ATP5MC2,0.0
ATP5MC3,0.0
ATP5PD,0.0
ATP5ME,0.0
ATP5MF,0.0
ATP5PO,0.0
DMAC2L,0.0
ATP6V0B,0.0
ATP6V0C,0.0
ATP6V0D1,0.0
ATP6V1D,0.0
ATXN3,0.0
AZIN1,0.0
B2M,0.0
B3GALT5,0.0
B4GALT5,0.0
BACE2,0.0
BAG3,0.0
BAG6,0.0
BAMBI,0.0
BANF1,0.0
BCAP31,0.0
BCAT2,0.0
BCL2,0.0
BCL2L2,0.0
BCL2L2-PABPN1,0.0
BCL7B,0.0
BDH1,0.0
BECN1,0.0
BHLHE40,0.0
BIRC2,0.0
BIRC5,0.0
BLMH,0.0
BLOC1S1,0.0
BLOC1S4,0.0
BLVRA,0.0
BMI1,0.0
BMP4,0.0
BNIP3L,0.0
BOP1,0.0
BRD4,0.0
BSG,0.0
BTBD1,0.0
BTBD3,0.0
BTN3A2,0.0
BYSL,0.0
BZW2,0.0
BORCS7,0.0
C11orf68,0.0
TMEM263,0.0
C12orf57,0.0
C14orf119,0.0
GON7,0.0
RTRAF,0.0
CFAP20,0.0
TRIR,0.0
MICOS13,0.0
C1D,0.0
C1orf131,0.0
C1orf43,0.0
C1R,0.0
CFB,0.0
C2CD2,0.0
C2orf76,0.0
C5,0.0
C6orf120,0.0
SNHG32,0.0
C6orf62,0.0
CAB39,0.0
CALM1,0.0
CALM2,0.0
CALM3,0.0
CALR,0.0
CALU,0.0
CAMSAP2,0.0
CANT1,0.0
CAPN1,0.0
CAPNS1,0.0
CASC3,0.0
CASK,0.0
CASP10,0.0
CASP2,0.0
CASP3,0.0
CASP7,0.0
CASP8,0.0
CASP9,0.0
CAT,0.0
CBR1,0.0
CBWD1,0.0
CCDC130,0.0
CCDC85B,0.0
CCDC86,0.0
CCDC92,0.0
CCNA2,0.0
CCNB2,0.0
CCND1,0.0
CCNG1,0.0
CCNO,0.0
CCT2,0.0
CCT3,0.0
CD226,0.0
CD2BP2,0.0
CD320,0.0
CD40,0.0
CD44,0.0
CD46,0.0
CD74,0.0
CD8A,0.0
CDC25B,0.0
CDC26,0.0
CDC34,0.0
CDCA4,0.0
CDIPT,0.0
CDK11A,0.0
CDK11B,0.0
CDK4,0.0
CDK5,0.0
CDK5R1,0.0
CDK6,0.0
CDKN1B,0.0
CDKN1C,0.0
CEBPD,0.0
CEBPZ,0.0
CENPA,0.0
CENPW,0.0
CEP57,0.0
CETN3,0.0
CFH,0.0
CFL1,0.0
CFLAR,0.0
CFLAR,0.0
CGGBP1,0.0
CGRRF1,0.0
CHAC1,0.0
CHD4,0.0
CHD4,0.0
CHEK1,0.0
CHEK2,0.0
CHERP,0.0
CHIC2,0.0
CHMP2A,0.0
CHMP2B,0.0
CHMP6,0.0
CHN1,0.0
CHPF2,0.0
CHST15,0.0
CHST15,0.0
CHUK,0.0
CIAPIN1,0.0
CIRBP,0.0
CISD1,0.0
CKLF,0.0
CLASP1,0.0
CLPX,0.0
CLSTN1,0.0
CLTC,0.0
CNEP1R1,0.0
CNOT10,0.0
CNOT4,0.0
CNOT8,0.0
CNPY3,0.0
COASY,0.0
COG5,0.0
COL12A1,0.0
COL1A1,0.0
COL4A1,0.0
COL4A2,0.0
COL5A1,0.0
COMMD3,0.0
COPB2,0.0
COPS3,0.0
COPS5,0.0
COPS7A,0.0
COPZ1,0.0
COQ5,0.0
COX4I1,0.0
COX6B1,0.0
COX7A2,0.0
COX7B,0.0
COX7C,0.0
CPNE1,0.0
CPNE1,0.0
CPNE3,0.0
CPSF1,0.0
CPSF7,0.0
CRADD,0.0
CREBBP,0.0
CREG1,0.0
CRK,0.0
CRTC1,0.0
CSF3,0.0
CSNK1D,0.0
CSNK2A2,0.0
CSNK2B,0.0
CST6,0.0
CTBP1,0.0
CTNNAL1,0.0
CTNNB1,0.0
CTSD,0.0
CTTN,0.0
CUTA,0.0
CXXC1,0.0
CYB561,0.0
CYCS,0.0
CYP1A1,0.0
CYP2E1,0.0
CYP2U1,0.0
DAD1,0.0
DAPK1,0.0
DARS2,0.0
DAXX,0.0
DCAF6,0.0
DCK,0.0
DCP2,0.0
DCTD,0.0
DCTN6,0.0
DCUN1D4,0.0
DDB2,0.0
DDIT4,0.0
DDX39B,0.0
DDX42,0.0
DDX46,0.0
DDX47,0.0
DDX55,0.0
DEF6,0.0
DEPDC1B,0.0
DFFA,0.0
DFFB,0.0
DHRS2,0.0
DHRS7,0.0
DHX16,0.0
DKC1,0.0
DLAT,0.0
DLG4,0.0
DMTF1,0.0
DMXL2,0.0
DNAJA1,0.0
DNAJA2,0.0
DNAJA3,0.0
DNAJB11,0.0
DNAJB14,0.0
DNAJB6,0.0
DNAJC11,0.0
DNAJC3,0.0
DNM1,0.0
DNM1L,0.0
DNMT3A,0.0
DNTTIP2,0.0
DXO,0.0
DPH5,0.0
DPM1,0.0
DPM2,0.0
DRAP1,0.0
DSG2,0.0
DTD2,0.0
DUS1L,0.0
DUSP1,0.0
DUSP11,0.0
DUSP22,0.0
DUSP6,0.0
DVL2,0.0
DYNLL1,0.0
DYNLT3,0.0
DYRK3,0.0
E2F1,0.0
EAF2,0.0
EBNA1BP2,0.0
EBP,0.0
ECD,0.0
EDEM1,0.0
EDF1,0.0
EDN1,0.0
EED,0.0
EEF2,0.0
EFNB1,0.0
EGF,0.0
EGLN2,0.0
EGR1,0.0
EIF1,0.0
EIF2S1,0.0
EIF2S2,0.0
EIF3C,0.0
EIF3D,0.0
EIF3I,0.0
EIF3L,0.0
EIF4A1,0.0
EIF5B,0.0
ELAC2,0.0
ELAVL1,0.0
ELF2,0.0
ELK3,0.0
ELOF1,0.0
ELOVL1,0.0
ELOVL6,0.0
EMC2,0.0
EML2,0.0
ENO1,0.0
ENO2,0.0
ENOPH1,0.0
ENOSF1,0.0
ENY2,0.0
EP300,0.0
EPHB2,0.0
EPRS1,0.0
ERBB3,0.0
ERCC2,0.0
ERCC3,0.0
ERCC5,0.0
ERCC8,0.0
ERLIN1,0.0
ERO1A,0.0
ERO1B,0.0
ETFA,0.0
ETFB,0.0
ETS1,0.0
ETV1,0.0
EXOC1,0.0
EXOC8,0.0
EXOSC4,0.0
EXOSC7,0.0
EXOSC9,0.0
EXT1,0.0
F3,0.0
FAH,0.0
FAIM,0.0
FAM161B,0.0
FAM168B,0.0
FAM174A,0.0
FAM222B,0.0
SHLD2,0.0
DENND10,0.0
FAM50A,0.0
TLCD3A,0.0
MINDY1,0.0
DIPK1A,0.0
FAS,0.0
FASTKD3,0.0
FASTKD5,0.0
FAT1,0.0
FBL,0.0
FBXL12,0.0
FBXL3,0.0
FBXO11,0.0
FBXO21,0.0
FBXO7,0.0
FDFT1,0.0
FEM1B,0.0
FEZ2,0.0
FGF7,0.0
FHL2,0.0
FKBP14,0.0
FKBP8,0.0
FLOT1,0.0
FOSL1,0.0
FOXJ3,0.0
FOXM1,0.0
FOXO3,0.0
FPGS,0.0
FRS2,0.0
FSD1,0.0
FTSJ3,0.0
FUT1,0.0
FYN,0.0
FZD1,0.0
G6PC3,0.0
G6PD,0.0
GAA,0.0
GABARAPL1,0.0
GAD1,0.0
GADD45A,0.0
GADD45B,0.0
GANAB,0.0
GARS1,0.0
CASTOR3,0.0
GDPD1,0.0
GDPD5,0.0
GFOD1,0.0
GFOD1,0.0
GFOD2,0.0
GGCX,0.0
GIT1,0.0
GJA1,0.0
GJB2,0.0
GKAP1,0.0
GLA,0.0
GLUD1,0.0
GMCL1,0.0
GMFB,0.0
GMNN,0.0
GNA15,0.0
GNAS,0.0
RACK1,0.0
GNB5,0.0
GNMT,0.0
GOLT1B,0.0
GOT1,0.0
GPBP1L1,0.0
GPC1,0.0
GPI,0.0
ADGRG1,0.0
GPX4,0.0
GRB10,0.0
GRB2,0.0
GRN,0.0
GRSF1,0.0
GRWD1,0.0
GSK3A,0.0
GSK3B,0.0
GSPT1,0.0
GSS,0.0
GSTM2,0.0
GSTP1,0.0
GSTZ1,0.0
GTF2B,0.0
GTF2E2,0.0
GTF2H2C,0.0
GTF3C2,0.0
GTF3C5,0.0
GTPBP8,0.0
GUSB,0.0
GYG1,0.0
HACL1,0.0
HADHA,0.0
HAUS3,0.0
HBEGF,0.0
HDAC1,0.0
HDAC2,0.0
HDGFL2,0.0
HDGFL3,0.0
HDLBP,0.0
HEATR1,0.0
HEATR5A,0.0
HEBP1,0.0
HERC6,0.0
HERPUD1,0.0
HES1,0.0
HEXB,0.0
MFSD14A,0.0
HIF1A,0.0
H2BC12,0.0
H4C5,0.0
H4C11,0.0
HK1,0.0
HLA-A,0.0
HLA-B,0.0
HLA-C,0.0
HLA-DQB1,0.0
HLA-DRA,0.0
HLA-DRB1,0.0
HMG20B,0.0
HMMR,0.0
HNRNPA2B1,0.0
HNRNPA3,0.0
HOMER2,0.0
HOXA10,0.0
HP1BP3,0.0
HS2ST1,0.0
HS3ST3A1,0.0
HS6ST1,0.0
HSD17B10,0.0
HSD17B11,0.0
HSP90AB1,0.0
HSPA13,0.0
HSPA1B,0.0
HSPB11,0.0
HSPG2,0.0
HTATSF1,0.0
HTRA1,0.0
HUWE1,0.0
HYPK,0.0
IARS2,0.0
ICAM1,0.0
MRPL58,0.0
IDE,0.0
IER2,0.0
IFI30,0.0
IFIT1,0.0
IFIT2,0.0
IFIT3,0.0
IFITM1,0.0
IFNAR1,0.0
IGF2BP2,0.0
IGF2R,0.0
IGFBP1,0.0
IGFBP3,0.0
IGFBP4,0.0
IGFBP6,0.0
ELP1,0.0
IKBKB,0.0
IKBKE,0.0
IKBKG,0.0
IL13RA1,0.0
IL1B,0.0
IL4R,0.0
IL6,0.0
IL7R,0.0
ILF2,0.0
ILK,0.0
IMPA1,0.0
INAFM1,0.0
INHBB,0.0
INPP1,0.0
INPP4B,0.0
INPP5E,0.0
INTS8,0.0
INTS9,0.0
IPO13,0.0
IPO5,0.0
IQGAP1,0.0
IRAK4,0.0
IRF7,0.0
IRS1,0.0
ISG15,0.0
ISG20L2,0.0
ISOC1,0.0
ITFG1,0.0
ITGA1,0.0
ITGAE,0.0
ITGB1,0.0
ITGB1BP1,0.0
ITGB3BP,0.0
ITGB5,0.0
ITM2C,0.0
JAK1,0.0
JAK2,0.0
JMJD6,0.0
JTB,0.0
JUNB,0.0
KAT6A,0.0
KAT8,0.0
KCNK1,0.0
KCNMB3,0.0
KCNQ3,0.0
KCTD2,0.0
KCTD5,0.0
KDELR1,0.0
KDELR2,0.0
KDM3A,0.0
KDM5A,0.0
KEAP1,0.0
PCLAF,0.0
WASHC5,0.0
KIAA0355,0.0
KHDC4,0.0
WASHC4,0.0
KIFBP,0.0
KIF11,0.0
KIF14,0.0
KIF2C,0.0
KIF5B,0.0
KLHDC2,0.0
KLHDC3,0.0
KMT2C,0.0
KMT2E,0.0
KPNA2,0.0
KPNA3,0.0
KRT7,0.0
KTN1,0.0
L1CAM,0.0
LAGE3,0.0
LAMA3,0.0
LAMB2,0.0
LAMB3,0.0
LAMC1,0.0
LAMP1,0.0
LAP3,0.0
LARS1,0.0
LAS1L,0.0
LBR,0.0
LCMT2,0.0
LDHA,0.0
LGALS8,0.0
LGMN,0.0
LIG4,0.0
LINC00623,0.0
LINC00869,0.0
LIPA,0.0
OLMALINC,0.0
TEX48,0.0
AC093157.1,0.0
SRGAP2C,0.0
LSP1P4,0.0
AC106795.1,0.0
LONP1,0.0
LOXL1,0.0
LPAR2,0.0
LPGAT1,0.0
LRIF1,0.0
LRP10,0.0
LRPAP1,0.0
LRRC15,0.0
CARMIL1,0.0
LSM14A,0.0
LSM5,0.0
LSM7,0.0
LYRM1,0.0
LZTR1,0.0
MACF1,0.0
MAD2L1,0.0
MAEA,0.0
MALT1,0.0
MAML1,0.0
MAN2A2,0.0
MAN2B1,0.0
MAP2,0.0
MAP2K3,0.0
MAP2K5,0.0
MAP3K4,0.0
MAP4K4,0.0
MAP7,0.0
MAPK1,0.0
MAPK1,0.0
MAPK13,0.0
MAPK14,0.0
MAPK1IP1L,0.0
MAPK9,0.0
MAPKAPK2,0.0
MAPKAPK3,0.0
MAPKAPK5,0.0
MAPRE1,0.0
MAPT,0.0
MARCKS,0.0
MARK4,0.0
MAST2,0.0
MAZ,0.0
MBD3,0.0
MBNL1,0.0
MBNL2,0.0
MCL1,0.0
MDH1,0.0
ME2,0.0
MEA1,0.0
MED1,0.0
MED21,0.0
MEF2D,0.0
MELK,0.0
MEN1,0.0
MET,0.0
METRN,0.0
METTL2B,0.0
MFAP1,0.0
GLIDR,0.0
MIF,0.0
MKNK1,0.0
MLEC,0.0
MLH1,0.0
MLLT11,0.0
MLX,0.0
MMACHC,0.0
MMS19,0.0
MNAT1,0.0
MNX1,0.0
MOB1B,0.0
MOK,0.0
MORF4L1,0.0
MPC2,0.0
MPHOSPH9,0.0
MRE11,0.0
MRPL12,0.0
MRPL13,0.0
MRPL15,0.0
MRPL19,0.0
MRPL24,0.0
MRPL27,0.0
MRPL28,0.0
MRPL37,0.0
MRPL42,0.0
MRPL53,0.0
MRPS17,0.0
MRPS2,0.0
MRPS23,0.0
MRPS28,0.0
MRPS30,0.0
MRPS34,0.0
MRS2,0.0
MSH6,0.0
MSMO1,0.0
MSRA,0.0
MT1E,0.0
MT1X,0.0
MT2A,0.0
MTA1,0.0
MTERF3,0.0
MTF2,0.0
MTHFD1,0.0
MTIF2,0.0
MTMR2,0.0
MTMR4,0.0
MTMR6,0.0
MUC1,0.0
MUTYH,0.0
MX1,0.0
MYB,0.0
MYC,0.0
MYL9,0.0
MYLK,0.0
MYO1C,0.0
NADK,0.0
NAE1,0.0
NAPA,0.0
CIAO3,0.0
RAB34,0.0
NARS1,0.0
NBN,0.0
NCAPD2,0.0
NCAPG,0.0
NCBP1,0.0
NCK1,0.0
NCK2,0.0
NCOA1,0.0
NCOA1,0.0
NCOA1,0.0
NCOA3,0.0
NDRG1,0.0
NDST2,0.0
NDUFA1,0.0
NDUFA13,0.0
NDUFA8,0.0
NDUFS8,0.0
NDUFV2,0.0
NENF,0.0
NFATC3,0.0
NFATC4,0.0
NFE2L2,0.0
NFIL3,0.0
NFKB1,0.0
NFKB2,0.0
NFKBIA,0.0
NFKBIE,0.0
NFRKB,0.0
NHP2,0.0
NIF3L1,0.0
NIPBL,0.0
NIPSNAP1,0.0
NIT1,0.0
NMT1,0.0
NNT,0.0
NOC3L,0.0
NOLC1,0.0
NOP2,0.0
NOSIP,0.0
NPDC1,0.0
NPEPL1,0.0
NPRL2,0.0
NQO1,0.0
NQO2,0.0
NR1H2,0.0
NR2F6,0.0
NR3C1,0.0
NRAS,0.0
NRBF2,0.0
NRIP1,0.0
NSMF,0.0
NT5C,0.0
NTN5,0.0
NUCB2,0.0
NUDT9,0.0
NUP107,0.0
NUP133,0.0
NUP37,0.0
NUP62,0.0
NUP85,0.0
NUP88,0.0
NUP93,0.0
NUS1,0.0
OCIAD1,0.0
OGG1,0.0
OMA1,0.0
OPHN1,0.0
ORC1,0.0
ORC4,0.0
ORMDL2,0.0
OS9,0.0
OSBPL10,0.0
OSGIN1,0.0
OST4,0.0
OTUB1,0.0
OTUD5,0.0
OTUD6B,0.0
OTX1,0.0
OXA1L,0.0
OXCT1,0.0
OXR1,0.0
OXSR1,0.0
P2RX4,0.0
P4HA2,0.0
P4HTM,0.0
PA2G4,0.0
PACSIN3,0.0
PAFAH1B1,0.0
PAFAH1B3,0.0
PAIP1,0.0
PAK1,0.0
PAK4,0.0
PAK6,0.0
PAM16,0.0
TENT4A,0.0
PAXIP1,0.0
PCBP2,0.0
PCMT1,0.0
PCNA,0.0
PCSK6,0.0
PDE2A,0.0
PDHX,0.0
PDIA4,0.0
PDIA5,0.0
PDLIM1,0.0
PDS5A,0.0
PDZD11,0.0
PEX11A,0.0
PFDN2,0.0
PFKL,0.0
PGM1,0.0
PGM3,0.0
PGRMC1,0.0
JADE2,0.0
PHF20,0.0
PHGDH,0.0
PHLDA2,0.0
PHLDA3,0.0
PI4KA,0.0
PIAS1,0.0
PIGC,0.0
PIH1D1,0.0
PIK3C2A,0.0
PIK3C2B,0.0
PIK3C3,0.0
PIK3CA,0.0
PIN1,0.0
PIP4K2B,0.0
PITPNA,0.0
PLA2G15,0.0
PLAC1,0.0
PLAU,0.0
PLAUR,0.0
PLCB3,0.0
PLCG1,0.0
PLD2,0.0
PLEKHJ1,0.0
PLK1,0.0
PLOD3,0.0
PLP2,0.0
PLS1,0.0
PLSCR1,0.0
PMAIP1,0.0
PMM2,0.0
PNKP,0.0
POGZ,0.0
POLB,0.0
POLDIP2,0.0
POLG2,0.0
POLR1C,0.0
POLR2E,0.0
POLR2I,0.0
PON2,0.0
POP4,0.0
POP5,0.0
POT1,0.0
POU2F1,0.0
AC010442.1,0.0
PPAN,0.0
PPARA,0.0
PPIB,0.0
PPIC,0.0
PPID,0.0
PPIE,0.0
PPIF,0.0
PPIL3,0.0
PPP1R13B,0.0
PPP1R15B,0.0
PPP1R21,0.0
PPP2CA,0.0
PPP2R1A,0.0
PPP2R3C,0.0
PTPA,0.0
PPP2R5E,0.0
PPWD1,0.0
PRCC,0.0
PRDM8,0.0
PRDX1,0.0
PRKACA,0.0
PRKACB,0.0
PRKAG1,0.0
PRKAG2,0.0
PRKCA,0.0
PRKCD,0.0
PRKCH,0.0
PRKX,0.0
PRNP,0.0
PROS1,0.0
PRPF38A,0.0
PRPF38B,0.0
PRPF39,0.0
PRPF4,0.0
PRPS1,0.0
PRR11,0.0
PRR7,0.0
PRSS23,0.0
PRUNE1,0.0
PSAP,0.0
PSEN1,0.0
PSENEN,0.0
PSMA1,0.0
PSMA7,0.0
PSMB1,0.0
PSMB2,0.0
PSMB4,0.0
PSMC3,0.0
PSMC6,0.0
PSMD10,0.0
PSMD2,0.0
PSME1,0.0
PSME2,0.0
PSMF1,0.0
PSMG1,0.0
PTEN,0.0
PTGS2,0.0
PTHLH,0.0
PTK2,0.0
PTK2B,0.0
HACD3,0.0
PTPN1,0.0
PTPN11,0.0
PTPN12,0.0
PTPRG,0.0
PTPRK,0.0
PTS,0.0
PTTG1,0.0
PUS7,0.0
PVR,0.0
PVR,0.0
NECTIN2,0.0
PWP2,0.0
PXMP2,0.0
PXN,0.0
PYCARD,0.0
PYGL,0.0
PYROXD1,0.0
RAB11FIP2,0.0
RAB21,0.0
RAB34,0.0
RAB4A,0.0
RAB5A,0.0
RAB9A,0.0
RAC2,0.0
RAD23A,0.0
RAD9A,0.0
RAI14,0.0
RALA,0.0
RALGDS,0.0
RALY,0.0
RARA,0.0
RARG,0.0
PLAAT4,0.0
RASA1,0.0
RASSF7,0.0
RB1,0.0
RBKS,0.0
RBL2,0.0
RBM12,0.0
RBM15B,0.0
RBM19,0.0
RBM34,0.0
RBM6,0.0
RBX1,0.0
RECQL,0.0
REEP5,0.0
RER1,0.0
RFC2,0.0
RFC5,0.0
RFNG,0.0
RHOT2,0.0
RIC8A,0.0
RINT1,0.0
RIT1,0.0
RLIM,0.0
RNF13,0.0
RNF167,0.0
RNF181,0.0
RNH1,0.0
RNPS1,0.0
RPA2,0.0
RPA3,0.0
RPAP3,0.0
RPF2,0.0
RPIA,0.0
RPL12,0.0
RPL13A,0.0
RPL18,0.0
RPL23,0.0
RPL27,0.0
RPL31,0.0
RPL36,0.0
RPL36A,0.0
HNRNPH2,0.0
RPL36A-HNRNPH2,0.0
RPL39L,0.0
RPL41,0.0
RPL6,0.0
RPL7A,0.0
RPL9,0.0
RPN1,0.0
RPS12,0.0
RPS15,0.0
RPS15A,0.0
RPS2,0.0
RPS21,0.0
RPS27A,0.0
RPS27L,0.0
RPS28,0.0
RPS5,0.0
RPS6KA1,0.0
RPS6KB2,0.0
RPSA,0.0
RPUSD1,0.0
RRAGA,0.0
RRP12,0.0
RRP1B,0.0
RRP8,0.0
RRS1,0.0
RSRC2,0.0
RSU1,0.0
RTN4,0.0
RUNX1,0.0
RUNX1,0.0
RYK,0.0
S100A4,0.0
SAAL1,0.0
SACM1L,0.0
SCAF11,0.0
SCAND1,0.0
SCCPDH,0.0
SCNM1,0.0
SCO1,0.0
SCRN1,0.0
SCYL2,0.0
SCYL3,0.0
SEC16A,0.0
SEC24A,0.0
SEC61A1,0.0
SEC61G,0.0
SEH1L,0.0
SELENOK,0.0
SELENOT,0.0
SENP6,0.0
SELENOF,0.0
SEPTIN2,0.0
SELENOF,0.0
SERPINE1,0.0
SETD1B,0.0
SETD5,0.0
SF3B1,0.0
SGCB,0.0
SGK1,0.0
SGO2,0.0
SH3KBP1,0.0
SHC1,0.0
SHMT2,0.0
SIAH2,0.0
SIL1,0.0
SIRT3,0.0
SIX5,0.0
SKIV2L,0.0
SLC10A7,0.0
SLC11A2,0.0
SLC16A5,0.0
SLC16A7,0.0
SLC1A4,0.0
SLC22A5,0.0
SLC25A11,0.0
SLC25A13,0.0
SLC25A14,0.0
SLC25A32,0.0
SLC25A4,0.0
SLC25A40,0.0
SLC25A46,0.0
SLC27A5,0.0
SLC2A6,0.0
SLC30A7,0.0
SLC30A9,0.0
SLC33A1,0.0
SLC35A1,0.0
SLC35A4,0.0
SLC35A5,0.0
SLC35B1,0.0
SLC35F2,0.0
SLC37A4,0.0
SLC38A2,0.0
SLC39A6,0.0
SLC4A5,0.0
SLC52A2,0.0
SLC6A8,0.0
SLC9A6,0.0
SLIT2,0.0
SLITRK5,0.0
SLK,0.0
PRELID3B,0.0
SMAD3,0.0
SMAD4,0.0
SMAD5,0.0
SMAGP,0.0
SMAP1,0.0
SMARCA4,0.0
SMARCC1,0.0
SMC1A,0.0
SMC3,0.0
SMNDC1,0.0
SMPD1,0.0
SMYD5,0.0
SNAPC4,0.0
SNAPIN,0.0
SNCA,0.0
SNF8,0.0
SNHG6,0.0
SNRPA,0.0
SNRPD1,0.0
SNRPE,0.0
SNX13,0.0
SNX7,0.0
SOCS2,0.0
SOD2,0.0
SOX4,0.0
SPAG4,0.0
SPAG7,0.0
SPANXA2,0.0
SPANXB1,0.0
SPAST,0.0
SPATA5L1,0.0
SPCS1,0.0
SPDEF,0.0
SPEN,0.0
SPG21,0.0
SPHK2,0.0
SPIN1,0.0
SPR,0.0
SPRED2,0.0
SPTAN1,0.0
SPTBN1,0.0
SPTBN5,0.0
SPTLC2,0.0
SQLE,0.0
SQOR,0.0
SQSTM1,0.0
SRFBP1,0.0
SRI,0.0
SRP54,0.0
SRPRA,0.0
SRRM2,0.0
SRSF5,0.0
SSNA1,0.0
SSR1,0.0
SSR3,0.0
SSR4,0.0
SSRP1,0.0
ST3GAL2,0.0
ST3GAL5,0.0
ST7,0.0
STAG2,0.0
STAM,0.0
STAMBP,0.0
STAT1,0.0
STAT3,0.0
STAT5A,0.0
STC1,0.0
STK10,0.0
STK11,0.0
STK25,0.0
STK32C,0.0
STOML2,0.0
STRBP,0.0
STUB1,0.0
STX18,0.0
STX1A,0.0
STXBP1,0.0
SUCLA2,0.0
SUMO1,0.0
SUMO2,0.0
SUPV3L1,0.0
SURF1,0.0
SURF2,0.0
SURF4,0.0
KMT5B,0.0
SYNE2,0.0
SYPL1,0.0
TAF12,0.0
TAF1D,0.0
TAF7,0.0
TALDO1,0.0
TARBP1,0.0
TARS1,0.0
TARS2,0.0
TAS2R19,0.0
TAS2R30,0.0
TAS2R31,0.0
TAS2R43,0.0
TAS2R50,0.0
TATDN2,0.0
TBC1D7,0.0
TBC1D9B,0.0
TBCA,0.0
TBCB,0.0
TBPL1,0.0
TBRG4,0.0
TCEA1,0.0
TCEA2,0.0
ELOC,0.0
ELOB,0.0
TCERG1,0.0
TCFL5,0.0
TDP2,0.0
TERT,0.0
TES,0.0
TESK1,0.0
TFAM,0.0
TFAP2A,0.0
TFCP2,0.0
TGFBR2,0.0
THBD,0.0
THOC1,0.0
THOC6,0.0
THRA,0.0
TIAM1,0.0
TIMELESS,0.0
TIMM22,0.0
TIMM9,0.0
TIMP1,0.0
TIMP2,0.0
TINF2,0.0
TJP1,0.0
TLE1,0.0
TLR3,0.0
TLR4,0.0
TM9SF2,0.0
TM9SF3,0.0
TMBIM6,0.0
TMC7,0.0
TMC7,0.0
TMED10,0.0
TMED9,0.0
TMEFF1,0.0
STIMATE,0.0
TMEM123,0.0
TMEM128,0.0
TMEM14C,0.0
TMEM184B,0.0
TMEM203,0.0
TMEM251,0.0
TMEM30A,0.0
TMEM41B,0.0
RXYLT1,0.0
TMEM50A,0.0
TMEM50B,0.0
TMEM9B,0.0
TMSB10,0.0
TMX1,0.0
TNFAIP3,0.0
TNFAIP8,0.0
TNFRSF10B,0.0
TNFRSF1A,0.0
TNFRSF21,0.0
TNFSF13,0.0
TNIP1,0.0
TOMM34,0.0
TOMM40,0.0
TOMM70,0.0
TOR1A,0.0
TP53,0.0
TP53BP1,0.0
TP53I3,0.0
TP53INP2,0.0
TPD52L2,0.0
TPRKB,0.0
TRAF6,0.0
TRAK2,0.0
TRAM1,0.0
TRAM2,0.0
TRAP1,0.0
TRAPPC12,0.0
TRAPPC3,0.0
TRAPPC6B,0.0
TRIB3,0.0
TRIM13,0.0
TRIM2,0.0
TRMT10C,0.0
TRMT11,0.0
TRO,0.0
TSC22D2,0.0
TSC22D3,0.0
TSEN2,0.0
TSPAN4,0.0
TSPO,0.0
TSTA3,0.0
TTC19,0.0
TTK,0.0
TUBA1A,0.0
TUBA1B,0.0
TUBA1C,0.0
TUBA4A,0.0
TUBB3,0.0
TUBB6,0.0
TWF2,0.0
TXLNA,0.0
TXNDC9,0.0
TXNL4B,0.0
TXNRD1,0.0
TYK2,0.0
U2AF2,0.0
UAP1,0.0
UBA1,0.0
UBA3,0.0
UBAP2L,0.0
UBC,0.0
UBE2H,0.0
UBE2I,0.0
UBE2Q2,0.0
UBE2T,0.0
UBE2V2,0.0
UBE3C,0.0
UBE4A,0.0
UBL5,0.0
UBQLN2,0.0
UCP2,0.0
UFM1,0.0
UGGT1,0.0
UNC50,0.0
UPF2,0.0
UPP1,0.0
UQCR11,0.0
UQCRC2,0.0
UQCRFS1,0.0
UQCRQ,0.0
USF2,0.0
USP14,0.0
USP18,0.0
USP22,0.0
USP38,0.0
USP5,0.0
USP6NL,0.0
USP7,0.0
UTP14A,0.0
UTP18,0.0
VAMP2,0.0
VAMP7,0.0
VAPB,0.0
VBP1,0.0
VEGFA,0.0
VEZF1,0.0
VMP1,0.0
VPS28,0.0
VPS72,0.0
WASF3,0.0
WASHC1,0.0
WASL,0.0
WDR43,0.0
TBC1D31,0.0
WDR7,0.0
WDR82,0.0
WDTC1,0.0
WFS1,0.0
WIPF2,0.0
WNT9A,0.0
GET1,0.0
WSB2,0.0
XPA,0.0
XPC,0.0
XPNPEP1,0.0
XPO7,0.0
XRCC1,0.0
XRCC5,0.0
XRN2,0.0
YIF1A,0.0
YIPF5,0.0
YKT6,0.0
YME1L1,0.0
YTHDF1,0.0
YWHAG,0.0
YY1,0.0
ZBTB4,0.0
ZC3HC1,0.0
ZCCHC9,0.0
ZDHHC6,0.0
ZEB1,0.0
ZFR,0.0
ZHX1,0.0
ZHX1-C8orf76,0.0
ZMIZ1,0.0
ZMIZ2,0.0
ZMPSTE24,0.0
ZNF131,0.0
ZNF165,0.0
ZNF200,0.0
ZNF274,0.0
ZNF394,0.0
ZNF395,0.0
ZNF451,0.0
ZNF586,0.0
ZNF593,0.0
ZNF692,0.0
ZNF706,0.0
ZUP1,0.0
ZYX,0.0
EIF1,0.0
ATP5MC3,0.0
JARID2,0.0
RETREG2,0.0
SLC38A10,0.0
FARSB,0.0
CAPS2,0.0
PTBP3,0.0
PDCD4,0.0
ECHDC1,0.0
CNKSR3,0.0
PKN2,0.0
ANKRD30B,0.0
VPS4A,0.0
ZNF383,0.0
NDUFAB1,0.0
RBM28,0.0
NHP2,0.0
ZSCAN26,0.0
POLR1B,0.0
KBTBD3,0.0
VANGL2,0.0
SNAP23,0.0
MGST3,0.0
EOGT,0.0
SYNJ1,0.0
PLXND1,0.0
REPS2,0.0
SAMD8,0.0
AVEN,0.0
AC027097.1,0.0
MYDGF,0.0
TMEM259,0.0
DDX5,0.0
BRD3,0.0
GPR137B,0.0
CYHR1,0.0
AK2,0.0
MRFAP1L1,0.0
KRT7,0.0
SARAF,0.0
NEK7,0.0
FCHSD2,0.0
LMAN1,0.0
DUSP28,0.0
STT3A,0.0
TNFAIP8,0.0
FBXL5,0.0
SMPD3,0.0
DHRS4L2,0.0
NIPAL1,0.0
LCTL,0.0
ZNF585A,0.0
JOSD2,0.0
FAM172A,0.0
CFAP44,0.0
WDSUB1,0.0
CD47,0.0
OGFRL1,0.0
QPCT,0.0
COMMD1,0.0
THADA,0.0
RCAN3,0.0
C18orf54,0.0
SGK2,0.0
L2HGDH,0.0
SLFN12,0.0
PRRG4,0.0
DGKH,0.0
B3GNT4,0.0
DTWD2,0.0
THOC7,0.0
OGFOD1,0.0
MMGT1,0.0
GSTM1,0.0
SIAE,0.0
USF2,0.0
ZNF155,0.0
VARS1,0.0
DNER,0.0
STAG1,0.0
ZNF17,0.0
PABPC3,0.0
HELZ2,0.0
TIMMDC1,0.0
ANXA10,0.0
ZDHHC3,0.0
SOS1,0.0
EEF1AKMT2,0.0
ABHD5,0.0
TBC1D2B,0.0
DENND2C,0.0
ZNF546,0.0
ZYX,0.0
SPRY2,0.0
MARCHF4,0.0
EPHX4,0.0
EFCAB11,0.0
ZNF335,0.0
PHACTR2,0.0
SYF2,0.0
SLC25A1,0.0
STIM1,0.0
ZNF490,0.0
RNF126,0.0
KMT5B,0.0
PABPC1,0.0
POLH,0.0
SDHAF2,0.0
OSGEPL1,0.0
EDEM3,0.0
GPR87,0.0
BBX,0.0
MARCKS,0.0
IFNAR2,0.0
ICE2,0.0
CYP1A1,0.0
MALL,0.0
RBMS2,0.0
PYGO1,0.0
TPH1,0.0
GPAT3,0.0
ITPRIP,0.0
CRIM1,0.0
SGTB,0.0
RPRD1B,0.0
ABHD17C,0.0
MTRF1,0.0
HNRNPDL,0.0
NIFK,0.0
SERPINB9,0.0
USP37,0.0
SCNN1D,0.0
DMBT1,0.0
NUP205,0.0
CNOT1,0.0
KRT19,0.0
MFSD14B,0.0
ACSF3,0.0
SEPTIN6,0.0
TMEM68,0.0
RNF157,0.0
ESCO1,0.0
RALGAPA2,0.0
HERC2,0.0
C11orf65,0.0
MARK3,0.0
DHX32,0.0
GLRX3,0.0
DNAJC10,0.0
KRT10,0.0
ALPG,0.0
DHRS1,0.0
ZNF491,0.0
ANO8,0.0
MMADHC,0.0
CTBS,0.0
ZNF780B,0.0
NOMO1,0.0
METTL1,0.0
SERGEF,0.0
PDSS2,0.0
KATNBL1,0.0
MIER3,0.0
XRCC4,0.0
MYEF2,0.0
HMGCL,0.0
IGFBP1,0.0
CCAR2,0.0
ALS2,0.0
RNF6,0.0
SOAT1,0.0
STK38,0.0
KIAA0895,0.0
DDHD1,0.0
ZNF331,0.0
GPALPP1,0.0
BEX2,0.0
DNAJC16,0.0
RADX,0.0
CDK8,0.0
RAP1GDS1,0.0
OR2A4,0.0
MID2,0.0
F2R,0.0
AP4S1,0.0
CRABP2,0.0
GBGT1,0.0
EFCAB7,0.0
NDUFS2,0.0
EMG1,0.0
TSHZ1,0.0
PSMA4,0.0
SOCS7,0.0
UBLCP1,0.0
ANKRD18A,0.0
TMEM255B,0.0
STARD3NL,0.0
WDR3,0.0
MCUB,0.0
MOXD1,0.0
WASL,0.0
NARS2,0.0
FBXO43,0.0
FKBP11,0.0
SENP5,0.0
VPS45,0.0
GDF1,0.0
ETV3,0.0
SYDE2,0.0
CLCN3,0.0
TOR1AIP1,0.0
CEMIP,0.0
NEXN,0.0
ZNF235,0.0
PDPR,0.0
TSNAX,0.0
HLA-DMB,0.0
SNCAIP,0.0
TTC9C,0.0
VPS35,0.0
LIPH,0.0
ORMDL3,0.0
PILRB,0.0
SECTM1,0.0
SLC7A9,0.0
ARFGAP2,0.0
CTSK,0.0
RHBDD1,0.0
SLC25A16,0.0
CWF19L1,0.0
GSTO2,0.0
ZNF75D,0.0
CCL28,0.0
ZYG11B,0.0
MIOS,0.0
FADS1,0.0
ZDHHC23,0.0
IFT80,0.0
CEP89,0.0
ATG9A,0.0
LRIF1,0.0
GPR135,0.0
WDR70,0.0
FCGRT,0.0
TTC39C,0.0
PIGW,0.0
PARP11,0.0
SMARCD3,0.0
THEM6,0.0
GDE1,0.0
TMEM120B,0.0
GTF2E1,0.0
PPFIA2,0.0
SLC2A8,0.0
OSBP2,0.0
UBL3,0.0
APRT,0.0
AMT,0.0
USPL1,0.0
SPIN4,0.0
ZFP2,0.0
CABYR,0.0
NAPG,0.0
NAPA,0.0
RIPK2,0.0
FKBP8,0.0
MTMR1,0.0
MPDZ,0.0
HEG1,0.0
ARID1B,0.0
ATP2A2,0.0
RIMKLB,0.0
ATP5PB,0.0
GALK1,0.0
LRFN4,0.0
SLC25A26,0.0
CYREN,0.0
SNTB1,0.0
IDH3B,0.0
SIPA1L1,0.0
ZNF100,0.0
GLCE,0.0
CD163L1,0.0
PQBP1,0.0
ISG20,0.0
BIN1,0.0
ATP5MC2,0.0
PEX16,0.0
SNRNP40,0.0
ARHGAP29,0.0
C5orf15,0.0
TJP2,0.0
SMYD2,0.0
SYMPK,0.0
MRPS22,0.0
MYD88,0.0
PDXK,0.0
ZSCAN25,0.0
PDLIM4,0.0
SUPT6H,0.0
GTF3C3,0.0
MAD2L2,0.0
ZNF133,0.0
RARRES2,0.0
CRAT,0.0
PPDPF,0.0
ILRUN,0.0
PHF23,0.0
THOC2,0.0
FZD2,0.0
ITM2C,0.0
TMEM201,0.0
IBA57,0.0
FASN,0.0
ZNF621,0.0
SSH2,0.0
CCDC22,0.0
ZNF76,0.0
ZBTB43,0.0
FMO5,0.0
DHX38,0.0
VCL,0.0
KCTD2,0.0
POFUT1,0.0
STEAP3,0.0
CCAR1,0.0
DCAF4,0.0
AGK,0.0
SPATA33,0.0
BST2,0.0
JUNB,0.0
ATXN1,0.0
LCORL,0.0
POLE4,0.0
FZD6,0.0
ITPKB,0.0
IVD,0.0
ITPR3,0.0
JAG2,0.0
MARK2,0.0
NOMO3,0.0
DDX31,0.0
RGS19,0.0
PPP2R3B,0.0
STPG4,0.0
SLC6A15,0.0
TMEM39B,0.0
WDR60,0.0
MANSC1,0.0
RADIL,0.0
RNF146,0.0
BCR,0.0
EDNRB,0.0
PPP3CB,0.0
NFYC,0.0
IDNK,0.0
MRPS12,0.0
SCAMP4,0.0
CD99L2,0.0
PIP4K2A,0.0
ANKRD26,0.0
LMTK2,0.0
PIK3CD,0.0
PIK3R2,0.0
PDLIM7,0.0
MAGED1,0.0
AIF1L,0.0
RGS10,0.0
FADD,0.0
KIAA0586,0.0
RAB11FIP1,0.0
COL16A1,0.0
COL8A1,0.0
TNFRSF14,0.0
PPIL6,0.0
AADAT,0.0
RASSF5,0.0
TACC2,0.0
FAM149B1,0.0
MINK1,0.0
NOP16,0.0
MRPL14,0.0
CASD1,0.0
ZNF112,0.0
CENPH,0.0
C1orf109,0.0
PARP16,0.0
SSH3,0.0
ZNF606,0.0
GRAMD2B,0.0
SFMBT1,0.0
HERC5,0.0
RAB14,0.0
ZNF607,0.0
CCDC57,0.0
KIDINS220,0.0
UBE2D4,0.0
IQCH,0.0
WDR5,0.0
UBE2Q1,0.0
TRIM44,0.0
ZRANB1,0.0
ZBTB17,0.0
NUP43,0.0
C5orf63,0.0
SYNRG,0.0
FNBP1L,0.0
GABRB1,0.0
PRR14,0.0
HROB,0.0
PPP1R9A,0.0
RAB3IP,0.0
TMEM99,0.0
SDCCAG8,0.0
STARD10,0.0
PRPSAP2,0.0
GALM,0.0
TTC25,0.0
PRKD2,0.0
GBE1,0.0
PPM1G,0.0
FBF1,0.0
HEMK1,0.0
TSPAN1,0.0
ZNF362,0.0
MYO1B,0.0
MRPS35,0.0
PPCDC,0.0
B4GALNT4,0.0
H4-16,0.0
PLEKHF2,0.0
IMPA2,0.0
ERCC4,0.0
ZDHHC9,0.0
RNASEH2C,0.0
KLF7,0.0
ITPRIPL1,0.0
DCAF5,0.0
GBP4,0.0
TENT5B,0.0
UTP4,0.0
LRCH3,0.0
KLHL22,0.0
JMJD1C,0.0
ADGRA2,0.0
CCDC142,0.0
MAML2,0.0
DHX30,0.0
ZNF609,0.0
ENO3,0.0
GGA2,0.0
CNTROB,0.0
ARID5A,0.0
PPP2R2D,0.0
ZNF574,0.0
TWSG1,0.0
CCDC14,0.0
MEAF6,0.0
IPPK,0.0
COQ3,0.0
MCAT,0.0
RCBTB1,0.0
ZC3H4,0.0
WDR35,0.0
PLEKHM2,0.0
COL20A1,0.0
LRCH4,0.0
EML4,0.0
RNF180,0.0
KANK1,0.0
MTMR11,0.0
WDR5B,0.0
MAPT,0.0
LAYN,0.0
IPP,0.0
GPR137,0.0
SMIM11A,0.0
YBEY,0.0
GLT8D1,0.0
RPE,0.0
C11orf74,0.0
FMNL1,0.0
GNG11,0.0
GGT5,0.0
CTSO,0.0
HID1,0.0
EEPD1,0.0
SKOR1,0.0
PIH1D2,0.0
LY6G5B,0.0
ZNF462,0.0
SCAF1,0.0
GINM1,0.0
LMO7DN,0.0
MPC1,0.0
UCP3,0.0
ANKFY1,0.0
KANK2,0.0
UCP2,0.0
ZNF253,0.0
HNRNPLL,0.0
PNLDC1,0.0
UGCG,0.0
SNAP29,0.0
SLC9A3R2,0.0
TXNL1,0.0
MED11,0.0
BAIAP3,0.0
MARCHF7,0.0
SENP7,0.0
VGF,0.0
PRKG2,0.0
GBP2,0.0
QRICH1,0.0
PRKAA1,0.0
C6orf52,0.0
FOXA2,0.0
HCFC1R1,0.0
PUS1,0.0
BAG4,0.0
TMEM59,0.0
GOSR1,0.0
CCDC47,0.0
PTGES,0.0
MMP11,0.0
WDR66,0.0
SAMHD1,0.0
MAN1C1,0.0
PMFBP1,0.0
ANKMY2,0.0
DPYSL2,0.0
CRCP,0.0
COQ9,0.0
RSRP1,0.0
HSPE1-MOB4,0.0
RND1,0.0
CCDC127,0.0
MBD6,0.0
MTMR12,0.0
ASB1,0.0
PHF11,0.0
CCDC112,0.0
TMCO4,0.0
FHOD1,0.0
N6AMT1,0.0
TOP3B,0.0
CLCF1,0.0
ZNF214,0.0
NXT1,0.0
TIRAP,0.0
ESF1,0.0
DCPS,0.0
SSX2IP,0.0
WDR37,0.0
OSTM1,0.0
PNMA8A,0.0
LRRC1,0.0
DPYD,0.0
RAVER2,0.0
MEGF8,0.0
PRKCE,0.0
USP40,0.0
ARMCX2,0.0
ITGA5,0.0
ITGA2,0.0
PPP1R18,0.0
SORT1,0.0
PCYT2,0.0
GLYR1,0.0
STON2,0.0
ING2,0.0
UEVLD,0.0
C22orf23,0.0
ATP6V0A1,0.0
MTCH1,0.0
ZNF680,0.0
RELL2,0.0
ZNF658,0.0
H6PD,0.0
MXRA8,0.0
RABGEF1,0.0
IFI44,0.0
DOCK10,0.0
TMEM41A,0.0
ATP6V1E2,0.0
DPH6,0.0
MED30,0.0
CDKN2AIPNL,0.0
SURF1,0.0
DIS3L,0.0
EHBP1L1,0.0
FAM78A,0.0
EBF4,0.0
LRRC57,0.0
TCF25,0.0
NDUFS1,0.0
EFR3B,0.0
C1GALT1C1,0.0
HPS3,0.0
SLC44A5,0.0
ZNF449,0.0
CUL9,0.0
ATOX1,0.0
RAP1GAP2,0.0
DDN,0.0
NLRP10,0.0
CNN3,0.0
SLC16A3,0.0
CLCN4,0.0
STK17B,0.0
AASS,0.0
CHMP4C,0.0
METTL9,0.0
ZNF624,0.0
MRPS9,0.0
CLEC18B,0.0
FAM227A,0.0
PXYLP1,0.0
SUGP2,0.0
BIRC3,0.0
BAHCC1,0.0
MINAR1,0.0
CYP27B1,0.0
CYP11A1,0.0
CYP24A1,0.0
EDC3,0.0
ABITRAM,0.0
IGLL1,0.0
RC3H1,0.0
SS18L2,0.0
TCEAL9,0.0
CRBN,0.0
THAP4,0.0
CUTC,0.0
ARL5A,0.0
BTBD7,0.0
ACYP2,0.0
MALSU1,0.0
GPR146,0.0
KCTD12,0.0
CGAS,0.0
CST1,0.0
MMAA,0.0
MRPL54,0.0
BTBD19,0.0
AC002116.2,0.0
TMEM243,0.0
C1orf35,0.0
PCDHB16,0.0
FAM167A,0.0
CBX7,0.0
H2BC6,0.0
TENT4B,0.0
DHCR24,0.0
ATP2B1,0.0
TOMM20,0.0
PRKCSH,0.0
GATA6,0.0
USP42,0.0
ZNRF3,0.0
SLC7A6OS,0.0
RAET1E,0.0
CMAS,0.0
AGA,0.0
RNF114,0.0
BIN3,0.0
DDX17,0.0
CEPT1,0.0
ITCH,0.0
NIBAN1,0.0
ING1,0.0
CCDC61,0.0
SNX5,0.0
MFSD9,0.0
ZXDC,0.0
RNF169,0.0
GPD1L,0.0
LETMD1,0.0
RGL1,0.0
L1CAM,0.0
SCG5,0.0
LIMA1,0.0
POC5,0.0
ZNF185,0.0
OGG1,0.0
PAQR4,0.0
ARMH4,0.0
H2AW,0.0
ERLEC1,0.0
CAMK2N1,0.0
PLEKHB1,0.0
SRPRB,0.0
OPRL1,0.0
RIOX2,0.0
VPS37C,0.0
MOGS,0.0
GAS2L3,0.0
TM4SF1,0.0
SOX5,0.0
ATG13,0.0
GINS1,0.0
CHID1,0.0
SLC22A23,0.0
ABRAXAS2,0.0
ARFGAP1,0.0
SPOPL,0.0
CYP27C1,0.0
RHBDL1,0.0
ETFRF1,0.0
ZNF425,0.0
ARHGEF37,0.0
OR14C36,0.0
UMPS,0.0
MAP3K7,0.0
ADAMTS9,0.0
ZNF138,0.0
DOC2A,0.0
CHST10,0.0
AKAP5,0.0
ROCK2,0.0
NAPSA,0.0
ONECUT2,0.0
ZNF134,0.0
EBAG9,0.0
SGSH,0.0
TMEM141,0.0
ATP1A1,0.0
ANKRD52,0.0
ELMO2,0.0
ANKRD50,0.0
RPL38,0.0
ABLIM1,0.0
BAG2,0.0
INKA1,0.0
EMSY,0.0
MTHFSD,0.0
CIT,0.0
NME4,0.0
SAP30BP,0.0
CCDC102B,0.0
ZDHHC11,0.0
ZBTB3,0.0
GEN1,0.0
KPNB1,0.0
CDK17,0.0
KPNA5,0.0
KPNA4,0.0
NFATC2,0.0
ARPC1A,0.0
SCOC,0.0
C1orf53,0.0
HACE1,0.0
SLC45A3,0.0
LUZP1,0.0
MAP3K9,0.0
GSPT1,0.0
DYNLL2,0.0
ARHGEF18,0.0
LARP1,0.0
PUM2,0.0
MRGBP,0.0
TSPAN12,0.0
CFAP45,0.0
KANSL3,0.0
TAF5L,0.0
SUN2,0.0
CEP164,0.0
SIAH2,0.0
LRSAM1,0.0
PIP4P1,0.0
NECAP2,0.0
NLE1,0.0
CENPC,0.0
ACOT7,0.0
AP2S1,0.0
PCNX4,0.0
SUDS3,0.0
WNK3,0.0
CACHD1,0.0
TRABD,0.0
ACVR2B,0.0
WDCP,0.0
EPC1,0.0
DYNC1LI1,0.0
NSFL1C,0.0
WDR83OS,0.0
COMMD10,0.0
TRAPPC4,0.0
WDR77,0.0
KLF12,0.0
TMEM161A,0.0
GATB,0.0
RAB20,0.0
UBE2R2,0.0
IMPAD1,0.0
PACC1,0.0
NCLN,0.0
MRPL51,0.0
MARCHF2,0.0
TBC1D7,0.0
ACP6,0.0
RANGRF,0.0
MRPL37,0.0
PELO,0.0
MTFP1,0.0
PLXNB3,0.0
ZNF106,0.0
TXNDC16,0.0
GLCCI1,0.0
FAM120AOS,0.0
URGCP,0.0
LSM11,0.0
TMEM171,0.0
MPP7,0.0
SOCS4,0.0
DDOST,0.0
ZFP64,0.0
MORN1,0.0
THOC6,0.0
IRX3,0.0
TMEM43,0.0
KCTD13,0.0
STT3B,0.0
RGPD1,0.0
SLC29A1,0.0
MCAM,0.0
HYAL1,0.0
MPND,0.0
OSBP,0.0
SLC22A4,0.0
CACNG6,0.0
ACOX3,0.0
GNA13,0.0
AVIL,0.0
ARHGAP25,0.0
SPOP,0.0
TTLL11,0.0
ERCC8,0.0
TMEM129,0.0
REL,0.0
NELFE,0.0
GNB2,0.0
SMAD7,0.0
MAN1A1,0.0
MAP1B,0.0
AMER1,0.0
PTPDC1,0.0
ACTRT3,0.0
GHDC,0.0
ADNP2,0.0
DOT1L,0.0
PLPP5,0.0
HMOX2,0.0
FAM234A,0.0
C8orf48,0.0
TUBGCP3,0.0
CHSY1,0.0
MRPS15,0.0
TCF7L1,0.0
RTN4IP1,0.0
TXNDC17,0.0
BIVM,0.0
SH3YL1,0.0
SRGAP2B,0.0
ARRDC4,0.0
PMM1,0.0
METTL3,0.0
BAZ2B,0.0
CCDC28A,0.0
INTS7,0.0
RNF19A,0.0
TSPAN17,0.0
TMPRSS15,0.0
FRMD4B,0.0
ALMS1,0.0
RGL3,0.0
SEC11C,0.0
TIGD5,0.0
PRPF40B,0.0
ORC3,0.0
ELFN2,0.0
SLC4A7,0.0
STK11IP,0.0
KMT2C,0.0
GRPR,0.0
DYNC1I2,0.0
DYNC1H1,0.0
DNASE1L2,0.0
DNAH14,0.0
VIPAS39,0.0
UBE2O,0.0
MRPL17,0.0
ZNF197,0.0
ZNF708,0.0
ZNF623,0.0
TNPO3,0.0
LRRC6,0.0
UCK2,0.0
WBP1,0.0
VAX2,0.0
TATDN3,0.0
VEGFA,0.0
GAB1,0.0
CHST12,0.0
LCA5,0.0
ZNF2,0.0
ZNF8,0.0
BRF2,0.0
LTO1,0.0
MED19,0.0
KLHL26,0.0
TBC1D19,0.0
APTX,0.0
CEP19,0.0
TNFRSF19,0.0
LTBP2,0.0
TGFBI,0.0
LMAN2,0.0
PHYH,0.0
WASHC1,0.0
PIK3CB,0.0
FILIP1L,0.0
CPNE8,0.0
MCM2,0.0
DOP1A,0.0
MLLT3,0.0
SCYL1,0.0
BEND6,0.0
ZNF600,0.0
APOOL,0.0
ST20-MTHFS,0.0
CAAP1,0.0
PCNP,0.0
TEN1,0.0
CSNK2B,0.0
C4A,0.0
ANK2,0.0
LITAF,0.0
PCNT,0.0
SPATS2L,0.0
TMTC1,0.0
FAM151B,0.0
TMTC4,0.0
GLE1,0.0
GMPR,0.0
CDON,0.0
GPANK1,0.0
TBCC,0.0
CFAP70,0.0
DHRSX,0.0
CD276,0.0
TRERF1,0.0
MBOAT1,0.0
LMBR1L,0.0
PBX4,0.0
ANGEL1,0.0
NFIC,0.0
ACSF2,0.0
ZNF627,0.0
MUSK,0.0
TRIP10,0.0
WFDC3,0.0
NR1D2,0.0
INTS9,0.0
ZDHHC17,0.0
MED13L,0.0
TTC17,0.0
IRF3,0.0
PPP1R37,0.0
KIN,0.0
PSMB6,0.0
PWP2,0.0
INSYN2B,0.0
ACTR1A,0.0
FAM219A,0.0
HIPK3,0.0
CDC14A,0.0
PPA2,0.0
SHANK3,0.0
CAPN2,0.0
EFNA4,0.0
MPP5,0.0
HHIP,0.0
GPSM1,0.0
PHRF1,0.0
EPB41L5,0.0
MRPL41,0.0
TATDN1,0.0
RBM19,0.0
TM2D1,0.0
GPR155,0.0
MAZ,0.0
ZNF182,0.0
ZFX,0.0
FYCO1,0.0
NLN,0.0
DRAXIN,0.0
PFKFB3,0.0
EPS8L1,0.0
GLT8D2,0.0
TGFB1I1,0.0
SMARCC2,0.0
TAF9B,0.0
MVB12A,0.0
INTS14,0.0
BABAM2,0.0
KCTD21,0.0
AP1B1,0.0
ADSS2,0.0
ADPRH,0.0
ADM,0.0
PHLDA1,0.0
SPAG9,0.0
AP1M1,0.0
NECTIN2,0.0
CENPT,0.0
TEFM,0.0
TBC1D17,0.0
TTLL7,0.0
AAMDC,0.0
SETD6,0.0
RNF166,0.0
TPR,0.0
ADD1,0.0
MTOR,0.0
SLC45A4,0.0
TRAPPC5,0.0
MTERF3,0.0
SLC29A4,0.0
NCDN,0.0
CUTA,0.0
KHDRBS1,0.0
MTX2,0.0
RASSF4,0.0
ZNF587B,0.0
EMC4,0.0
JMY,0.0
QRICH2,0.0
NR6A1,0.0
LONRF2,0.0
NCF2,0.0
PITX1,0.0
ATG101,0.0
KCNIP3,0.0
UBQLN1,0.0
NDUFB8,0.0
ARHGAP17,0.0
MTMR9,0.0
ATG2A,0.0
ZDHHC5,0.0
THUMPD3,0.0
ZNF205,0.0
BAG5,0.0
NAPB,0.0
RNF20,0.0
ZMAT1,0.0
LRRC8A,0.0
GLI4,0.0
PPP1R7,0.0
RBFOX2,0.0
KLHL29,0.0
TYW3,0.0
LENG8,0.0
RHPN1,0.0
R3HCC1L,0.0
KATNB1,0.0
PPP1R11,0.0
ABR,0.0
PDE7A,0.0
ICAM2,0.0
LRRCC1,0.0
PDE6D,0.0
DDX3X,0.0
DHX9,0.0
TMEM238,0.0
TRIP13,0.0
SGSM2,0.0
NACC1,0.0
GAN,0.0
MTBP,0.0
CSNK1G1,0.0
UBOX5,0.0
STARD8,0.0
WIZ,0.0
MID1IP1,0.0
ABRACL,0.0
FAM72B,0.0
BACE1,0.0
TIMM13,0.0
PSD4,0.0
TIAM2,0.0
TBL2,0.0
LDLRAD3,0.0
UQCRC1,0.0
ZNF266,0.0
TMED4,0.0
LTBP1,0.0
RTCB,0.0
EFNB2,0.0
BUB3,0.0
RABEPK,0.0
KIF21A,0.0
SERINC2,0.0
PDHB,0.0
COPS6,0.0
GCN1,0.0
GPD2,0.0
NEK11,0.0
MRPL33,0.0
P2RX5-TAX1BP3,0.0
SUCO,0.0
VPS26A,0.0
ENO2,0.0
NDUFB2,0.0
NDUFA10,0.0
NDUFB1,0.0
NCAM2,0.0
KLHDC1,0.0
CNNM4,0.0
NDUFB10,0.0
FXR2,0.0
C19orf54,0.0
ZMYND12,0.0
C12orf4,0.0
PALM,0.0
ELF1,0.0
ENTR1,0.0
TIE1,0.0
TEPSIN,0.0
BRAP,0.0
XRRA1,0.0
FPR1,0.0
TMEM127,0.0
ARHGEF35,0.0
ABHD2,0.0
FXYD5,0.0
WWP1,0.0
CDYL2,0.0
TMED6,0.0
GNAI3,0.0
ERF,0.0
COMMD5,0.0
ANKRD13B,0.0
PRPS1,0.0
C9orf64,0.0
PRPS2,0.0
AKR1B1,0.0
TMEM44,0.0
PIGX,0.0
DHX37,0.0
REP15,0.0
INTS11,0.0
TRIM56,0.0
MPV17,0.0
C12orf75,0.0
SCAMP2,0.0
ZNF22,0.0
CHMP1A,0.0
HOXD4,0.0
S100A6,0.0
ARHGEF10,0.0
CDK13,0.0
UPF3B,0.0
PLPP2,0.0
SPINT1,0.0
CFAP410,0.0
NEK3,0.0
KLHL8,0.0
KLHDC10,0.0
PCGF1,0.0
GIT2,0.0
NDUFA2,0.0
COL6A3,0.0
CCNB3,0.0
LMBR1,0.0
RHBDF1,0.0
RNF25,0.0
VPS53,0.0
LAMTOR4,0.0
SMG9,0.0
ALG1,0.0
IGDCC4,0.0
METTL14,0.0
STIM2,0.0
ZMAT5,0.0
LIN37,0.0
RBL1,0.0
TMEM106C,0.0
SCFD1,0.0
PLCD3,0.0
BICRA,0.0
RRM2B,0.0
TMEM183A,0.0
RAB11FIP5,0.0
EML5,0.0
BABAM1,0.0
CPT2,0.0
RHOT1,0.0
TRIM33,0.0
C6orf47,0.0
DDX6,0.0
ADORA1,0.0
SHOC2,0.0
ADRA1B,0.0
MAOB,0.0
COPG2,0.0
SLC4A3,0.0
PJVK,0.0
VPS25,0.0
STRN3,0.0
PLGRKT,0.0
FAM120A,0.0
ZNF669,0.0
JHY,0.0
TCTN2,0.0
CLEC3B,0.0
MAP3K7CL,0.0
DDX11,0.0
KCNC4,0.0
KBTBD11,0.0
ZBTB37,0.0
PSMB2,0.0
PSMA5,0.0
NQO2,0.0
CUX1,0.0
UQCRH,0.0
H2BU1,0.0
KATNAL1,0.0
WDR54,0.0
ADGRV1,0.0
TMEM268,0.0
SYTL3,0.0
GK5,0.0
RSF1,0.0
ZNF506,0.0
RSRC1,0.0
ING4,0.0
DHTKD1,0.0
PGD,0.0
ZNF674,0.0
VPS50,0.0
NPTXR,0.0
TDRD7,0.0
ETHE1,0.0
CAPN7,0.0
SLC25A29,0.0
ARHGAP22,0.0
FBXO42,0.0
HYAL3,0.0
SIN3A,0.0
FBXW5,0.0
ZNF33A,0.0
HECA,0.0
SEC22C,0.0
AARD,0.0
ST14,0.0
HSPA2,0.0
ORAI3,0.0
ZNF276,0.0
GORAB,0.0
ZFP62,0.0
MRPL39,0.0
PARVA,0.0
CALML4,0.0
CIPC,0.0
MOB1A,0.0
UBA6,0.0
HELZ,0.0
ZBTB5,0.0
TMEM131,0.0
TMEM248,0.0
SPHK1,0.0
ZBTB34,0.0
SEC22A,0.0
CDC42EP4,0.0
CD2AP,0.0
CABLES1,0.0
ADCK5,0.0
C14orf93,0.0
ZNF644,0.0
TUBB2B,0.0
ECT2,0.0
HIVEP2,0.0
REV3L,0.0
ELK3,0.0
ARHGEF1,0.0
DCXR,0.0
TMEM18,0.0
RANBP6,0.0
ATAD2B,0.0
MYB,0.0
STPG1,0.0
BTBD9,0.0
LRRC49,0.0
UBE3A,0.0
SNRNP27,0.0
KDELR3,0.0
BHLHB9,0.0
GLIPR1,0.0
TMED1,0.0
POLR2F,0.0
DUS3L,0.0
PEX14,0.0
FEM1C,0.0
CAMK2G,0.0
INPP5J,0.0
ATXN1L,0.0
PPP4R3A,0.0
INTS12,0.0
NIPA1,0.0
ATE1,0.0
ELMOD2,0.0
PLOD2,0.0
GLO1,0.0
PNPLA6,0.0
FMR1,0.0
ZNF311,0.0
ZNHIT3,0.0
ORAI2,0.0
AJM1,0.0
USP45,0.0
AFF3,0.0
PUS3,0.0
MXD3,0.0
IRF2BPL,0.0
TMUB1,0.0
LMLN,0.0
EIF2B5,0.0
JMJD7,0.0
NRCAM,0.0
EHD2,0.0
TAX1BP3,0.0
UBXN4,0.0
DNAJA2,0.0
MARCHF6,0.0
SLC25A3,0.0
CEP162,0.0
C12orf43,0.0
ZNF512,0.0
YIF1B,0.0
USP49,0.0
ASAP2,0.0
TDRKH,0.0
RAB35,0.0
PTPRM,0.0
LRRC37B,0.0
KCMF1,0.0
SLC2A13,0.0
PIK3IP1,0.0
NUP214,0.0
SSPN,0.0
RCL1,0.0
RNF168,0.0
CHCHD5,0.0
ENOX2,0.0
LHFPL2,0.0
SLC35D2,0.0
ST6GALNAC6,0.0
ZNF716,0.0
ZNF432,0.0
CDC40,0.0
RAET1L,0.0
DDX28,0.0
STRBP,0.0
ESS2,0.0
GBA2,0.0
DENND1A,0.0
MEAK7,0.0
TMEM254,0.0
POLR2H,0.0
RNFT1,0.0
DIDO1,0.0
RPAIN,0.0
PPM1B,0.0
MYADM,0.0
CHTF8,0.0
TTC5,0.0
FAAP20,0.0
CORO1B,0.0
ADAMTS6,0.0
ABHD16A,0.0
RABL6,0.0
SELENOO,0.0
RABEP1,0.0
AMY2A,0.0
CLIC6,0.0
CNTF,0.0
DYM,0.0
SAMD9,0.0
KLHL28,0.0
QPCTL,0.0
FIGNL1,0.0
UQCC1,0.0
LTB4R2,0.0
RB1CC1,0.0
EARS2,0.0
BRD7,0.0
ABLIM2,0.0
TIMP4,0.0
ELP5,0.0
TIMP1,0.0
RAB36,0.0
PITPNM1,0.0
UTP23,0.0
ANAPC16,0.0
COL27A1,0.0
SBSN,0.0
STING1,0.0
NCOA2,0.0
DPP9,0.0
ARL6IP1,0.0
ARIH2OS,0.0
RPLP1,0.0
NDUFC1,0.0
SBNO2,0.0
SGMS1,0.0
CYTH4,0.0
SLC25A24,0.0
UQCR10,0.0
POMT2,0.0
PCYT1A,0.0
FAM214A,0.0
SF1,0.0
COMMD9,0.0
N4BP2,0.0
PCGF6,0.0
CSKMT,0.0
ROR1,0.0
RHNO1,0.0
PEX13,0.0
LRP8,0.0
LTBR,0.0
LY6E,0.0
HAUS4,0.0
RNF128,0.0
CHPF,0.0
NAB1,0.0
NAP1L4,0.0
MAML3,0.0
COG1,0.0
RCC2,0.0
TRIM23,0.0
PIP4P2,0.0
PURB,0.0
ACHE,0.0
GNA12,0.0
YAE1,0.0
ZNF224,0.0
SLC12A9,0.0
GJA3,0.0
HLX,0.0
AIFM2,0.0
RPUSD4,0.0
CEP350,0.0
CEP170,0.0
HSPA5,0.0
LHX9,0.0
PLPP4,0.0
RCAN1,0.0
CEP170B,0.0
FAM120B,0.0
RGS17,0.0
FSCN2,0.0
ZNF774,0.0
ZNF740,0.0
PITPNC1,0.0
LSM14A,0.0
ADAT2,0.0
MTERF4,0.0
BORCS5,0.0
FSTL3,0.0
TRIM6,0.0
TSR2,0.0
TOP2B,0.0
TUBB2A,0.0
ASIC3,0.0
TNFRSF1B,0.0
STK17A,0.0
DMXL1,0.0
ROBO3,0.0
HERPUD2,0.0
MLST8,0.0
WHRN,0.0
SLC26A4,0.0
BOP1,0.0
PLEC,0.0
PIM2,0.0
USP20,0.0
RAD54L,0.0
N4BP2L2,0.0
SLC35B3,0.0
STARD7,0.0
RPS6KA3,0.0
C1GALT1,0.0
SLC7A11,0.0
AKAP11,0.0
SMPX,0.0
MBD5,0.0
CIAO2A,0.0
LSM10,0.0
IVNS1ABP,0.0
PRICKLE4,0.0
CPNE2,0.0
KDSR,0.0
NDUFA4,0.0
AC011043.1,0.0
PXMP4,0.0
NT5DC1,0.0
DNAJC21,0.0
LIN54,0.0
ZDBF2,0.0
TMEM219,0.0
FUBP3,0.0
SVBP,0.0
ATRX,0.0
SIAH1,0.0
PM20D2,0.0
TTC7B,0.0
ZNF649,0.0
RNF187,0.0
TMEM168,0.0
SLC2A1,0.0
ASB13,0.0
KPTN,0.0
CAPN11,0.0
DCAF4L1,0.0
ISOC2,0.0
GTF2F2,0.0
TMEM115,0.0
NECTIN3,0.0
TBC1D1,0.0
ALCAM,0.0
NUCB1,0.0
PPT1,0.0
TCEANC2,0.0
C1orf174,0.0
ESAM,0.0
MSI2,0.0
LPP,0.0
LRRC20,0.0
HFE,0.0
LMO2,0.0
LNPEP,0.0
PHF14,0.0
ANXA5,0.0
ZC2HC1A,0.0
STARD13,0.0
UBAP1,0.0
EIF3D,0.0
EIF3A,0.0
EIF3J,0.0
ZNF613,0.0
RCSD1,0.0
ZNF544,0.0
EBI3,0.0
FAM49B,0.0
TEX29,0.0
NTPCR,0.0
ZNF641,0.0
FCHO2,0.0
LRR1,0.0
ZNF653,0.0
DENND4A,0.0
EPB41L4A,0.0
CENPK,0.0
MAGEF1,0.0
TKFC,0.0
SYNM,0.0
SESN3,0.0
ARL16,0.0
MGAT2,0.0
MFNG,0.0
TRMT44,0.0
PSMD5,0.0
LIG3,0.0
SCFD2,0.0
BNIP1,0.0
MCU,0.0
DCAF15,0.0
USP47,0.0
AKAP1,0.0
TIMM29,0.0
CHKA,0.0
CHD2,0.0
CHD1,0.0
CCDC80,0.0
CXCL8,0.0
DPP8,0.0
FMC1-LUC7L2,0.0
ZNF20,0.0
SMC6,0.0
COTL1,0.0
ZNF273,0.0
SLC26A6,0.0
ELL2,0.0
ZFPM2,0.0
GLUD2,0.0
KIF3A,0.0
ATP6AP1,0.0
PPP1R12A,0.0
E2F5,0.0
OTUB1,0.0
ADAM22,0.0
GIN1,0.0
ARSB,0.0
MAGED4,0.0
ABHD10,0.0
PPP2CB,0.0
ESD,0.0
ETV6,0.0
EPS15,0.0
ARL4A,0.0
SERINC5,0.0
EVPL,0.0
GPR162,0.0
HTR7,0.0
BRCA2,0.0
RUSC2,0.0
SYT15,0.0
ZBTB20,0.0
ZNF446,0.0
HIF1AN,0.0
TFRC,0.0
PLAGL1,0.0
LAMTOR1,0.0
DDX1,0.0
NAAA,0.0
TBC1D3B,0.0
FAM241A,0.0
GALNT18,0.0
NHLRC2,0.0
RFX2,0.0
CUL4A,0.0
ALKBH3,0.0
MIEN1,0.0
PAIP2B,0.0
CCZ1B,0.0
SELENON,0.0
SPG11,0.0
CHD9,0.0
ADGRG6,0.0
CDKL3,0.0
ABHD17B,0.0
CDK12,0.0
KBTBD4,0.0
RGPD8,0.0
ARHGEF40,0.0
CKAP2,0.0
PCOLCE2,0.0
ZNF92,0.0
RPRD2,0.0
ASH1L,0.0
TNNT1,0.0
PFDN6,0.0
BOC,0.0
PCDHGC3,0.0
TIGD7,0.0
TMEM184B,0.0
SPIN2B,0.0
GOLGA8M,0.0
PAQR7,0.0
SLC4A1AP,0.0
KDM8,0.0
RIC8B,0.0
PRKG1,0.0
LAMA5,0.0
ZBED4,0.0
MTRNR2L9,0.0
TBC1D4,0.0
ZNF324,0.0
MTURN,0.0
LTK,0.0
PDPK1,0.0
FBXL6,0.0
PRKAB1,0.0
FBXO10,0.0
FBXW2,0.0
ATRN,0.0
BANP,0.0
MVB12B,0.0
OAZ2,0.0
ZFPL1,0.0
FAHD1,0.0
DLG5,0.0
SLC12A2,0.0
SRD5A1,0.0
CDC42EP3,0.0
P3H1,0.0
OBSL1,0.0
HOXC9,0.0
CD33,0.0
RALBP1,0.0
NT5DC3,0.0
TJAP1,0.0
DVL1,0.0
DTNA,0.0
ASTN2,0.0
GOLGA6L9,0.0
LEF1,0.0
MATN2,0.0
LRRC14,0.0
TRIM59,0.0
ANKRD37,0.0
RASSF8,0.0
ELMOD1,0.0
RNF139,0.0
MED8,0.0
PEX26,0.0
MRPL10,0.0
COPS4,0.0
NSD1,0.0
INPPL1,0.0
ZFP36L1,0.0
SUGCT,0.0
CCDC82,0.0
FAM76B,0.0
ZNF16,0.0
PSME4,0.0
POLR2C,0.0
SLC46A3,0.0
FAF2,0.0
ZNF296,0.0
ZNF33B,0.0
METTL21A,0.0
ZFP3,0.0
ARNT,0.0
ZNF320,0.0
DCDC2,0.0
LPIN2,0.0
TTLL4,0.0
MDC1,0.0
CCT4,0.0
DZIP3,0.0
SAFB2,0.0
B4GALT3,0.0
AIMP2,0.0
MAP3K12,0.0
SEM1,0.0
ARHGEF19,0.0
SEMA4G,0.0
GTF2H3,0.0
THAP8,0.0
DDI2,0.0
UBE2E2,0.0
CHCHD6,0.0
RTL8A,0.0
EIF6,0.0
PSMB1,0.0
PSMB4,0.0
ANKRD46,0.0
SLCO1B1,0.0
ADCY6,0.0
POLDIP3,0.0
WDR45B,0.0
CCDC97,0.0
TSSK3,0.0
SLC7A6,0.0
MMAB,0.0
H2AC1,0.0
SELENOH,0.0
CYP20A1,0.0
SLC66A1,0.0
LYSMD2,0.0
GNPDA2,0.0
SLC38A1,0.0
DLGAP4,0.0
ZNF675,0.0
MLH3,0.0
PRMT1,0.0
MRPL46,0.0
TINAGL1,0.0
LIN7B,0.0
TRIM8,0.0
PPA1,0.0
FIP1L1,0.0
URM1,0.0
SNX27,0.0
ACTA2,0.0
TRIM37,0.0
DOCK7,0.0
ZCCHC8,0.0
TMED3,0.0
HARS2,0.0
GALNT3,0.0
GOLGB1,0.0
METTL2B,0.0
SOS2,0.0
ABCD1,0.0
ALAD,0.0
CEP120,0.0
LSS,0.0
MED27,0.0
MED17,0.0
PPP1R26,0.0
FADS2,0.0
C16orf87,0.0
RECQL4,0.0
ANXA2R,0.0
KDM6A,0.0
KIAA0232,0.0
MRPS11,0.0
LRRK2,0.0
USP46,0.0
DCLRE1B,0.0
CARS1,0.0
TRAPPC9,0.0
SARS1,0.0
CEP290,0.0
PMPCA,0.0
SIX5,0.0
SWSAP1,0.0
MORC4,0.0
TFPT,0.0
TTC26,0.0
HTRA2,0.0
HINFP,0.0
PLPBP,0.0
PDE10A,0.0
SUMO3,0.0
ZNF445,0.0
ETV7,0.0
LEMD2,0.0
SPDYE1,0.0
LGALS3,0.0
LGALS1,0.0
GSDMD,0.0
LDHB,0.0
LIF,0.0
NDNF,0.0
SH3TC2,0.0
SNRNP25,0.0
RNASEH2B,0.0
ARMT1,0.0
SSBP1,0.0
OCEL1,0.0
MSANTD4,0.0
USP48,0.0
NEMP1,0.0
TBXAS1,0.0
ZNF528,0.0
NSMF,0.0
LZTS2,0.0
ZNF814,0.0
ZBTB42,0.0
LMCD1,0.0
ITGB3,0.0
CFL2,0.0
ZNF69,0.0
ZNF70,0.0
TBCCD1,0.0
DNAAF2,0.0
PRMT6,0.0
IQCC,0.0
MSL2,0.0
SHQ1,0.0
TFIP11,0.0
ZNF384,0.0
GRK5,0.0
PTPN18,0.0
GPR37,0.0
HSPB8,0.0
TERF2,0.0
ZDHHC18,0.0
MED10,0.0
JMJD8,0.0
TRIM24,0.0
CBWD5,0.0
VPS52,0.0
TBC1D12,0.0
ERMAP,0.0
VPS8,0.0
SERTAD2,0.0
SERTAD3,0.0
SPATA2,0.0
DUSP18,0.0
MEI1,0.0
EPS15L1,0.0
SPATA20,0.0
CSRNP3,0.0
FAM124A,0.0
FBXO9,0.0
HDDC2,0.0
RAB38,0.0
BSDC1,0.0
SCML1,0.0
PSMA6,0.0
PDE1C,0.0
CCNT1,0.0
ATAT1,0.0
SPATA25,0.0
WDR44,0.0
LSM8,0.0
AMOTL2,0.0
DSE,0.0
MICAL2,0.0
LAMA4,0.0
LRRC34,0.0
LRRC8D,0.0
RCC1L,0.0
MR1,0.0
PARN,0.0
HSBP1,0.0
U2AF2,0.0
GABARAP,0.0
C19orf12,0.0
CYP2J2,0.0
STIL,0.0
HAGHL,0.0
ZNF735,0.0
EI24,0.0
FUT11,0.0
GPRC5A,0.0
AIP,0.0
RPL14,0.0
TAF1A,0.0
CLTRN,0.0
RHOJ,0.0
HHIPL2,0.0
CARF,0.0
ALG9,0.0
DGAT2,0.0
MIER2,0.0
PARP14,0.0
FBLIM1,0.0
DIP2B,0.0
AIG1,0.0
CEP78,0.0
CCDC32,0.0
DENND3,0.0
ZNF142,0.0
MAPK7,0.0
RIPOR1,0.0
ZSCAN21,0.0
FAM135A,0.0
MYBBP1A,0.0
ZNF548,0.0
ZNF555,0.0
DPY19L3,0.0
CENPL,0.0
IFNGR2,0.0
MSLN,0.0
IDH3A,0.0
DCAF7,0.0
AP3S2,0.0
SLC36A4,0.0
URI1,0.0
SNX4,0.0
INTS1,0.0
GSDME,0.0
PRICKLE1,0.0
PFKM,0.0
KMT5C,0.0
SSR2,0.0
AP3M1,0.0
AC106795.1,0.0
METTL26,0.0
DNAJC14,0.0
HVCN1,0.0
LZIC,0.0
RREB1,0.0
C16orf72,0.0
DHX34,0.0
ERC2,0.0
THSD1,0.0
LINC00452,0.0
ZNF254,0.0
NFATC1,0.0
MST1R,0.0
MAP3K10,0.0
MSX2,0.0
PGAP2,0.0
MPHOSPH10,0.0
MPHOSPH6,0.0
DHRS2,0.0
CORO2A,0.0
IFT46,0.0
PGBD2,0.0
C1GALT1C1L,0.0
TRIM4,0.0
FASTK,0.0
TMEM269,0.0
FAM107B,0.0
CXADR,0.0
TCOF1,0.0
EMC7,0.0
MRPS14,0.0
SPINT2,0.0
CLDN1,0.0
RECQL5,0.0
NANOS3,0.0
INKA2,0.0
MAP10,0.0
GTPBP2,0.0
NUDT4,0.0
CRLS1,0.0
CDC42SE2,0.0
NIBAN2,0.0
C1QTNF6,0.0
KCTD9,0.0
TRPM4,0.0
TENT5A,0.0
FGD1,0.0
ERO1B,0.0
HBEGF,0.0
FGF5,0.0
DUSP7,0.0
CLDND1,0.0
GDI1,0.0
CCDC136,0.0
PLEKHB2,0.0
SMPD1,0.0
UNC93B1,0.0
TSC2,0.0
RNF5,0.0
FBXO34,0.0
LDB1,0.0
C17orf80,0.0
PRR22,0.0
ARHGEF7,0.0
SYNJ2,0.0
NPHP3,0.0
TRIM55,0.0
FAM89A,0.0
UCHL5,0.0
TOR1AIP2,0.0
C6orf136,0.0
ABHD14A,0.0
PHLDB1,0.0
ATP13A1,0.0
PLXNA2,0.0
IER5,0.0
DNAJC27,0.0
SDF4,0.0
ZFC3H1,0.0
SLC35E1,0.0
STMN3,0.0
TMEM161B,0.0
TM9SF1,0.0
UPRT,0.0
C18orf25,0.0
ZBTB7A,0.0
HOXD10,0.0
S100A16,0.0
SEMA3A,0.0
NDUFA7,0.0
DIP2C,0.0
HOXB3,0.0
SPOUT1,0.0
FNDC10,0.0
RMC1,0.0
HCFC2,0.0
ACOXL,0.0
METTL16,0.0
RCOR3,0.0
NFKBIL1,0.0
LY6K,0.0
AK4,0.0
THOP1,0.0
PTPRS,0.0
VCPKMT,0.0
ADIPOR2,0.0
MYO5A,0.0
ZNF707,0.0
FAM118A,0.0
PEX5,0.0
MCC,0.0
OVCA2,0.0
UQCC3,0.0
NSMCE1,0.0
TRIM68,0.0
FBXO22,0.0
FAM110B,0.0
RANBP9,0.0
PEX3,0.0
RARA,0.0
EMC3,0.0
ANKRD61,0.0
TRAF1,0.0
CAND1,0.0
SFR1,0.0
CHST14,0.0
COPRS,0.0
FUNDC1,0.0
ORC5,0.0
TGDS,0.0
MGST2,0.0
RXRB,0.0
DGCR6,0.0
BRD2,0.0
RRAS,0.0
RESF1,0.0
AGER,0.0
PCDHB9,0.0
CD63,0.0
CLU,0.0
CAVIN3,0.0
PREPL,0.0
DNAJB5,0.0
DERL2,0.0
EXOSC1,0.0
SLC38A7,0.0
DDX54,0.0
LYRM4,0.0
FHL1,0.0
PLEKHG4,0.0
SYCP2L,0.0
HHAT,0.0
DERL1,0.0
B3GNTL1,0.0
TRPT1,0.0
SNX9,0.0
ZNF107,0.0
DDX41,0.0
SEPSECS,0.0
RO60,0.0
ZNF696,0.0
CYB561A3,0.0
JKAMP,0.0
RPS19BP1,0.0
PATL1,0.0
TBCEL,0.0
FAM43A,0.0
HINT2,0.0
P3H2,0.0
ZCCHC7,0.0
CRY1,0.0
IGBP1,0.0
MED22,0.0
TIMM23B,0.0
TMEM260,0.0
RPP25,0.0
FLVCR2,0.0
BTBD2,0.0
MAP3K14,0.0
SOCS3,0.0
TRAK1,0.0
RNF8,0.0
HIP1R,0.0
PTPRE,0.0
JPH1,0.0
CBX8,0.0
EXOC7,0.0
DOCK5,0.0
ZNF552,0.0
WWC2,0.0
CLMP,0.0
BBS7,0.0
PCSK4,0.0
MKNK2,0.0
OPLAH,0.0
POLR3A,0.0
MUS81,0.0
RAB32,0.0
PIK3R1,0.0
ZNF354C,0.0
TESMIN,0.0
SPPL3,0.0
JTB,0.0
YWHAB,0.0
ZFP37,0.0
MOV10,0.0
RPS6KA2,0.0
DNAJC25,0.0
FAM219B,0.0
DYNLT1,0.0
BRF1,0.0
ZBTB46,0.0
MZF1,0.0
APBA1,0.0
DICER1,0.0
PIBF1,0.0
PPIH,0.0
TMCC1,0.0
RP2,0.0
HIPK2,0.0
NEK4,0.0
NSUN3,0.0
ZNF189,0.0
SH2B1,0.0
APC,0.0
PDCD2,0.0
RAP1B,0.0
DYNLRB1,0.0
TIMM21,0.0
TOPORS,0.0
DDX39A,0.0
SUSD5,0.0
OSBPL3,0.0
CLEC16A,0.0
CLUH,0.0
SLC35E3,0.0
SETBP1,0.0
SLC16A13,0.0
MVD,0.0
HASPIN,0.0
NARF,0.0
D2HGDH,0.0
ANAPC10,0.0
CPS1,0.0
CDKN1C,0.0
TRIM5,0.0
C19orf33,0.0
ACIN1,0.0
ZBTB24,0.0
ARL10,0.0
ISYNA1,0.0
RASGRP3,0.0
TM7SF2,0.0
CD151,0.0
TNFSF15,0.0
POLD2,0.0
GFPT2,0.0
PBLD,0.0
PARP8,0.0
DCUN1D3,0.0
TWISTNB,0.0
STK19,0.0
TRABD2A,0.0
SEPHS2,0.0
RHOQ,0.0
TCEA1,0.0
MPHOSPH9,0.0
ARV1,0.0
FRMD6,0.0
SPDYA,0.0
VPS39,0.0
ZBTB25,0.0
TPRG1L,0.0
RNF170,0.0
ADAMTS12,0.0
NUAK2,0.0
RNF113A,0.0
EIF2AK1,0.0
MYO6,0.0
ABCC1,0.0
MECOM,0.0
ZNF398,0.0
SNX33,0.0
PLIN3,0.0
MIGA2,0.0
ALDH1B1,0.0
ALDH1A3,0.0
TARS2,0.0
NUP155,0.0
BFAR,0.0
COA4,0.0
EML6,0.0
DRC1,0.0
RNF14,0.0
NXPE3,0.0
FBXL13,0.0
PPP1R35,0.0
MIR1915HG,0.0
GOLGA7B,0.0
ARL2-SNX15,0.0
EEF2K,0.0
IL31RA,0.0
PTPN22,0.0
TULP3,0.0
AP4B1,0.0
SLC12A7,0.0
TLCD1,0.0
POLR2G,0.0
PIGH,0.0
KLHL11,0.0
FAN1,0.0
EXTL2,0.0
SIKE1,0.0
TCP11L1,0.0
ZDHHC7,0.0
TYW5,0.0
SNAPC3,0.0
KDM4A,0.0
SH2B3,0.0
FRAT1,0.0
ZFYVE1,0.0
USP25,0.0
PRSS12,0.0
MAP4K3,0.0
ITFG2,0.0
USE1,0.0
GPR180,0.0
UBXN6,0.0
EDC4,0.0
ZFP30,0.0
TMEM170B,0.0
PATZ1,0.0
FAM193B,0.0
HEBP2,0.0
CORO1C,0.0
RPS14,0.0
REST,0.0
OSBPL1A,0.0
DLL1,0.0
MARCKSL1,0.0
SREBF2,0.0
KIAA2026,0.0
ADIRF,0.0
MBLAC2,0.0
ASAH2B,0.0
EIF3F,0.0
FUCA2,0.0
ARHGAP42,0.0
BMT2,0.0
SNRNP48,0.0
IQCE,0.0
C11orf44,0.0
EIF3B,0.0
ATXN7L3,0.0
MORN4,0.0
RDH11,0.0
LACTB2,0.0
RBMX2,0.0
VWA8,0.0
TLN2,0.0
HECW1,0.0
CMTR1,0.0
ERP44,0.0
UHRF1BP1L,0.0
SWAP70,0.0
EPHA4,0.0
UCN2,0.0
PIGS,0.0
EIF4E3,0.0
BTBD3,0.0
PODXL,0.0
SLC35G1,0.0
CAVIN4,0.0
UTY,0.0
ST3GAL1,0.0
ELP3,0.0
SPOCK2,0.0
ATP5MD,0.0
MDK,0.0
IRAK2,0.0
BYSL,0.0
CISD3,0.0
C12orf10,0.0
TBC1D22B,0.0
ZNF500,0.0
MFAP3L,0.0
TSPYL4,0.0
ZNF582,0.0
MGME1,0.0
GRK4,0.0
RAB40AL,0.0
H3-5,0.0
SLC44A3,0.0
RAB30,0.0
ZNF562,0.0
AXL,0.0
PLXNA3,0.0
RAB39A,0.0
RNF149,0.0
TMEM147,0.0
ALKBH6,0.0
C4BPB,0.0
RAD17,0.0
SEPTIN2,0.0
TMEM9,0.0
FKBP7,0.0
LRRC23,0.0
DIS3L2,0.0
TPCN2,0.0
ZNF45,0.0
TMEM71,0.0
NR2F2,0.0
SOX12,0.0
KLF2,0.0
DNAH12,0.0
KDM6B,0.0
CREB3,0.0
SEC23A,0.0
EIF3M,0.0
NXF1,0.0
SEC23B,0.0
CEP126,0.0
LENG1,0.0
SERINC3,0.0
PLEKHF1,0.0
NOL12,0.0
SERINC1,0.0
ANKH,0.0
GOLM1,0.0
CCDC113,0.0
ZC3H7A,0.0
PI4K2B,0.0
SAYSD1,0.0
RNF121,0.0
FANCE,0.0
ARF6,0.0
ANKRD12,0.0
CATSPER2,0.0
NUBP1,0.0
FRMD8,0.0
ARMC10,0.0
MRPS5,0.0
PITPNB,0.0
RNF216,0.0
C1QTNF2,0.0
RAB34,0.0
TBC1D8B,0.0
TMEM54,0.0
SELENOI,0.0
FAM156A,0.0
LNX2,0.0
ZNF746,0.0
GPR3,0.0
INO80D,0.0
ZSWIM8,0.0
GNB4,0.0
ZNF551,0.0
VPS54,0.0
ANXA3,0.0
RBM45,0.0
PHKG1,0.0
TOGARAM2,0.0
RHBDD3,0.0
PHC2,0.0
TTLL1,0.0
WAC,0.0
BCHE,0.0
SLC39A3,0.0
SZT2,0.0
RMND5B,0.0
MCRIP1,0.0
SHARPIN,0.0
MED25,0.0
MRPL1,0.0
FKBP1B,0.0
DDX52,0.0
FAM189B,0.0
ING3,0.0
TMEM87B,0.0
ZNF382,0.0
PCNX2,0.0
TRIM16L,0.0
THG1L,0.0
TBX1,0.0
RSKR,0.0
IRAK3,0.0
OSBPL2,0.0
NPRL3,0.0
PCBP4,0.0
WIPI1,0.0
LEMD3,0.0
RUFY2,0.0
RAP1A,0.0
CAPZB,0.0
TNK2,0.0
RPL7L1,0.0
DAZAP2,0.0
OCLN,0.0
ANTXR2,0.0
PLEKHH1,0.0
PYCARD,0.0
PSMD8,0.0
SLC35F6,0.0
PICALM,0.0
SRD5A3,0.0
RHBDF2,0.0
DYSF,0.0
DCBLD2,0.0
ZNF701,0.0
ACP7,0.0
IL12A,0.0
AMPD3,0.0
PLXNB2,0.0
ZRANB2,0.0
WDR46,0.0
EWSR1,0.0
FAM210B,0.0
DTD1,0.0
PRPF18,0.0
TNIP3,0.0
C10orf55,0.0
MCIDAS,0.0
CAPN15,0.0
SMO,0.0
PCNX3,0.0
CHD6,0.0
TMEM164,0.0
FAR1,0.0
MOB2,0.0
APH1A,0.0
NEIL2,0.0
ZNF846,0.0
GAK,0.0
NKIRAS2,0.0
ZNF615,0.0
CEBPG,0.0
MAP3K3,0.0
CYTH2,0.0
METTL22,0.0
RASEF,0.0
B3GNT5,0.0
TSEN34,0.0
CCDC8,0.0
BRPF3,0.0
COQ2,0.0
WWC3,0.0
INTU,0.0
TMEM106A,0.0
CCDC3,0.0
FPGT,0.0
IFT52,0.0
SH3GLB1,0.0
ZC3H13,0.0
TTLL5,0.0
SIPA1L3,0.0
KIF1B,0.0
SARM1,0.0
RIOK2,0.0
ADAMTS15,0.0
NEGR1,0.0
ADNP,0.0
TTC21A,0.0
SP6,0.0
SMDT1,0.0
ZNF354B,0.0
ZNF141,0.0
MELTF,0.0
INO80C,0.0
GMDS,0.0
ZNF407,0.0
SENP2,0.0
IL15,0.0
ALKBH5,0.0
GPX1,0.0
C17orf97,0.0
ELK1,0.0
ATG4B,0.0
ZNF302,0.0
FAM174B,0.0
PJA1,0.0
COPS7B,0.0
TTC14,0.0
EIF4E2,0.0
PVR,0.0
SPATA5,0.0
NNMT,0.0
MAPKBP1,0.0
VCPIP1,0.0
BBOF1,0.0
RBM7,0.0
GGA3,0.0
TFB2M,0.0
SH3TC1,0.0
DNAJC22,0.0
CIB2,0.0
CIB1,0.0
GIT1,0.0
LNP1,0.0
RORA,0.0
FAM221A,0.0
HRH1,0.0
PGLS,0.0
MOCS2,0.0
TAF1B,0.0
PPP2R2A,0.0
PPP2R3A,0.0
PHPT1,0.0
NADK2,0.0
ZNF852,0.0
ZNF768,0.0
NSUN7,0.0
PALB2,0.0
ABCC4,0.0
RTCA,0.0
AKR1E2,0.0
CGNL1,0.0
ERCC1,0.0
CLHC1,0.0
TAGLN2,0.0
TMEM237,0.0
TRAPPC1,0.0
PITRM1,0.0
TOR4A,0.0
FZD5,0.0
TUT4,0.0
SLC29A3,0.0
ATN1,0.0
SIN3B,0.0
DMXL2,0.0
FBXO48,0.0
AKT1S1,0.0
SORBS2,0.0
CHM,0.0
ZNF416,0.0
TBC1D13,0.0
NR1D1,0.0
HSD17B13,0.0
TRAPPC10,0.0
EPAS1,0.0
ACAP2,0.0
DRG2,0.0
SLC4A11,0.0
DPAGT1,0.0
DOK1,0.0
DOCK1,0.0
PDCD6,0.0
DLST,0.0
PEMT,0.0
SH3D19,0.0
GNMT,0.0
KBTBD2,0.0
TRMT5,0.0
TMOD2,0.0
PARP6,0.0
RNPEP,0.0
ZNF608,0.0
INTS2,0.0
PDE4D,0.0
ARF3,0.0
ASB7,0.0
PSMA1,0.0
SKI,0.0
KRCC1,0.0
TTLL12,0.0
C6orf226,0.0
METAP1,0.0
TESK2,0.0
POMT1,0.0
ERG28,0.0
SLC25A20,0.0
CCDC126,0.0
ZNF721,0.0
DPH7,0.0
GABPB2,0.0
NRDC,0.0
CYB5D2,0.0
PRKAR1B,0.0
SPATA5L1,0.0
ZFHX3,0.0
ZNF655,0.0
ATM,0.0
KRBOX1,0.0
UBN2,0.0
ACBD5,0.0
KCTD20,0.0
PRR14L,0.0
MTERF2,0.0
BCKDHB,0.0
ITPKC,0.0
MICAL2,0.0
PRNP,0.0
FAM114A1,0.0
WIPF1,0.0
ZNF764,0.0
VLDLR,0.0
ZNF430,0.0
CLIP2,0.0
ZNF347,0.0
PORCN,0.0
PHF21A,0.0
CYBC1,0.0
CHCHD7,0.0
UTP20,0.0
UBE2S,0.0
TGFA,0.0
MLF2,0.0
ZNRF2,0.0
ALS2CL,0.0
RGCC,0.0
SPTBN1,0.0
AGPS,0.0
JUP,0.0
DNPH1,0.0
CAMK1,0.0
CBX4,0.0
CHN2,0.0
IRGQ,0.0
RRN3,0.0
SLC22A15,0.0
PHTF2,0.0
STYK1,0.0
UTP6,0.0
BDP1,0.0
MED18,0.0
PTPRA,0.0
PTPN4,0.0
MATN3,0.0
MFSD8,0.0
NKTR,0.0
ASCC2,0.0
ADD3,0.0
C19orf44,0.0
EDRF1,0.0
OPA1,0.0
CDH4,0.0
INAFM2,0.0
PGBD4,0.0
SPRED1,0.0
ECHDC2,0.0
GBP3,0.0
IMP3,0.0
TRUB2,0.0
NTHL1,0.0
ZNF160,0.0
JUND,0.0
FAM171B,0.0
ACSL3,0.0
MAST3,0.0
KDM4B,0.0
MORF4L2,0.0
ZNF646,0.0
C3orf38,0.0
RABL3,0.0
COX18,0.0
FAM126B,0.0
C8orf88,0.0
SREK1IP1,0.0
BOD1L1,0.0
EXOSC6,0.0
SGPL1,0.0
NDUFAF3,0.0
WRNIP1,0.0
CX3CL1,0.0
PIGP,0.0
CCN2,0.0
ANKMY1,0.0
SYNC,0.0
PTDSS2,0.0
WDR13,0.0
NMRK1,0.0
C2orf42,0.0
NSMAF,0.0
CST3,0.0
PUDP,0.0
TAOK3,0.0
TLR6,0.0
CTH,0.0
NSMCE2,0.0
CNN2,0.0
NLRP11,0.0
SLC6A9,0.0
FXR1,0.0
ZNF618,0.0
NAGA,0.0
MOSMO,0.0
SYNGR1,0.0
DYNC1LI2,0.0
LASP1,0.0
SCG2,0.0
ATP8B2,0.0
SPIRE1,0.0
SLC66A2,0.0
TOE1,0.0
UXS1,0.0
FRAS1,0.0
HKDC1,0.0
PIAS2,0.0
BBS5,0.0
ANKRD36,0.0
SPRYD7,0.0
ARL1,0.0
GTSE1,0.0
DYNC2H1,0.0
FBXO46,0.0
FOXN3,0.0
ZBTB10,0.0
AACS,0.0
GSTM3,0.0
THAP6,0.0
SETD5,0.0
STAC,0.0
LONP2,0.0
PRKRIP1,0.0
NOL9,0.0
COLGALT1,0.0
IPO4,0.0
LUC7L,0.0
ZC4H2,0.0
TFAP2E,0.0
C14orf178,0.0
SLC35C1,0.0
CMTR2,0.0
MTG2,0.0
C3orf18,0.0
ADAM28,0.0
RNLS,0.0
LIN7C,0.0
CYLD,0.0
MGRN1,0.0
RSBN1,0.0
SLC35G2,0.0
FGFR1OP,0.0
ZNF250,0.0
BCL3,0.0
ATP5F1C,0.0
ATP5MC1,0.0
SPECC1,0.0
NEDD1,0.0
TIPRL,0.0
ASH2L,0.0
MCTS1,0.0
RBM33,0.0
ZNF518B,0.0
CCDC88A,0.0
IL6ST,0.0
CHTF18,0.0
TBC1D2,0.0
FAM20C,0.0
SLC19A2,0.0
BTN2A2,0.0
NPM3,0.0
HTATIP2,0.0
PDE7B,0.0
CLN8,0.0
ZNF687,0.0
HOMEZ,0.0
HERC4,0.0
ACTR8,0.0
XAGE1B,0.0
PAPOLG,0.0
RANBP17,0.0
ZNF223,0.0
LTV1,0.0
SERAC1,0.0
PAXBP1,0.0
TNFRSF12A,0.0
SLC9A8,0.0
SRPX,0.0
CPPED1,0.0
ZNF681,0.0
ZXDA,0.0
AGAP4,0.0
SETD7,0.0
ACAP3,0.0
DUSP16,0.0
KDM7A,0.0
SH3BP5L,0.0
CDS2,0.0
ADAM9,0.0
UNC13D,0.0
VAV2,0.0
CSTB,0.0
LYZL4,0.0
CYP1B1,0.0
ANKS3,0.0
CLGN,0.0
ZNF584,0.0
PLBD2,0.0
PLCB4,0.0
ZFP14,0.0
MEX3D,0.0
ZBTB8B,0.0
STK4,0.0
TAF10,0.0
C21orf91,0.0
FAM32A,0.0
MTCP1,0.0
DENND2B,0.0
KLF15,0.0
HYI,0.0
SOD3,0.0
HEXIM1,0.0
CDCA7L,0.0
QTRT2,0.0
LRRC42,0.0
AP4E1,0.0
LRRIQ1,0.0
CCL26,0.0
BEND7,0.0
CDHR3,0.0
SEMA3D,0.0
IQCG,0.0
LAT,0.0
MAP7D1,0.0
NOP9,0.0
NPEPPS,0.0
RNF215,0.0
AGAP6,0.0
ZNF805,0.0
ZNF749,0.0
GOLGA8B,0.0
ARHGDIA,0.0
UPF3A,0.0
TST,0.0
LCOR,0.0
NAT9,0.0
TTC32,0.0
SLC39A1,0.0
HECTD1,0.0
SAMM50,0.0
MBLAC1,0.0
YIPF3,0.0
NFX1,0.0
NGF,0.0
NGFR,0.0
UTP25,0.0
ACAD8,0.0
SMARCA2,0.0
TAPBPL,0.0
NMNAT2,0.0
KCTD3,0.0
FRYL,0.0
TMEM45A,0.0
FNBP1,0.0
HNRNPU,0.0
ANKRD6,0.0
HUS1,0.0
ANKRD13C,0.0
PDRG1,0.0
CFD,0.0
BAZ1B,0.0
PGM2,0.0
GFOD2,0.0
PDK3,0.0
SERPINB6,0.0
TOMM6,0.0
ATP6V1FNB,0.0
ATG14,0.0
CNKSR2,0.0
SFXN4,0.0
SP110,0.0
HPF1,0.0
TASP1,0.0
SNRK,0.0
TFAP4,0.0
METTL23,0.0
ZNF486,0.0
TMEM116,0.0
IMMT,0.0
FAM222B,0.0
EEF1AKMT4,0.0
HSD17B3,0.0
SMIM7,0.0
PHF6,0.0
CETN2,0.0
RFT1,0.0
GALC,0.0
MAT2B,0.0
TOP3A,0.0
SERF1A,0.0
SLC41A3,0.0
PALM2,0.0
APMAP,0.0
KLHL18,0.0
COPG1,0.0
HIKESHI,0.0
CWC15,0.0
RTF2,0.0
CCZ1,0.0
RASD1,0.0
EHHADH,0.0
KIF17,0.0
RAD21L1,0.0
TRPM2,0.0
TIGD3,0.0
MID1,0.0
RARG,0.0
RBBP5,0.0
DDIT4L,0.0
FRA10AC1,0.0
SSBP3,0.0
ATXN2,0.0
CUEDC1,0.0
HSD17B4,0.0
CRISPLD2,0.0
ESPN,0.0
CCDC150,0.0
GUK1,0.0
SAP30L,0.0
ADIPOR1,0.0
ZSWIM3,0.0
DHX35,0.0
GULP1,0.0
SLC25A28,0.0
RIF1,0.0
EFNA5,0.0
ZNF507,0.0
ZNF93,0.0
ANXA11,0.0
ASB3,0.0
INPP5F,0.0
BRWD1,0.0
C15orf61,0.0
FAM228B,0.0
FKBP10,0.0
WDR20,0.0
GPX4,0.0
CLK3,0.0
OXLD1,0.0
LIMD1,0.0
HACD1,0.0
IFT140,0.0
RAPGEF2,0.0
CLSTN3,0.0
ZNF875,0.0
STK16,0.0
SH3PXD2B,0.0
MKKS,0.0
REXO2,0.0
PFN2,0.0
ZNF35,0.0
ZFP91,0.0
ACVR1,0.0
ZNF630,0.0
FAM8A1,0.0
TMEM184A,0.0
MTCH2,0.0
FUS,0.0
VPS18,0.0
FAM234B,0.0
RANBP10,0.0
ZNF343,0.0
PCDH18,0.0
SHROOM3,0.0
CRNKL1,0.0
MIER1,0.0
PER3,0.0
ZNF256,0.0
ZNF304,0.0
CKMT1A,0.0
EIF4G3,0.0
PI4KB,0.0
PAPPA,0.0
SUPT3H,0.0
IL6R,0.0
MAP2K2,0.0
PTER,0.0
RAI1,0.0
SERPINB1,0.0
RIOK3,0.0
ATP6V1B2,0.0
STRIP2,0.0
MYORG,0.0
AMIGO1,0.0
EPHX1,0.0
ADHFE1,0.0
NACC2,0.0
DOCK11,0.0
TBCK,0.0
ZNFX1,0.0
RAP2A,0.0
MYLIP,0.0
H3C4,0.0
TUFT1,0.0
SMG7,0.0
TRMT10B,0.0
FAM91A1,0.0
YOD1,0.0
ZNF333,0.0
THUMPD2,0.0
SCAI,0.0
CCDC153,0.0
DNAJC3,0.0
FBXL4,0.0
CRTC3,0.0
ERI1,0.0
TCEAL8,0.0
NMT2,0.0
CIAO1,0.0
SLC22A14,0.0
MITF,0.0
RFX1,0.0
DDAH1,0.0
STX5,0.0
DCTN2,0.0
CLIP1,0.0
DST,0.0
LFNG,0.0
C22orf46,0.0
ZNF594,0.0
NTNG2,0.0
KRBA1,0.0
C8orf33,0.0
CAPN10,0.0
PHF8,0.0
FAM102B,0.0
MGLL,0.0
ACER2,0.0
ANXA8,0.0
GPSM2,0.0
INSYN1,0.0
DEXI,0.0
SOCS5,0.0
RCBTB2,0.0
EIF2B4,0.0
FGFR1OP2,0.0
EPC2,0.0
CYP39A1,0.0
GAS2L1,0.0
SPOCD1,0.0
INVS,0.0
P2RY11,0.0
TNFAIP3,0.0
ARPC2,0.0
HHEX,0.0
SUSD1,0.0
AFDN,0.0
MRPL30,0.0
YEATS2,0.0
PHLPP2,0.0
KLF11,0.0
FRMD4A,0.0
MAMDC4,0.0
CNOT9,0.0
AC092118.1,0.0
KIAA1958,0.0
TRIM11,0.0
ZBTB6,0.0
C3orf70,0.0
ARAF,0.0
ALG5,0.0
TRIM25,0.0
ULK3,0.0
NPAT,0.0
IL1RAP,0.0
ERI3,0.0
PPM1E,0.0
PPARA,0.0
CCDC9B,0.0
ATP6V1H,0.0
CDC42SE1,0.0
DHRS4L1,0.0
ODR4,0.0
TRNAU1AP,0.0
COMMD8,0.0
CLCN5,0.0
AHNAK,0.0
SLC31A2,0.0
GTF2H4,0.0
ADGRB2,0.0
GPATCH4,0.0
ALKBH8,0.0
CPSF6,0.0
BCL9,0.0
GNL3,0.0
BMPR1A,0.0
MRPL44,0.0
NOL6,0.0
VPS33A,0.0
MGST1,0.0
ATPAF2,0.0
BTRC,0.0
ORMDL1,0.0
CXXC5,0.0
PLLP,0.0
RRNAD1,0.0
VEZT,0.0
ZC3H7B,0.0
MED29,0.0
TMED7-TICAM2,0.0
ZNF844,0.0
SYT2,0.0
OSR1,0.0
FAM92A,0.0
TPBG,0.0
SESN2,0.0
ZNF330,0.0
RAMAC,0.0
ESYT1,0.0
NLRX1,0.0
TUT7,0.0
HSPBAP1,0.0
SUPT5H,0.0
PCGF5,0.0
GSAP,0.0
NECAB3,0.0
SLC20A2,0.0
EMC10,0.0
JAZF1,0.0
NOD1,0.0
DSTN,0.0
SMIM29,0.0
ZNF282,0.0
PLCG2,0.0
TMEM94,0.0
RASSF2,0.0
PPP2R1A,0.0
CNIH3,0.0
VSNL1,0.0
BAZ1A,0.0
TIMM8A,0.0
CCNQ,0.0
TRIM52,0.0
MED12L,0.0
ABI2,0.0
TMEM104,0.0
RBM15,0.0
FNDC3B,0.0
PCED1A,0.0
C11orf1,0.0
CSAD,0.0
PIM1,0.0
PRRC2C,0.0
FBXO28,0.0
CPEB2,0.0
SH3RF1,0.0
APAF1,0.0
ZNF816,0.0
USP53,0.0
LPXN,0.0
ZNF766,0.0
CST2,0.0
DTYMK,0.0
IDH3G,0.0
HSPA9,0.0
CTBP1,0.0
TMF1,0.0
TEP1,0.0
CRYBB2,0.0
TCHH,0.0
RPGR,0.0
DCAF13,0.0
TRIO,0.0
FLVCR1,0.0
CACTIN,0.0
PRIMPOL,0.0
RBM25,0.0
SINHCAF,0.0
TOR1B,0.0
GCA,0.0
AGO1,0.0
LEO1,0.0
RNF150,0.0
ARHGEF5,0.0
CRACD,0.0
ODF2L,0.0
FTL,0.0
FUCA1,0.0
APOBEC3C,0.0
FGFR3,0.0
TNRC6C,0.0
FBRSL1,0.0
SLC35F3,0.0
NEMP2,0.0
TPRA1,0.0
SAR1A,0.0
KIF3B,0.0
ADA,0.0
ZADH2,0.0
PINLYP,0.0
TAF1C,0.0
RAB33B,0.0
UBL7,0.0
PPP2R5D,0.0
PPP2R5B,0.0
UVRAG,0.0
GDF15,0.0
HMCES,0.0
SPDYE2,0.0
DNAJC18,0.0
THAP3,0.0
HACD2,0.0
PMF1-BGLAP,0.0
FAM216A,0.0
PID1,0.0
TRIM21,0.0
ZNF720,0.0
RBM14-RBM4,0.0
RBBP7,0.0
LMNA,0.0
XPO1,0.0
RIOX1,0.0
B4GALNT3,0.0
SIDT2,0.0
RHBDD2,0.0
MINDY2,0.0
MANEA,0.0
GTF2F1,0.0
CTSC,0.0
GUCA1B,0.0
SNX24,0.0
ASF1A,0.0
LNX1,0.0
LARS2,0.0
WIPI2,0.0
COA1,0.0
AP5M1,0.0
KCNH1,0.0
NRN1,0.0
ODF2,0.0
NOTCH2,0.0
STOM,0.0
C3orf14,0.0
FAXC,0.0
CALCOCO2,0.0
AP1G2,0.0
TMEM63A,0.0
CCDC144A,0.0
AQR,0.0
EPHX2,0.0
FBXL17,0.0
KCNQ5,0.0
APEX1,0.0
GTPBP10,0.0
RIPK4,0.0
ZC3H12C,0.0
CEP295,0.0
POM121C,0.0
NUFIP1,0.0
TMEM87A,0.0
DNAJC24,0.0
KHDRBS2,0.0
TMED8,0.0
PTP4A2,0.0
ZNF800,0.0
ITPRIPL2,0.0
SHPRH,0.0
TPST1,0.0
TFG,0.0
BEND3,0.0
PANX2,0.0
ARL2,0.0
PPP1CB,0.0
CHAMP1,0.0
CMKLR1,0.0
SNX14,0.0
CACUL1,0.0
ZSCAN16,0.0
DCAF11,0.0
ANXA6,0.0
CAMTA1,0.0
ARHGAP23,0.0
MILR1,0.0
PLAAT3,0.0
HDHD5,0.0
COMMD4,0.0
MARCHF5,0.0
RHBDL2,0.0
USP16,0.0
DUSP23,0.0
KANSL2,0.0
SLC2A4RG,0.0
MED28,0.0
MYCT1,0.0
IPO11,0.0
RAPGEFL1,0.0
VRK3,0.0
GPR157,0.0
MED23,0.0
PGAP1,0.0
CYS1,0.0
TRDMT1,0.0
SKIL,0.0
CSF2RA,0.0
PDGFD,0.0
FIBP,0.0
OGT,0.0
BMP2K,0.0
JRKL,0.0
ANKRD33B,0.0
C6orf132,0.0
DPRX,0.0
CECR2,0.0
ROBO2,0.0
ATL3,0.0
NEU3,0.0
FRS3,0.0
SLC9A7,0.0
IFT27,0.0
COG3,0.0
LRRC8E,0.0
ARMCX4,0.0
SEC62,0.0
HNRNPUL2,0.0
AMOTL1,0.0
RAB37,0.0
ELMSAN1,0.0
PTPMT1,0.0
RAB28,0.0
SYAP1,0.0
HBS1L,0.0
KIAA1671,0.0
TNRC6A,0.0
FARP1,0.0
TMEM258,0.0
ARID3A,0.0
BMS1,0.0
AP2A1,0.0
RNF165,0.0
SNX29,0.0
WDR75,0.0
ZNF583,0.0
POMGNT2,0.0
FAM114A2,0.0
LANCL2,0.0
MGAT4B,0.0
PRDM5,0.0
NXT2,0.0
PEG10,0.0
HCCS,0.0
HMSD,0.0
FNIP2,0.0
RGPD6,0.0
WDFY2,0.0
XIAP,0.0
NOL7,0.0
STEAP2,0.0
FBP1,0.0
MTFR1L,0.0
SYPL2,0.0
ATPAF1,0.0
MARC1,0.0
CUZD1,0.0
FBXW4,0.0
TNS3,0.0
FAM160B2,0.0
ZMYND8,0.0
EP400,0.0
RCOR1,0.0
LARP4B,0.0
MESD,0.0
RFTN1,0.0
CCDC180,0.0
HCN3,0.0
UVSSA,0.0
DDX49,0.0
XPO5,0.0
ZSCAN22,0.0
ZNF283,0.0
ZBTB12,0.0
RBMS1,0.0
CASKIN2,0.0
TMEM51,0.0
ADAMTSL1,0.0
GET4,0.0
NR5A2,0.0
PARD3B,0.0
POLR1E,0.0
CDV3,0.0
FGD6,0.0
TACO1,0.0
BCL7A,0.0
TET1,0.0
CPEB4,0.0
CYP2S1,0.0
ZNF71,0.0
PCTP,0.0
TCP11,0.0
LRRC75B,0.0
MIEF1,0.0
MBIP,0.0
PPP1CA,0.0
KAT2A,0.0
NDUFV3,0.0
MDGA1,0.0
IL17RE,0.0
TTC39A,0.0
MAP3K15,0.0
USP33,0.0
SETD9,0.0
MTUS1,0.0
PLOD1,0.0
PITPNA,0.0
PLTP,0.0
TRIP6,0.0
ATG5,0.0
VDAC3,0.0
IL27RA,0.0
FOXK2,0.0
SESTD1,0.0
CXorf40A,0.0
MLXIPL,0.0
ZNF558,0.0
GLI3,0.0
PHLDA3,0.0
SAMD4A,0.0
SREBF1,0.0
CCT8,0.0
IREB2,0.0
BPNT1,0.0
SEPTIN9,0.0
TIMP3,0.0
SNTB2,0.0
SUFU,0.0
COBLL1,0.0
MRPL40,0.0
ZNF215,0.0
TBK1,0.0
MSH5-SAPCD1,0.0
CSPP1,0.0
CLUAP1,0.0
RBMXL1,0.0
L3MBTL3,0.0
SLC25A19,0.0
ITGB8,0.0
MRAS,0.0
ITIH4,0.0
PALLD,0.0
ZNF692,0.0
PRDM8,0.0
FAM53C,0.0
BICD2,0.0
GLIS2,0.0
CALD1,0.0
HYAL2,0.0
SLAIN1,0.0
MPP3,0.0
EMP3,0.0
MKS1,0.0
PANX1,0.0
NLRP2,0.0
DTD2,0.0
TTC28,0.0
PEX11G,0.0
MTREX,0.0
NINJ1,0.0
SLC46A1,0.0
MMD,0.0
DNAJB9,0.0
B3GALNT2,0.0
MAPK8IP2,0.0
MORC2,0.0
MON1B,0.0
AKIRIN2,0.0
CLASP2,0.0
ZC3H11B,0.0
TAB2,0.0
LYG1,0.0
ARFRP1,0.0
TMEM267,0.0
ARAP3,0.0
KLHL25,0.0
PYM1,0.0
POGLUT1,0.0
MAGEE1,0.0
FANCM,0.0
ULBP2,0.0
ARHGDIB,0.0
UQCC2,0.0
TPCN1,0.0
PRKAR2A,0.0
CRYBB3,0.0
DNAAF5,0.0
OSGEP,0.0
MLKL,0.0
NUTF2,0.0
PHF13,0.0
IFT22,0.0
CD164,0.0
HSCB,0.0
POLR3K,0.0
GOLGA8A,0.0
REV1,0.0
COX8A,0.0
MRPL4,0.0
MEMO1,0.0
IPO8,0.0
TMX2,0.0
WDR92,0.0
UIMC1,0.0
ZNF549,0.0
ZFP28,0.0
PHF1,0.0
ZBTB18,0.0
ARHGAP21,0.0
ADGRL3,0.0
SPECC1L,0.0
MARCHF8,0.0
PLK3,0.0
VPS13D,0.0
TXLNG,0.0
DTNB,0.0
PEF1,0.0
APOC1,0.0
PRDM11,0.0
DHRS11,0.0
PPP4R3B,0.0
LARP6,0.0
SLC12A6,0.0
NF1,0.0
GTF2H2C,0.0
TMEM14A,0.0
PAN3,0.0
ZNF496,0.0
CZIB,0.0
LUZP6,0.0
ACTN1,0.0
ZNF836,0.0
NTF3,0.0
ZNF511,0.0
ABTB2,0.0
H3C8,0.0
SLF2,0.0
H4C4,0.0
EFCAB14,0.0
URB2,0.0
FAM81A,0.0
F2RL1,0.0
ZSCAN29,0.0
RAB6C,0.0
JAGN1,0.0
USP31,0.0
CADM4,0.0
SPPL2B,0.0
AGBL5,0.0
GTF3A,0.0
PAQR5,0.0
MKRN1,0.0
DHRS7B,0.0
TBC1D9,0.0
TMEM186,0.0
PIEZO1,0.0
RTF1,0.0
ZC3H11A,0.0
ERICH2,0.0
UFSP1,0.0
TTC23,0.0
ZSCAN32,0.0
TRIM47,0.0
KRTAP19-1,0.0
TRMU,0.0
DCUN1D5,0.0
GBP1,0.0
DLG4,0.0
TAB3,0.0
DHODH,0.0
DKC1,0.0
SPIDR,0.0
SIX2,0.0
ZNF121,0.0
HIC2,0.0
UBE2K,0.0
TNFSF13B,0.0
ZC3H14,0.0
ERAP1,0.0
ACTL6A,0.0
ERC1,0.0
ARHGAP32,0.0
DENND5B,0.0
CTNNBL1,0.0
ZNF391,0.0
IL17RC,0.0
ZNF564,0.0
IGSF3,0.0
SMKR1,0.0
WDR34,0.0
GAB2,0.0
SEC61B,0.0
LRCH1,0.0
GNG7,0.0
HNRNPA0,0.0
ANGPTL4,0.0
SURF6,0.0
HIRA,0.0
NUDT14,0.0
TXK,0.0
TSFM,0.0
CRYBG3,0.0
NAP1L3,0.0
SERPINF2,0.0
TENT2,0.0
CRPPA,0.0
MYL6B,0.0
CLCN2,0.0
AFF4,0.0
TMEM60,0.0
GUSB,0.0
TMEM241,0.0
HK2,0.0
TAGLN,0.0
TAF4,0.0
TAF2,0.0
ADAM17,0.0
RARS2,0.0
SMAGP,0.0
RPL21,0.0
POLR3H,0.0
NOXA1,0.0
SHPK,0.0
RACGAP1,0.0
CWF19L2,0.0
ZNF132,0.0
PAWR,0.0
PBX2,0.0
CARNMT1,0.0
KRT15,0.0
CAPRIN2,0.0
TNPO1,0.0
DCTN4,0.0
AHDC1,0.0
SYNE1,0.0
DAB2IP,0.0
ENDOD1,0.0
CDC25C,0.0
FICD,0.0
ZNF37A,0.0
DGKD,0.0
BCAM,0.0
B3GALT6,0.0
ZNF460,0.0
TTC7A,0.0
ZSWIM1,0.0
FNBP4,0.0
TYW1,0.0
ASXL2,0.0
ZNF880,0.0
EPB41L3,0.0
SHANK2,0.0
ZDHHC14,0.0
ARPC1B,0.0
NCOA1,0.0
BCS1L,0.0
ZNF358,0.0
ABCB7,0.0
IPO9,0.0
LPAR1,0.0
ANKZF1,0.0
GAPVD1,0.0
COL18A1,0.0
HS1BP3,0.0
NXN,0.0
IKZF4,0.0
CEP192,0.0
ZNF501,0.0
CCNYL1,0.0
GPAM,0.0
FLYWCH1,0.0
PIGO,0.0
ADAR,0.0
ASB2,0.0
RAB4B,0.0
SAR1B,0.0
USP54,0.0
UBA5,0.0
ZNHIT6,0.0
RNF141,0.0
TSPYL5,0.0
PPM1J,0.0
TRMO,0.0
ZNF180,0.0
VTA1,0.0
TMEM69,0.0
AKAP7,0.0
TRMT6,0.0
HSD17B7,0.0
RAB1B,0.0
NOP58,0.0
PIGT,0.0
COQ10B,0.0
ITPK1,0.0
MATR3,0.0
DISP2,0.0
NHLRC1,0.0
PDK2,0.0
PRICKLE2,0.0
DDAH2,0.0
NUP42,0.0
GDAP2,0.0
NUP62CL,0.0
USP36,0.0
EFHD2,0.0
BICC1,0.0
CENPO,0.0
ODF3L1,0.0
ZNF620,0.0
SIX4,0.0
GALNT7,0.0
NUP54,0.0
DLK2,0.0
PPP4R1,0.0
AKNA,0.0
CELF2,0.0
CD226,0.0
FARS2,0.0
CTCF,0.0
SLC39A10,0.0
PLXNB1,0.0
XPNPEP3,0.0
GEM,0.0
GFER,0.0
TMEM222,0.0
TCP11L2,0.0
MRS2,0.0
FOXA3,0.0
ZNF316,0.0
EMC6,0.0
USP9X,0.0
PUS7L,0.0
RAB40C,0.0
WDR41,0.0
CLDN15,0.0
USP24,0.0
SZRD1,0.0
GPS2,0.0
SERPINB8,0.0
TSPAN9,0.0
DPCD,0.0
ZZEF1,0.0
ANKLE2,0.0
GRHPR,0.0
CDK14,0.0
BMP8A,0.0
HECTD4,0.0
AASDH,0.0
TENM1,0.0
GALNT13,0.0
WWTR1,0.0
RCHY1,0.0
DGKQ,0.0
ATP11C,0.0
DARS1,0.0
DAPK3,0.0
MANBAL,0.0
SMYD4,0.0
TRIM39,0.0
SPTBN2,0.0
PGAP6,0.0
ZNF23,0.0
PRPF6,0.0
ZNF862,0.0
RAC3,0.0
ROPN1L,0.0
ZNF32,0.0
LSM14B,0.0
ABCD4,0.0
LRATD2,0.0
TRIQK,0.0
TSPAN2,0.0
VEGFC,0.0
KRT8,0.0
PROM2,0.0
CAMSAP3,0.0
OR5P2,0.0
OR5P3,0.0
GFM2,0.0
CCBE1,0.0
MTA2,0.0
FAM161A,0.0
PUS10,0.0
PRKAR2B,0.0
AREG,0.0
KDM2B,0.0
TRIM3,0.0
PDIK1L,0.0
DDHD2,0.0
YWHAQ,0.0
PKIA,0.0
EID2,0.0
EXOC6,0.0
SYNGAP1,0.0
IMMP2L,0.0
NMU,0.0
ANKHD1-EIF4EBP3,0.0
GALNT16,0.0
NDUFS3,0.0
DENND4C,0.0
C3orf67,0.0
TEC,0.0
PLXNA1,0.0
KIFC3,0.0
MYRF,0.0
CENPV,0.0
NKIRAS1,0.0
ARFGEF3,0.0
MOB3A,0.0
GLUL,0.0
GOLGA4,0.0
PLK2,0.0
ZCWPW2,0.0
NUTM2B,0.0
GNAZ,0.0
GOLGA1,0.0
GNL3L,0.0
PDZD8,0.0
SEMA4F,0.0
SDR42E1,0.0
STX16,0.0
FEZF1,0.0
FBLN1,0.0
RGS14,0.0
DYRK2,0.0
SMIM4,0.0
KIF3C,0.0
MTO1,0.0
KISS1,0.0
KCNN4,0.0
POLM,0.0
KCNS3,0.0
CD74,0.0
CINP,0.0
C19orf47,0.0
ARMH1,0.0
TXNRD3,0.0
SH3PXD2A,0.0
ZNF592,0.0
CTR9,0.0
SSU72,0.0
TMEM208,0.0
LGALSL,0.0
RDH16,0.0
VPS13B,0.0
SOGA1,0.0
OR2D2,0.0
NOP14,0.0
PLA2G4C,0.0
SMG5,0.0
ARHGEF4,0.0
TMEM184C,0.0
SULF2,0.0
AHCYL2,0.0
MAU2,0.0
KLHL4,0.0
UBFD1,0.0
EPB41L4B,0.0
ABCA7,0.0
QSOX1,0.0
ARHGAP5,0.0
C1orf216,0.0
DPP3,0.0
MAVS,0.0
BCL6,0.0
OTUB2,0.0
NAA15,0.0
CLCN6,0.0
KAZN,0.0
LCOR,0.0
TPK1,0.0
SCARB2,0.0
AGMAT,0.0
TRIM27,0.0
CISD2,0.0
ZBTB44,0.0
NLGN2,0.0
KAT7,0.0
EFEMP1,0.0
CERCAM,0.0
MRNIP,0.0
PFKP,0.0
EXT2,0.0
ZNF829,0.0
STRIP1,0.0
CTPS2,0.0
SARNP,0.0
ALG2,0.0
FGD3,0.0
GALNT1,0.0
CAV1,0.0
RUNX1,0.0
ADCY7,0.0
TXNDC12,0.0
GSTK1,0.0
CALHM2,0.0
ATL1,0.0
MICB,0.0
MCRIP2,0.0
SGF29,0.0
TAOK1,0.0
FAM71E1,0.0
ASB9,0.0
TLE5,0.0
COMT,0.0
IL7,0.0
PLA2R1,0.0
CTNS,0.0
NDUFAF5,0.0
ARMC4,0.0
AFTPH,0.0
PRTFDC1,0.0
SFXN2,0.0
KIAA0319L,0.0
MMP17,0.0
SLC25A22,0.0
ERCC6L2,0.0
FAM98B,0.0
HOXC10,0.0
TOP1,0.0
ETS2,0.0
C6orf89,0.0
DMWD,0.0
DOCK2,0.0
ARSK,0.0
HM13,0.0
SLC22A5,0.0
MANF,0.0
TRMT61A,0.0
MCL1,0.0
GAMT,0.0
ZNF527,0.0
ZNF786,0.0
CA12,0.0
GTF3C1,0.0
ACVR2A,0.0
CPD,0.0
KREMEN1,0.0
SRSF8,0.0
TBC1D16,0.0
CCDC84,0.0
IKZF5,0.0
BRD9,0.0
REPIN1,0.0
ABCC6,0.0
PLK4,0.0
MIPEP,0.0
GALNT2,0.0
MLLT6,0.0
YIPF1,0.0
RBM27,0.0
AHCYL1,0.0
JADE2,0.0
BTBD6,0.0
ATP23,0.0
NUMBL,0.0
RAB3GAP2,0.0
YLPM1,0.0
TEAD1,0.0
ANKS1A,0.0
AGGF1,0.0
PSMC4,0.0
ATRAID,0.0
SLC25A51,0.0
RWDD2A,0.0
METTL18,0.0
PGAP3,0.0
LMBRD1,0.0
NUAK1,0.0
TECPR2,0.0
FIG4,0.0
GCDH,0.0
TEDC1,0.0
MED9,0.0
LGALS12,0.0
NHEJ1,0.0
HYDIN,0.0
STEAP1,0.0
MPRIP,0.0
MAP7D3,0.0
WDR27,0.0
NRM,0.0
ZNF292,0.0
PGM2L1,0.0
NEMF,0.0
CCDC107,0.0
COX7A2L,0.0
ASMTL,0.0
ILVBL,0.0
GBF1,0.0
SF3B2,0.0
ARHGEF26,0.0
MAP4K2,0.0
ZNF770,0.0
PPP1R9B,0.0
PKNOX1,0.0
FUT8,0.0
MTRNR2L6,0.0
HSF1,0.0
TWF1,0.0
CBLL1,0.0
DNAJC4,0.0
UTP3,0.0
SUSD3,0.0
ATL2,0.0
PITHD1,0.0
COQ8B,0.0
NAIP,0.0
FBXO16,0.0
TEX261,0.0
TGM1,0.0
MAGI3,0.0
PTGES3L,0.0
PAX3,0.0
DNAJC2,0.0
MTERF1,0.0
KLRK1,0.0
IRF2BP2,0.0
MMS19,0.0
PSKH1,0.0
RBM3,0.0
SAMD15,0.0
SPIN3,0.0
DROSHA,0.0
ATXN10,0.0
STK39,0.0
TNRC18,0.0
RGP1,0.0
MEGF9,0.0
ZNF823,0.0
SAMD12,0.0
KAT5,0.0
NEK8,0.0
DERL3,0.0
PANO1,0.0
ECHS1,0.0
TTF1,0.0
TMED5,0.0
THTPA,0.0
CPVL,0.0
GMEB1,0.0
SNN,0.0
H3-4,0.0
STARD3,0.0
NCKAP5,0.0
TSC22D2,0.0
MMP19,0.0
EIF2S3,0.0
GSE1,0.0
IRS1,0.0
MDN1,0.0
CAPRIN1,0.0
IDH1,0.0
GOLGA3,0.0
HAGH,0.0
SCAF8,0.0
SLC25A44,0.0
PLCD1,0.0
RNF152,0.0
GPRIN1,0.0
AMMECR1,0.0
SMPDL3B,0.0
ZMYM4,0.0
SLC27A4,0.0
CBFA2T2,0.0
TRIM28,0.0
ZNF440,0.0
ZNF441,0.0
LPCAT3,0.0
FUT10,0.0
ZNF19,0.0
FAM199X,0.0
DGCR8,0.0
PPP1R16A,0.0
ZNF57,0.0
OSBPL7,0.0
YIPF6,0.0
GLMN,0.0
TRAF5,0.0
ATXN7,0.0
NOL11,0.0
CHD3,0.0
TELO2,0.0
MYO1E,0.0
LOXL3,0.0
DESI1,0.0
SGSM3,0.0
ZNF521,0.0
ADM5,0.0
NAF1,0.0
ACO1,0.0
BBS2,0.0
MTSS2,0.0
CBY1,0.0
PLEKHG3,0.0
WBP1L,0.0
NANS,0.0
C1S,0.0
KLF5,0.0
ECE1,0.0
SLC30A1,0.0
THAP5,0.0
NUDT22,0.0
WDFY1,0.0
HAS3,0.0
SLC40A1,0.0
ALG12,0.0
ZNF426,0.0
RBM42,0.0
MBTD1,0.0
HAUS6,0.0
KLHL24,0.0
CNNM2,0.0
NAA60,0.0
ZSWIM9,0.0
RABEP2,0.0
NUDT18,0.0
PLD6,0.0
CASTOR3,0.0
TLE2,0.0
ZC2HC1C,0.0
SLC35D1,0.0
CCDC157,0.0
MLF1,0.0
PIP5K1A,0.0
ACADVL,0.0
CDC42BPB,0.0
ZNF217,0.0
SLBP,0.0
PTPN21,0.0
ENTPD4,0.0
SELENOW,0.0
FAM133A,0.0
C8orf37,0.0
CCNG2,0.0
TNXA,0.0
TRIM36,0.0
ACOX1,0.0
ZNF284,0.0
RBM22,0.0
TMEM165,0.0
INTS13,0.0
MAFG,0.0
PDGFRB,0.0
PDE4B,0.0
PDE8A,0.0
MTIF3,0.0
MEF2A,0.0
PROSER3,0.0
CD68,0.0
EXOSC2,0.0
EMC8,0.0
HABP4,0.0
CD99,0.0
NOTCH3,0.0
CTTNBP2NL,0.0
RER1,0.0
FEM1A,0.0
ECSCR,0.0
ZNF714,0.0
TCF20,0.0
PARP10,0.0
SRR,0.0
TADA2B,0.0
CBR4,0.0
PDE5A,0.0
STX12,0.0
CDK2AP1,0.0
RNF10,0.0
SNX25,0.0
NUP160,0.0
SYCP2,0.0
KCTD10,0.0
CCDC9,0.0
NRSN2,0.0
IFIT5,0.0
RLF,0.0
DGCR2,0.0
CCDC74B,0.0
SHTN1,0.0
DCAF6,0.0
PDHA1,0.0
VMAC,0.0
WDR47,0.0
ATF7,0.0
SLC9A5,0.0
LXN,0.0
ASPH,0.0
RAD18,0.0
DHX33,0.0
TDRD3,0.0
USP4,0.0
CD81,0.0
CHST11,0.0
NAGPA,0.0
FAM160A2,0.0
ANTXR1,0.0
ZC3H15,0.0
PHKA2,0.0
PKD1,0.0
PKD2,0.0
NCSTN,0.0
HERC1,0.0
TCEA3,0.0
ZFAT,0.0
APOL1,0.0
RAB29,0.0
GOLGA8H,0.0
KLC1,0.0
TXNDC15,0.0
SLC10A7,0.0
STYX,0.0
PPP1R12B,0.0
YARS1,0.0
MDH2,0.0
AMDHD1,0.0
SLC16A10,0.0
MAGT1,0.0
RBM48,0.0
RPTOR,0.0
SRGAP1,0.0
GTPBP1,0.0
C7orf25,0.0
PBX3,0.0
UBR4,0.0
TSEN54,0.0
FANCF,0.0
RAB26,0.0
ZNF713,0.0
LGALS3BP,0.0
TNKS,0.0
LAMB2,0.0
PDCD5,0.0
CYBA,0.0
STX1B,0.0
ZNF638,0.0
ZNF263,0.0
DNAL4,0.0
ARIH1,0.0
NOA1,0.0
CARD19,0.0
SLC25A33,0.0
ZDHHC8,0.0
MTM1,0.0
MCRS1,0.0
OR2M7,0.0
ZER1,0.0
CHDH,0.0
PYROXD1,0.0
PPP2R5C,0.0
DVL3,0.0
ACBD6,0.0
ATXN7L3B,0.0
CPQ,0.0
FAM229B,0.0
GTPBP6,0.0
RAB10,0.0
INSIG2,0.0
COQ7,0.0
MFSD5,0.0
PODXL2,0.0
GEMIN4,0.0
THAP7,0.0
CDT1,0.0
FAM104B,0.0
CEP95,0.0
PRMT9,0.0
AP5B1,0.0
MED31,0.0
PTP4A1,0.0
ENTPD6,0.0
IGFBP2,0.0
CLOCK,0.0
DZIP1L,0.0
SETD3,0.0
TBRG4,0.0
ANGPTL2,0.0
ENPP1,0.0
CCDC66,0.0
PTPRB,0.0
ZNF280C,0.0
C16orf91,0.0
MXRA7,0.0
IL1R1,0.0
CTDSPL2,0.0
ARL5B,0.0
CDC37L1,0.0
CMTM4,0.0
ZBTB11,0.0
ZNF524,0.0
PRDX6,0.0
RRP9,0.0
MTFR2,0.0
NDRG1,0.0
IL10RB,0.0
ZNF710,0.0
KIF7,0.0
ZBTB48,0.0
VPS26C,0.0
SGTA,0.0
SH3BGRL,0.0
FUZ,0.0
NIPAL3,0.0
CLK2,0.0
NAV1,0.0
ACTR3B,0.0
VDR,0.0
PIK3CG,0.0
CAMK1D,0.0
NUMB,0.0
SDC4,0.0
SDC2,0.0
THNSL1,0.0
GBA,0.0
ZNF672,0.0
LPCAT1,0.0
TGS1,0.0
RIN3,0.0
HSPA6,0.0
IRF2,0.0
IRF1,0.0
WASF2,0.0
INHBB,0.0
INHBA,0.0
ERMARD,0.0
RAPGEF3,0.0
ABT1,0.0
PNPLA7,0.0
ABHD11,0.0
RAB3GAP1,0.0
ZFAND2A,0.0
DIP2A,0.0
PHACTR4,0.0
MRM3,0.0
SEC61A2,0.0
LGR4,0.0
CEP72,0.0
PSMD6,0.0
CDC73,0.0
CHRFAM7A,0.0
GCC1,0.0
MAIP1,0.0
ABHD8,0.0
ATP13A3,0.0
TTC13,0.0
LIMS2,0.0
CARD11,0.0
S100A2,0.0
HOOK3,0.0
CYSTM1,0.0
PML,0.0
CNTRL,0.0
SIRT1,0.0
LDOC1,0.0
SCAP,0.0
EML2,0.0
CAVIN1,0.0
DACH1,0.0
TMEM158,0.0
SNAPC5,0.0
VAMP1,0.0
MTR,0.0
MYO5C,0.0
AGO2,0.0
EHF,0.0
SH3RF3,0.0
SLC20A1,0.0
SMPD4,0.0
SYTL2,0.0
SEPTIN10,0.0
ACTR1B,0.0
CHCHD10,0.0
GNRH2,0.0
RPS6KA5,0.0
GPR39,0.0
SDF2,0.0
POPDC3,0.0
IER3IP1,0.0
COMMD2,0.0
VPS29,0.0
ATP8A1,0.0
ZNF780A,0.0
SNX1,0.0
TMEM167B,0.0
CCDC151,0.0
PLEKHO1,0.0
RNF145,0.0
PTCD3,0.0
TUSC2,0.0
MSRB2,0.0
EXOC3,0.0
HS3ST3B1,0.0
KCTD1,0.0
NAPEPLD,0.0
OGDH,0.0
NPY1R,0.0
ZNF84,0.0
TMEM65,0.0
ING5,0.0
ZPR1,0.0
CDC16,0.0
ZFP1,0.0
EFCAB13,0.0
FDXR,0.0
CANX,0.0
FBXO31,0.0
CLMN,0.0
KRR1,0.0
KLHL36,0.0
C12orf49,0.0
ZNF547,0.0
ZNF776,0.0
BLVRB,0.0
KCND1,0.0
ANKRD40,0.0
EIF1AD,0.0
AKAP10,0.0
CLTCL1,0.0
ZNF75A,0.0
N4BP1,0.0
PLB1,0.0
AK9,0.0
CDPF1,0.0
PLEKHA1,0.0
SGO1,0.0
AKTIP,0.0
GPAT2,0.0
SDC3,0.0
SAE1,0.0
APBA2,0.0
MYOM2,0.0
NCOR1,0.0
VAMP4,0.0
VAMP8,0.0
NCOR2,0.0
STX10,0.0
STX11,0.0
CEP41,0.0
ZNF480,0.0
C1QTNF12,0.0
USP15,0.0
WSB1,0.0
SCMH1,0.0
ZNF830,0.0
CREB3L1,0.0
ADCK2,0.0
GADD45GIP1,0.0
FAM24B,0.0
ARID2,0.0
RBBP6,0.0
SSBP4,0.0
ARL6,0.0
KMT2B,0.0
CLK4,0.0
RNF24,0.0
PHB2,0.0
TSPO,0.0
TIA1,0.0
GREB1L,0.0
QTRT1,0.0
MGAT5,0.0
C8orf44,0.0
ACP1,0.0
SERTAD4,0.0
HPS6,0.0
CLEC2D,0.0
MOSPD1,0.0
TAF8,0.0
OTULIN,0.0
KLC4,0.0
SECISBP2L,0.0
ELL3,0.0
USF3,0.0
CDK9,0.0
CDKN2C,0.0
HEATR6,0.0
TMX4,0.0
LIMS1,0.0
CD82,0.0
PLCL2,0.0
BCL2L1,0.0
KIAA1324L,0.0
SVIL,0.0
PPP1R12C,0.0
AP1S2,0.0
TRIM32,0.0
OGA,0.0
MGAT4A,0.0
FGFR1,0.0
F3,0.0
HAPLN3,0.0
HPS5,0.0
SKA3,0.0
PTPN13,0.0
OARD1,0.0
ZPLD1,0.0
TTC38,0.0
PRRC1,0.0
SLC9A3R1,0.0
EPHB4,0.0
YTHDC2,0.0
AGFG1,0.0
KCNT2,0.0
LRIT3,0.0
EPHB3,0.0
TRIM22,0.0
TPST2,0.0
CUL3,0.0
CUL1,0.0
ZFYVE21,0.0
LEPROTL1,0.0
SPSB1,0.0
IFT74,0.0
RAB11FIP3,0.0
ICK,0.0
KARS1,0.0
DOCK4,0.0
WDR25,0.0
ZNF765,0.0
SPCS2,0.0
MFSD12,0.0
EXTL3,0.0
PHYHD1,0.0
LIMK1,0.0
LOX,0.0
LMX1B,0.0
LOXL2,0.0
FAAH,0.0
HIVEP3,0.0
GLB1L,0.0
LRFN3,0.0
RTN3,0.0
BTG3,0.0
SYVN1,0.0
MAP3K21,0.0
PPP1R3F,0.0
C5orf30,0.0
CCDC102A,0.0
ITGAV,0.0
PRG2,0.0
ZNF664,0.0
TRIM14,0.0
RAB12,0.0
ROMO1,0.0
REPS1,0.0
SLC39A7,0.0
RPN2,0.0
PNPO,0.0
ARHGEF10L,0.0
FAM168A,0.0
EHBP1,0.0
URB1,0.0
CPLX3,0.0
AP2B1,0.0
AP1G1,0.0
ANKS1B,0.0
HIP1,0.0
SLF1,0.0
SLC25A30,0.0
SIK2,0.0
MYO1D,0.0
FBXO3,0.0
FBXO4,0.0
FBXO25,0.0
XPR1,0.0
ZYG11A,0.0
ALKBH2,0.0
SREK1,0.0
RASAL2,0.0
UACA,0.0
MREG,0.0
ICE1,0.0
C17orf75,0.0
PDS5B,0.0
PET117,0.0
EPN1,0.0
PUM1,0.0
NAXE,0.0
CRELD1,0.0
PLEKHG2,0.0
CSRP2,0.0
IFI27L1,0.0
TRIP4,0.0
CBL,0.0
B3GLCT,0.0
POLA1,0.0
UBE2J2,0.0
MAP4K5,0.0
MVK,0.0
AASDHPPT,0.0
CPT1B,0.0
MFAP2,0.0
UBXN2A,0.0
NEK1,0.0
CRTC2,0.0
C19orf48,0.0
RNF34,0.0
CTSF,0.0
LCMT1,0.0
RAB40B,0.0
ATP9B,0.0
HIBCH,0.0
MOCS1,0.0
CFDP1,0.0
ASRGL1,0.0
FOXD4L5,0.0
NR2C2,0.0
DMC1,0.0
CDC37,0.0
TIMM23,0.0
TTC21B,0.0
NDUFB7,0.0
MAK,0.0
INO80E,0.0
SMARCAD1,0.0
ZNF570,0.0
PHIP,0.0
ZNF626,0.0
WDR90,0.0
APBA3,0.0
FOXD4,0.0
HDAC8,0.0
PNPLA4,0.0
KIAA1143,0.0
SRRM1,0.0
TMCC3,0.0
GATAD2B,0.0
TRADD,0.0
TIMM17A,0.0
EFHC1,0.0
IFI30,0.0
SP1,0.0
H1-10,0.0
NFIX,0.0
RALGPS2,0.0
CCDC115,0.0
MON1A,0.0
BRMS1L,0.0
C7orf50,0.0
RSBN1L,0.0
SNRNP35,0.0
SOX9,0.0
PSG9,0.0
TMEM200B,0.0
PDE12,0.0
NECAP1,0.0
MMS22L,0.0
LARP7,0.0
TTC33,0.0
IL15RA,0.0
DUS4L,0.0
MSH3,0.0
SPATA9,0.0
APOBEC3B,0.0
METRNL,0.0
GTF2H5,0.0
SLC18B1,0.0
BBS12,0.0
SAA1,0.0
MRPL11,0.0
CBS,0.0
TAMM41,0.0
HSPBP1,0.0
NLRP1,0.0
ARAP1,0.0
TP53RK,0.0
GRIPAP1,0.0
BMPR1B,0.0
BMP2,0.0
TMEM191C,0.0
KIF13A,0.0
TSPAN14,0.0
CAB39L,0.0
TMEM163,0.0
TRAF2,0.0
SH3GL3,0.0
TNFAIP1,0.0
MRPL23,0.0
RNASEL,0.0
METTL15,0.0
CA5B,0.0
PRELID2,0.0
NDFIP2,0.0
TRMT13,0.0
DDX56,0.0
RPP25L,0.0
VSIG10,0.0
BBS10,0.0
SLAIN2,0.0
CNNM3,0.0
ALKBH4,0.0
MRM1,0.0
DNAJB12,0.0
AGO4,0.0
TET2,0.0
ZMAT3,0.0
LANCL1,0.0
DIABLO,0.0
CHST7,0.0
RYBP,0.0
ARHGAP35,0.0
EIF2AK4,0.0
EVI5L,0.0
COX19,0.0
VHL,0.0
SPICE1,0.0
CD59,0.0
MCOLN2,0.0
TFAM,0.0
ACAD11,0.0
ADD2,0.0
MED7,0.0
HOMER1,0.0
MED20,0.0
PIGL,0.0
PMPCB,0.0
ABHD18,0.0
SUPT20H,0.0
DCUN1D2,0.0
C5orf34,0.0
SIMC1,0.0
CTBP2,0.0
MYO7A,0.0
PRR13,0.0
DIS3,0.0
SLC39A13,0.0
C2orf74,0.0
QDPR,0.0
CHRNA10,0.0
USP34,0.0
MRPL47,0.0
KLF3,0.0
NINJ2,0.0
ZNF280D,0.0
SIRT6,0.0
MBTPS2,0.0
FAM220A,0.0
CSTF1,0.0
HOOK1,0.0
TMBIM6,0.0
GMPPA,0.0
ITPRID2,0.0
FOXN2,0.0
PRDM6,0.0
ASL,0.0
PTCH1,0.0
FAM72A,0.0
LRP3,0.0
PTPRH,0.0
LRP6,0.0
TANGO6,0.0
ACSS3,0.0
FOPNL,0.0
ZNF354A,0.0
TRNT1,0.0
PPP5C,0.0
YARS2,0.0
INTS10,0.0
SEPTIN11,0.0
SH3KBP1,0.0
MTHFD2L,0.0
MAGED2,0.0
ZNRD1,0.0
TMIE,0.0
CELSR2,0.0
PELP1,0.0
COA3,0.0
ADAMTS14,0.0
CENPJ,0.0
THAP1,0.0
EAF2,0.0
MST1L,0.0
TAF13,0.0
S1PR1,0.0
GPR160,0.0
H1-0,0.0
MROH6,0.0
ANKRA2,0.0
ARRDC2,0.0
LETM2,0.0
NSD3,0.0
FRY,0.0
OSCP1,0.0
HDX,0.0
MTHFD1L,0.0
MAGOHB,0.0
KHDRBS3,0.0
FBXW11,0.0
HDAC10,0.0
TBL1X,0.0
NDRG3,0.0
TMEM245,0.0
RNF26,0.0
AGPAT5,0.0
B3GNT3,0.0
NUMA1,0.0
CDK5RAP2,0.0
PDLIM2,0.0
MRPL48,0.0
RRP15,0.0
AGPAT3,0.0
CAD,0.0
SACS,0.0
CCDC78,0.0
YTHDC1,0.0
MACO1,0.0
TMEM150A,0.0
ANAPC7,0.0
RWDD2B,0.0
NLK,0.0
CYB5R4,0.0
F11R,0.0
SMG8,0.0
HDAC7,0.0
PHF3,0.0
MED6,0.0
PMP22,0.0
ABCC10,0.0
MAN2A2,0.0
RPS11,0.0
TRPS1,0.0
ZFP69,0.0
ZFAND4,0.0
NUDT1,0.0
STXBP3,0.0
PPP3CA,0.0
UBE2I,0.0
DYRK1A,0.0
ZNF804A,0.0
STARD4,0.0
PIGM,0.0
MEPCE,0.0
ZNF587,0.0
ACSL4,0.0
MIF4GD,0.0
NMRAL1,0.0
NUDT6,0.0
MYBL1,0.0
WDHD1,0.0
CALB2,0.0
INTS4,0.0
POGK,0.0
GRPEL2,0.0
ZHX2,0.0
FOXRED1,0.0
POC1B-GALNT4,0.0
ZDHHC13,0.0
DCBLD1,0.0
ALG3,0.0
KBTBD7,0.0
ZFAND1,0.0
PIM3,0.0
ISCA2,0.0
MFAP3,0.0
DENND5A,0.0
SECISBP2,0.0
TIGD6,0.0
SLC30A6,0.0
PRXL2A,0.0
MAPK15,0.0
ZNF7,0.0
MFGE8,0.0
ME3,0.0
ACADM,0.0
TMC6,0.0
LRRC47,0.0
LRIG3,0.0
TRIM26,0.0
PRKD3,0.0
GDF11,0.0
IGIP,0.0
ATP5PD,0.0
MTFMT,0.0
EXOC2,0.0
SLC25A17,0.0
C20orf194,0.0
AFF1,0.0
HOXB9,0.0
TMCO3,0.0
C12orf73,0.0
NR2C1,0.0
ABLIM3,0.0
PAFAH1B2,0.0
FAM174C,0.0
LHFPL6,0.0
MKRN2,0.0
SMIM15,0.0
VPS33B,0.0
NDST1,0.0
DNM3,0.0
BCAP29,0.0
SLC50A1,0.0
UBXN7,0.0
ZKSCAN5,0.0
NFS1,0.0
CMBL,0.0
PPM1A,0.0
BFSP1,0.0
MTRR,0.0
MTX1,0.0
CARD9,0.0
STOX1,0.0
CSRNP1,0.0
PCLO,0.0
PYGO2,0.0
LMBRD2,0.0
CASP4,0.0
BRSK1,0.0
SNX16,0.0
MCCC2,0.0
PPHLN1,0.0
GOLPH3,0.0
ZNF300,0.0
CARM1,0.0
ARL8A,0.0
TRUB1,0.0
ECI1,0.0
DAZAP1,0.0
ACAT1,0.0
GCKR,0.0
MCFD2,0.0
PRMT3,0.0
UBAP2,0.0
ZFP82,0.0
IL1A,0.0
REXO5,0.0
ZNF79,0.0
KAT2B,0.0
HDAC3,0.0
CUL7,0.0
AP1AR,0.0
LINS1,0.0
TULP4,0.0
STAMBPL1,0.0
RAB11B,0.0
TBRG1,0.0
PLXDC2,0.0
FDX2,0.0
ARHGEF39,0.0
ADRA2C,0.0
SLC41A1,0.0
SMURF1,0.0
SLC44A2,0.0
ADCK1,0.0
SAMD10,0.0
ZKSCAN3,0.0
SGK1,0.0
PTGS1,0.0
ADAM12,0.0
TM7SF3,0.0
ERMP1,0.0
NOL10,0.0
CSDE1,0.0
MRPL20,0.0
NRDE2,0.0
CFAP53,0.0
FAM122B,0.0
ANO2,0.0
YPEL1,0.0
UBIAD1,0.0
CALCR,0.0
MORN2,0.0
JRK,0.0
SGMS2,0.0
CCDC25,0.0
FSCN1,0.0
SNAPC4,0.0
KIRREL1,0.0
TYRO3,0.0
SNAPC1,0.0
TAS2R3,0.0
SMPD2,0.0
GEMIN5,0.0
RAB5B,0.0
RAB2A,0.0
PYGB,0.0
MUL1,0.0
OBI1,0.0
FARSA,0.0
SOD2,0.0
ZNF74,0.0
RAB24,0.0
UNG,0.0
RMDN1,0.0
CATSPERE,0.0
DGUOK,0.0
AGAP9,0.0
MZT2A,0.0
CRACR2A,0.0
GCLC,0.0
LATS2,0.0
TOM1,0.0
RHOD,0.0
MED16,0.0
PIGK,0.0
TUSC1,0.0
VRK2,0.0
PPFIBP1,0.0
RANBP3,0.0
SHISA2,0.0
RBM41,0.0
TRIP12,0.0
MAP3K1,0.0
ASPSCR1,0.0
SLC35A2,0.0
PDSS1,0.0
LRRC39,0.0
GDAP1,0.0
EVI5,0.0
RUFY3,0.0
ST8SIA4,0.0
TMEM234,0.0
OSR2,0.0
DDX21,0.0
TMEM39A,0.0
ARL6IP6,0.0
SEPTIN7,0.0
KIFAP3,0.0
IFI27L2,0.0
CADPS2,0.0
ANKRD24,0.0
KLHL20,0.0
SNUPN,0.0
POTEF,0.0
LIMCH1,0.0
TAP1,0.0
SBF1,0.0
RTRAF,0.0
TAP2,0.0
COQ4,0.0
MAPK11,0.0
UTP11,0.0
ARHGEF3,0.0
TRAPPC12,0.0
PRPF19,0.0
PIKFYVE,0.0
EMC1,0.0
TRIM16,0.0
TRMT1L,0.0
TSC22D4,0.0
SAMD13,0.0
MED4,0.0
FOXF2,0.0
FAM102A,0.0
MAP4,0.0
ZNF345,0.0
GTDC1,0.0
STX2,0.0
RNF41,0.0
IL18,0.0
IRAK1,0.0
ITGA6,0.0
PPP3R1,0.0
ANOS1,0.0
CHRNB1,0.0
PPIB,0.0
OSBPL10,0.0
AOC2,0.0
RHOC,0.0
THRA,0.0
FAHD2B,0.0
TMEM179B,0.0
RCN3,0.0
PELI1,0.0
ZNF287,0.0
FTO,0.0
ZCCHC4,0.0
WHAMM,0.0
KLHDC4,0.0
C3orf33,0.0
SNRPB2,0.0
UBE4B,0.0
ACAA2,0.0
RBM43,0.0
TRMT2B,0.0
TANK,0.0
SDK1,0.0
SEMA3C,0.0
EHD4,0.0
EPM2AIP1,0.0
UNC13B,0.0
RSAD1,0.0
BRAT1,0.0
TMEM205,0.0
FAM3A,0.0
INTS5,0.0
SLC36A1,0.0
SURF2,0.0
PREB,0.0
UHMK1,0.0
CD274,0.0
SMARCAL1,0.0
WDR91,0.0
TMEM98,0.0
PBRM1,0.0
ARAP2,0.0
RPAP1,0.0
ADGRF5,0.0
AP5Z1,0.0
CCDC91,0.0
ATF6B,0.0
NFXL1,0.0
ZNF629,0.0
FBXO41,0.0
MYH3,0.0
ZSCAN30,0.0
ECI2,0.0
SETDB2,0.0
SYT16,0.0
STARD5,0.0
WWP2,0.0
SLC8B1,0.0
TPD52L1,0.0
BICD1,0.0
FSTL1,0.0
FSD1L,0.0
KLF16,0.0
RNF213,0.0
ZNF419,0.0
LAMP2,0.0
FOXRED2,0.0
KIF22,0.0
LTBP3,0.0
SLC38A5,0.0
LYPD1,0.0
NAA25,0.0
RTKN,0.0
DBNDD2,0.0
ZDHHC21,0.0
CTSB,0.0
CNOT6L,0.0
SPAG16,0.0
GNL2,0.0
DOP1B,0.0
CNOT11,0.0
CCS,0.0
MED13,0.0
SNRPD2,0.0
TOP1MT,0.0
DMTN,0.0
BPTF,0.0
ZNF346,0.0
ZBTB9,0.0
CCDC149,0.0
ELK4,0.0
ADGRE1,0.0
SEMA3F,0.0
KDM5C,0.0
WARS1,0.0
UXT,0.0
IMMP1L,0.0
GPR83,0.0
TOM1L2,0.0
VWDE,0.0
STK26,0.0
SNX17,0.0
DTX3L,0.0
SBF2,0.0
ZNF24,0.0
ST6GALNAC5,0.0
SPRY4,0.0
ZNF28,0.0
PSMG3,0.0
ACADL,0.0
OSMR,0.0
PRDM10,0.0
CTDSP1,0.0
KLF4,0.0
COPS2,0.0
SOCS6,0.0
C12orf65,0.0
RFX7,0.0
SNRPB,0.0
RILPL2,0.0
ALG10,0.0
LRP11,0.0
ZNF281,0.0
EML1,0.0
ADGRL1,0.0
SLC49A4,0.0
CEP112,0.0
STAU1,0.0
CHSY3,0.0
WBP4,0.0
PKP3,0.0
RAB6B,0.0
CEP250,0.0
SETD1A,0.0
KNOP1,0.0
SFXN5,0.0
C9orf72,0.0
ACSL5,0.0
RNF31,0.0
BCAS4,0.0
HIVEP1,0.0
CDH11,0.0
RRH,0.0
CENPP,0.0
PSMB9,0.0
PSMC1,0.0
RPF1,0.0
MRPL16,0.0
U2SURP,0.0
GPR1,0.0
ZNF484,0.0
ZNF619,0.0
CAPZA1,0.0
TMEM33,0.0
TMEM50B,0.0
CNGA1,0.0
CARD10,0.0
DRAM2,0.0
MARCHF3,0.0
NUP58,0.0
SS18,0.0
IRS4,0.0
CDC42BPA,0.0
FOXJ2,0.0
SLCO4A1,0.0
ARMC1,0.0
SNX8,0.0
NBAS,0.0
TMEM192,0.0
IL17RA,0.0
DHX57,0.0
FAM13A,0.0
CD302,0.0
DCLRE1A,0.0
MICU2,0.0
ATP8B1,0.0
POMK,0.0
ZDHHC2,0.0
USP32,0.0
FAM126A,0.0
CPLANE1,0.0
UBE2Z,0.0
PYCR3,0.0
RAB6D,0.0
AP000351.2,0.0
PSMB5,0.0
EFCAB3,0.0
C11orf95,0.0
SNX21,0.0
DENND2A,0.0
PPM1K,0.0
B9D1,0.0
CNPPD1,0.0
STXBP5,0.0
IL20RB,0.0
BACH2,0.0
COPB1,0.0
B4GALT4,0.0
NDUFAF1,0.0
MECR,0.0
FAM210A,0.0
SLC25A39,0.0
KDM1A,0.0
EXPH5,0.0
HMG20A,0.0
KDM4C,0.0
AVL9,0.0
APOL2,0.0
UTP14C,0.0
ZDHHC16,0.0
AFAP1,0.0
HARBI1,0.0
PSEN2,0.0
NPIPB6,0.0
ISG20L2,0.0
B9D2,0.0
CYB5B,0.0
DHX36,0.0
DPF3,0.0
GKAP1,0.0
RMDN2,0.0
CLP1,0.0
NUDT13,0.0
GM2A,0.0
AFG1L,0.0
CCNI,0.0
CACNA2D1,0.0
CACNB1,0.0
WASF1,0.0
FLOT2,0.0
KLHL12,0.0
DZIP1,0.0
TRIM38,0.0
MACROD1,0.0
GPAT4,0.0
C3orf35,0.0
TIMM44,0.0
ARHGEF11,0.0
ZNF485,0.0
TGOLN2,0.0
VPS26B,0.0
METTL8,0.0
OLFML2B,0.0
RFESD,0.0
TRIM62,0.0
ZNF850,0.0
NSF,0.0
ZNF202,0.0
NRGN,0.0
ZNF177,0.0
ZNF174,0.0
TTL,0.0
EVC,0.0
PEAK1,0.0
ZNF567,0.0
FAM53A,0.0
APPL2,0.0
GEMIN6,0.0
CPED1,0.0
GPR108,0.0
PPTC7,0.0
ATG7,0.0
ZNRD2,0.0
BATF,0.0
ZNF433,0.0
E2F3,0.0
BET1L,0.0
HILPDA,0.0
NAT10,0.0
TBL1XR1,0.0
VPS37B,0.0
PPIP5K1,0.0
RAMP1,0.0
PURA,0.0
AP5S1,0.0
NDUFS4,0.0
NEO1,0.0
TBC1D10A,0.0
CASP5,0.0
AHSA2P,0.0
SLC66A3,0.0
METTL6,0.0
MEF2B,0.0
RTL6,0.0
MAP6,0.0
MPP4,0.0
ZBTB38,0.0
TRAPPC8,0.0
ZFP36L2,0.0
CWC27,0.0
DDX19A,0.0
ZNF444,0.0
PPP6R1,0.0
COMMD3,0.0
CEP57L1,0.0
NDEL1,0.0
GALNT5,0.0
SART1,0.0
UNC119,0.0
DDX58,0.0
ESPL1,0.0
ST3GAL4,0.0
PXDN,0.0
RAPGEF5,0.0
DBT,0.0
EPHA2,0.0
BBIP1,0.0
EGFL7,0.0
DGKA,0.0
RDX,0.0
RFXAP,0.0
ARRDC3,0.0
GOLGA8K,0.0
ZNF319,0.0
GPHN,0.0
AHR,0.0
CRYBG1,0.0
ARHGAP31,0.0
UGT8,0.0
BAIAP2L1,0.0
PGBD1,0.0
NPHP1,0.0
WDR73,0.0
ZFYVE19,0.0
PWWP3A,0.0
CFAP58,0.0
THYN1,0.0
PAG1,0.0
AC020928.2,0.0
WDR11,0.0
NUP153,0.0
HSPA14,0.0
SLC43A3,0.0
CDC42BPG,0.0
CLCC1,0.0
C19orf73,0.0
C16orf70,0.0
ZNF25,0.0
TANC2,0.0
CMTM7,0.0
TMEM38B,0.0
SLC35F5,0.0
RBM26,0.0
C9orf16,0.0
GAS8,0.0
TRIM45,0.0
ZEB2,0.0
ZNF502,0.0
CYB5R3,0.0
CYBB,0.0
PRDM2,0.0
MAL2,0.0
TNFRSF10B,0.0
MPLKIP,0.0
TNFRSF10D,0.0
TNFRSF10A,0.0
B3GALNT1,0.0
GPRASP2,0.0
RHOBTB1,0.0
FAM171A1,0.0
CTAGE4,0.0
GID4,0.0
DDA1,0.0
MPHOSPH8,0.0
CHMP2A,0.0
LMO4,0.0
WWC1,0.0
ROGDI,0.0
EFL1,0.0
FAM184A,0.0
ADGRF1,0.0
ARMC7,0.0
OSBPL9,0.0
TMEM53,0.0
GNG12,0.0
LAPTM5,0.0
MFSD4B,0.0
MRPS27,0.0
TAPT1,0.0
ZCCHC24,0.0
ALG10B,0.0
PAPSS1,0.0
SEC24A,0.0
U2AF1L4,0.0
AEBP2,0.0
BLZF1,0.0
LGR5,0.0
RNF130,0.0
NCS1,0.0
FBXO6,0.0
FES,0.0
UBXN8,0.0
PTK7,0.0
SAMD9L,0.0
S100A11,0.0
CLPP,0.0
TRMT12,0.0
GAGE1,0.0
PPIL4,0.0
PRPSAP1,0.0
NSUN4,0.0
S100PBP,0.0
UBR5,0.0
PLAUR,0.0
AAAS,0.0
MCOLN3,0.0
PCDHB5,0.0
ATP5F1E,0.0
ZNF654,0.0
ZNF605,0.0
RNF7,0.0
TBC1D25,0.0
AGAP5,0.0
MSL1,0.0
MAP2K7,0.0
UBE2B,0.0
STK38L,0.0
GPBP1,0.0
FERMT2,0.0
TTC1,0.0
HSDL2,0.0
BNIP2,0.0
SH2D1B,0.0
P4HA1,0.0
EVA1C,0.0
CHRAC1,0.0
RFX3,0.0
DSC2,0.0
DCAF16,0.0
ZCCHC2,0.0
PRELID3A,0.0
BRMS1,0.0
SC5D,0.0
HOXB8,0.0
NGDN,0.0
MIA,0.0
CLN5,0.0
FRRS1,0.0
PCYOX1,0.0
RILPL1,0.0
SPIRE2,0.0
PRR3,0.0
NDUFAF6,0.0
XAF1,0.0
C2orf49,0.0
L3MBTL1,0.0
COX6A1,0.0
COX11,0.0
SIK3,0.0
COX15,0.0
DNAL1,0.0
UGP2,0.0
ATP6V1A,0.0
MICU1,0.0
TEKT4,0.0
ANGEL2,0.0
ANXA1,0.0
ERGIC3,0.0
ZMYND11,0.0
NEDD4,0.0
CUL5,0.0
CASP6,0.0
TNFAIP8L3,0.0
PIF1,0.0
ZNF614,0.0
DEDD,0.0
GLTP,0.0
TUBG2,0.0
PHF20,0.0
TENM3,0.0
PLEKHM3,0.0
FITM2,0.0
ZNF697,0.0
PEAR1,0.0
ARHGEF28,0.0
ERCC3,0.0
ARHGEF17,0.0
TNKS2,0.0
MRPL57,0.0
NUDT17,0.0
ZNF763,0.0
PCYOX1L,0.0
IMPACT,0.0
MYH9,0.0
PPAT,0.0
L3MBTL2,0.0
PPL,0.0
BBS1,0.0
OGFOD3,0.0
YRDC,0.0
MST1,0.0
TOM1L1,0.0
DNASE2,0.0
NUDT16,0.0
THRB,0.0
PLS3,0.0
TCF7L2,0.0
ST6GALNAC4,0.0
UBALD1,0.0
NAT8L,0.0
MPV17L2,0.0
GPR137C,0.0
IL1RAPL1,0.0
SND1,0.0
THBS1,0.0
PEX10,0.0
BEX3,0.0
MIS18BP1,0.0
XRN1,0.0
TNFRSF11A,0.0
ETAA1,0.0
ANKIB1,0.0
XPO6,0.0
RND3,0.0
TVP23C-CDRT4,0.0
GRK3,0.0
KIAA1841,0.0
RETREG3,0.0
KRBA2,0.0
PAOX,0.0
ZNF543,0.0
LTN1,0.0
LLGL1,0.0
DUSP1,0.0
DRG1,0.0
EMP2,0.0
MYO9B,0.0
SBDS,0.0
WDR12,0.0
ATP13A2,0.0
SMURF2,0.0
SLC17A9,0.0
WNK1,0.0
VIRMA,0.0
NAPRT,0.0
SNX2,0.0
AKAP12,0.0
CFAP97,0.0
CRAMP1,0.0
DAGLA,0.0
VPS13C,0.0
SORCS2,0.0
KIAA1328,0.0
MIB1,0.0
APLP2,0.0
NUFIP2,0.0
FAM13B,0.0
RBM24,0.0
REEP2,0.0
ARMCX3,0.0
KDM3B,0.0
ARMCX1,0.0
ZNF557,0.0
POU2F1,0.0
CCDC138,0.0
NLGN3,0.0
MRPL52,0.0
PCGF2,0.0
LNPK,0.0
EGFL8,0.0
ZNF184,0.0
UBE2D3,0.0
NAXD,0.0
SAP30,0.0
HESX1,0.0
IQSEC1,0.0
ZDHHC4,0.0
NOC4L,0.0
CCDC43,0.0
SLC26A2,0.0
FLCN,0.0
CYB5D1,0.0
GXYLT2,0.0
SP100,0.0
DPF2,0.0
ECPAS,0.0
C4orf3,0.0
RRBP1,0.0
ZHX3,0.0
MKX,0.0
STK32C,0.0
ENGASE,0.0
EXOSC10,0.0
PIP4K2C,0.0
SCAF4,0.0
MKLN1,0.0
PPM1M,0.0
STRADA,0.0
TDG,0.0
SFSWAP,0.0
WNT5A,0.0
FKBP2,0.0
ZNF212,0.0
PNISR,0.0
CSNK1G3,0.0
PHF2,0.0
PAGE2,0.0
C19orf53,0.0
ZNF232,0.0
PLCH1,0.0
UBE2Q2L,0.0
PARP9,0.0
MXD4,0.0
SRP19,0.0
NMI,0.0
AP3M2,0.0
NIPSNAP3A,0.0
BMPER,0.0
PRLR,0.0
CBARP,0.0
TMEM256,0.0
TRAF7,0.0
TMEM126A,0.0
FBXL20,0.0
DNASE1L1,0.0
TMEM170A,0.0
ZNF30,0.0
GRIK4,0.0
TEAD3,0.0
IQCB1,0.0
SERP1,0.0
MOSPD2,0.0
GIPC1,0.0
TMTC2,0.0
ZNF10,0.0
DCAF12,0.0
IRF2BP1,0.0
WNK4,0.0
PYGM,0.0
PC,0.0
NME3,0.0
PRRX1,0.0
PPP1R3C,0.0
PRRG1,0.0
SLC38A4,0.0
POP1,0.0
TNIK,0.0
CS,0.0
CCN1,0.0
DALRD3,0.0
FAM168B,0.0
PROCR,0.0
TMUB2,0.0
ZNF442,0.0
CTIF,0.0
STRN,0.0
NEDD9,0.0
ERBIN,0.0
HINT3,0.0
COLEC12,0.0
ASIC1,0.0
NT5C3B,0.0
SUPT4H1,0.0
INSR,0.0
TPM2,0.0
TMEM214,0.0
CC2D1A,0.0
MRPL43,0.0
CST4,0.0
CSPG4,0.0
C2orf68,0.0
IDH2,0.0
ZNF148,0.0
ADAMTSL4,0.0
WDR53,0.0
RASL11A,0.0
PINX1,0.0
NREP,0.0
FRAT2,0.0
SRSF10,0.0
ATG10,0.0
BTD,0.0
GPATCH2,0.0
AKIRIN1,0.0
TP53INP1,0.0
S100A10,0.0
SGPP1,0.0
VOPP1,0.0
RBBP9,0.0
NUDT19,0.0
CCNJL,0.0
TIGD4,0.0
ACAD9,0.0
PHTF1,0.0
KLHL2,0.0
COP1,0.0
IMP4,0.0
ARMC6,0.0
WRN,0.0
ZNF639,0.0
TBC1D23,0.0
SUGP1,0.0
GSTP1,0.0
GSTT2,0.0
ENY2,0.0
MGAT1,0.0
ATP6V0E2,0.0
ZBTB14,0.0
ZNF625,0.0
CHRDL1,0.0
B3GNT7,0.0
TMEM154,0.0
PPP4C,0.0
PREP,0.0
SRGN,0.0
CDKL5,0.0
ZC3HAV1,0.0
CENPU,0.0
EIPR1,0.0
ZNF747,0.0
DDRGK1,0.0
ZNF436,0.0
RBPJ,0.0
RAD52,0.0
CAMKMT,0.0
SPAG1,0.0
RTN4RL2,0.0
HTT,0.0
CFP,0.0
ITGBL1,0.0
LRRC58,0.0
CEP104,0.0
S100P,0.0
SLC25A15,0.0
SMYD3,0.0
KIF13B,0.0
NIPSNAP3B,0.0
DRAM1,0.0
FKBP15,0.0
PLEKHA8,0.0
HEATR5B,0.0
DMAP1,0.0
ZNF787,0.0
RBMS3,0.0
CBX2,0.0
PSMC2,0.0
CCPG1,0.0
AMBRA1,0.0
RBAK,0.0
SASH1,0.0
MYNN,0.0
IAH1,0.0
SNAP47,0.0
TADA1,0.0
THEM4,0.0
GALNT11,0.0
INPP5A,0.0
ADAMTS1,0.0
SNRNP200,0.0
MMP23B,0.0
LAMTOR2,0.0
BCKDHA,0.0
PITPNM2,0.0
ARCN1,0.0
OSBPL8,0.0
GCFC2,0.0
MEX3C,0.0
GIGYF1,0.0
COA5,0.0
MPG,0.0
GNL1,0.0
KRIT1,0.0
PCSK9,0.0
SLC43A1,0.0
EEF1G,0.0
SARS2,0.0
ZIC2,0.0
VCP,0.0
USF1,0.0
ARHGAP24,0.0
TCTN3,0.0
UBL4A,0.0
C15orf39,0.0
HSD17B8,0.0
PXK,0.0
RIPK1,0.0
CRADD,0.0
CCM2,0.0
ARSD,0.0
RHOG,0.0
TRAF4,0.0
ZNF512B,0.0
FCSK,0.0
TBC1D20,0.0
CENPI,0.0
C19orf25,0.0
ULK2,0.0
CCDC171,0.0
ANKS6,0.0
MKRN3,0.0
LIAS,0.0
ZNF569,0.0
CDK15,0.0
ETV4,0.0
CASTOR2,0.0
TSG101,0.0
AK3,0.0
AIM2,0.0
AREL1,0.0
EIF2AK3,0.0
CFHR2,0.0
MAP3K13,0.0
C5orf24,0.0
VIPR1,0.0
PTPN14,0.0
SP4,0.0
TAF6L,0.0
ATP5MG,0.0
UBXN1,0.0
OXSM,0.0
PRRC2B,0.0
ADAM15,0.0
KXD1,0.0
CMTM8,0.0
PARD6B,0.0
C1orf50,0.0
WDR24,0.0
ATXN7L1,0.0
ASB8,0.0
RAPGEF6,0.0
MAEL,0.0
PLRG1,0.0
ABHD13,0.0
MAGEH1,0.0
NOB1,0.0
TP53I3,0.0
LDLRAP1,0.0
R3HDM4,0.0
FAM217B,0.0
GPATCH1,0.0
PAK2,0.0
FAM83G,0.0
PACS1,0.0
MRTFA,0.0
FKBP3,0.0
GHITM,0.0
ICA1L,0.0
ATG2B,0.0
ANKRD13A,0.0
ZBTB22,0.0
PEX12,0.0
PARS2,0.0
PIP5K1C,0.0
MLXIP,0.0
ERCC2,0.0
ANKRD44,0.0
ENPP4,0.0
PLEKHA6,0.0
CHIC1,0.0
SELENOM,0.0
POLA2,0.0
SCML2,0.0
ANKRD49,0.0
GPC6,0.0
SLC25A38,0.0
TENT5C,0.0
CPA3,0.0
CPE,0.0
CPT1A,0.0
TUBB4B,0.0
FNDC3A,0.0
NUB1,0.0
CSRNP2,0.0
C1orf21,0.0
LY6G5C,0.0
OSGIN2,0.0
BRAF,0.0
CLINT1,0.0
FANCG,0.0
PRORP,0.0
SRP68,0.0
TOB1,0.0
PKP2,0.0
BCKDK,0.0
PCBP3,0.0
CEP135,0.0
OSER1,0.0
GSKIP,0.0
TMEM250,0.0
AGAP1,0.0
APC2,0.0
CSF1,0.0
CAMKK2,0.0
RIN2,0.0
CTSS,0.0
UBR1,0.0
SETMAR,0.0
LTBP4,0.0
RUVBL2,0.0
MAPK12,0.0
MAPK6,0.0
PRKCZ,0.0
GGPS1,0.0
EPS8L2,0.0
GCC2,0.0
E2F4,0.0
FAM131A,0.0
PIDD1,0.0
DDX19B,0.0
PITPNM3,0.0
STX7,0.0
EEA1,0.0
KLHDC9,0.0
G6PD,0.0
HOMER3,0.0
BAP1,0.0
POLR2J3,0.0
TCF12,0.0
PCDHB14,0.0
WDR18,0.0
GNPAT,0.0
KSR1,0.0
C1orf74,0.0
DKK1,0.0
DOLK,0.0
SUN1,0.0
WDYHV1,0.0
ZNF598,0.0
ZNF439,0.0
MRPS33,0.0
POLR2B,0.0
RRAGB,0.0
FBXO27,0.0
EZR,0.0
WDPCP,0.0
CCDC93,0.0
EEF1A2,0.0
SLC34A3,0.0
PCDHB2,0.0
PCDHB15,0.0
PCDHB12,0.0
PCDHB13,0.0
PCDHB10,0.0
NDUFAF7,0.0
ZBTB2,0.0
FZD3,0.0
TMOD1,0.0
CELSR1,0.0
ANKRD16,0.0
MTRF1L,0.0
PPM1D,0.0
APBB1IP,0.0
IER5L,0.0
OAS1,0.0
ARL3,0.0
KIAA1522,0.0
UCN,0.0
MIPOL1,0.0
WLS,0.0
PGS1,0.0
MAK16,0.0
ZNF468,0.0
C16orf95,0.0
CHD8,0.0
ZNF568,0.0
DCTN5,0.0
INO80B-WBP1,0.0
UBALD2,0.0
GART,0.0
TPGS1,0.0
NOM1,0.0
ZNF195,0.0
EFNA3,0.0
PWWP2A,0.0
SRRD,0.0
CC2D1B,0.0
SMCO4,0.0
MECP2,0.0
TAF15,0.0
CWC22,0.0
PRICKLE3,0.0
CPT1C,0.0
SLC16A5,0.0
ERVMER34-1,0.0
ORAI1,0.0
ADGRD1,0.0
SMYD5,0.0
MTRNR2L8,0.0
UVSSA,0.0
BUD31,0.0
ZNF529,0.0
DTWD1,0.0
PPCS,0.0
RAB4B-EGLN2,0.0
GIGYF2,0.0
FLT3LG,0.0
GAREM2,0.0
BCCIP,0.0
CENPBD1,0.0
POU3F1,0.0
FAM78B,0.0
RNFT2,0.0
POLR2J2,0.0
COX20,0.0
ATP11A,0.0
ZNF777,0.0
BLOC1S5,0.0
FXN,0.0
ATAD3B,0.0
SPRYD3,0.0
NFE2L1,0.0
BCAR3,0.0
PRXL2B,0.0
NEFM,0.0
NCL,0.0
NCR3LG1,0.0
CIZ1,0.0
ZNF860,0.0
ZMAT2,0.0
DELE1,0.0
RELL1,0.0
SNX3,0.0
RHOBTB2,0.0
IQSEC2,0.0
IFRD1,0.0
ADARB1,0.0
TAZ,0.0
CREBZF,0.0
SAC3D1,0.0
TCEAL6,0.0
ZNF438,0.0
MTRES1,0.0
TIMM10B,0.0
MPP6,0.0
CNPY4,0.0
NDUFA11,0.0
MTRNR2L1,0.0
CDH2,0.0
DNAJC5,0.0
BDNF,0.0
ATRNL1,0.0
ZNF219,0.0
TTC27,0.0
CLN6,0.0
IBTK,0.0
SYS1,0.0
CSTF3,0.0
GALNT10,0.0
SCX,0.0
CAMSAP1,0.0
SPATA13,0.0
ATP5MPL,0.0
WDR4,0.0
C11orf58,0.0
FLII,0.0
ZNF236,0.0
SYTL4,0.0
EEF1AKMT3,0.0
C15orf40,0.0
IFI6,0.0
FBRS,0.0
CEP44,0.0
ZCCHC10,0.0
FHIT,0.0
ZNF280B,0.0
TSPOAP1,0.0
POLR3G,0.0
YJU2,0.0
FAM133B,0.0
IL32,0.0
RBSN,0.0
ASPHD1,0.0
SLC24A1,0.0
SMN1,0.0
TSPYL2,0.0
UQCRHL,0.0
CTXN1,0.0
BASP1,0.0
AL353753.1,0.0
MSL3,0.0
GVQW2,0.0
ZNF580,0.0
ALDH5A1,0.0
PHACTR1,0.0
PPM1F,0.0
EVA1A,0.0
TIGD2,0.0
CYB561D1,0.0
PTGES2,0.0
MYEOV,0.0
CNIH2,0.0
SNX10,0.0
EIF4EBP2,0.0
GUCD1,0.0
DBF4B,0.0
TGFBR3,0.0
FAM89B,0.0
ACOT13,0.0
R3HCC1,0.0
CENPB,0.0
DNLZ,0.0
ZMYM6,0.0
TRIM61,0.0
PTN,0.0
DISC1,0.0
HLTF,0.0
CXorf38,0.0
CCDC122,0.0
ADAMTS17,0.0
TMEM156,0.0
CTU1,0.0
C11orf71,0.0
ATXN3,0.0
NAT1,0.0
SNAPC2,0.0
HMGXB4,0.0
FAM200A,0.0
FAM200B,0.0
PNMA1,0.0
MBD2,0.0
FIGNL2,0.0
ZBED8,0.0
PSTK,0.0
ANP32B,0.0
BOK,0.0
ZBED5,0.0
ZC3H8,0.0
FBXW7,0.0
SH3GL1,0.0
HDAC4,0.0
ZNF418,0.0
PPP1R3E,0.0
KRBOX4,0.0
DCAF1,0.0
TIGD1,0.0
UBTF,0.0
SDR39U1,0.0
AGPAT1,0.0
GPX3,0.0
TTC9,0.0
ETF1,0.0
COL15A1,0.0
CCDC71,0.0
HGH1,0.0
ROBO1,0.0
MRPL9,0.0
ZNF704,0.0
HADHB,0.0
CTSV,0.0
PTH1R,0.0
CCNK,0.0
PDCD11,0.0
UBR3,0.0
LYSMD4,0.0
RBM23,0.0
NEPRO,0.0
TEF,0.0
ALPK1,0.0
HDDC3,0.0
ZNF782,0.0
GABRR2,0.0
MSS51,0.0
GRINA,0.0
RTL8B,0.0
CPEB3,0.0
ADPGK,0.0
SF3B5,0.0
AAR2,0.0
NF2,0.0
RHEBL1,0.0
NKRF,0.0
ENTPD7,0.0
RNF182,0.0
MRE11,0.0
FLNA,0.0
MET,0.0
BCAT1,0.0
KLC2,0.0
SPATC1L,0.0
NSUN6,0.0
NCKIPSD,0.0
SYTL1,0.0
ARFGEF2,0.0
LIPT2,0.0
PDE8B,0.0
PLPP1,0.0
C1orf198,0.0
KHK,0.0
SHKBP1,0.0
CDC123,0.0
GCAT,0.0
GOPC,0.0
AUP1,0.0
ATP10A,0.0
CEP70,0.0
SRPX2,0.0
ALKBH7,0.0
RBM5,0.0
LSG1,0.0
PCID2,0.0
KCNK2,0.0
ATG4D,0.0
PSMC3,0.0
HIBADH,0.0
MYO19,0.0
PPP2R2C,0.0
ICAM5,0.0
EFCAB2,0.0
MAGEC2,0.0
SPTY2D1,0.0
SKAP2,0.0
SHOX2,0.0
FAF1,0.0
GRTP1,0.0
NDUFC2-KCTD14,0.0
ANKRD9,0.0
SLC39A11,0.0
TAOK2,0.0
ANAPC4,0.0
MAFK,0.0
ENC1,0.0
ZNF566,0.0
EFTUD2,0.0
HOXD3,0.0
ELP6,0.0
TMEM81,0.0
ADPRM,0.0
OCRL,0.0
RTN4,0.0
WDR26,0.0
FAM162A,0.0
SLC6A6,0.0
CIAO2B,0.0
DIPK2A,0.0
ZNF408,0.0
COQ6,0.0
CASP8AP2,0.0
SNU13,0.0
NAV3,0.0
CERS4,0.0
FAHD2A,0.0
ARHGAP10,0.0
KIF27,0.0
PAPSS2,0.0
LCMT2,0.0
NMNAT1,0.0
MAMDC2,0.0
ATP5F1B,0.0
SLC30A4,0.0
SEMA7A,0.0
RBL2,0.0
NELFA,0.0
METTL27,0.0
TTC4,0.0
CAPS,0.0
SPNS1,0.0
BROX,0.0
GUF1,0.0
HIPK1,0.0
FAM83H,0.0
PSMD13,0.0
PRDM4,0.0
SH3BP4,0.0
MINDY4,0.0
GPKOW,0.0
UTP18,0.0
NR2C2AP,0.0
AKR7A3,0.0
SLC37A1,0.0
HSD3B7,0.0
PRIM1,0.0
BAIAP2,0.0
TMSB15A,0.0
IQCK,0.0
TPGS2,0.0
GORASP2,0.0
USP19,0.0
HS6ST2,0.0
TMEM52,0.0
ZNF575,0.0
ZNF165,0.0
MIS18A,0.0
KIAA0930,0.0
SORD,0.0
SAP130,0.0
C1orf56,0.0
HSPA12A,0.0
KIF1C,0.0
AARS2,0.0
SAV1,0.0
SLX4IP,0.0
ZCCHC18,0.0
TFDP2,0.0
RGS9,0.0
SCARF2,0.0
TNS2,0.0
PAIP2,0.0
MYLK2,0.0
KRTAP2-1,0.0
STYXL1,0.0
C17orf58,0.0
CPSF7,0.0
SUSD6,0.0
JADE3,0.0
MITD1,0.0
ZFYVE9,0.0
PMEPA1,0.0
METTL7A,0.0
B3GALT5,0.0
NKX3-2,0.0
PTPRG,0.0
UCHL3,0.0
RCN2,0.0
IRF5,0.0
C16orf58,0.0
POLR3E,0.0
NUPR1,0.0
MAP2,0.0
STXBP4,0.0
ZNF317,0.0
ZSCAN9,0.0
DENND11,0.0
ITPA,0.0
NCOA7,0.0
DPY19L4,0.0
TSPAN5,0.0
FIGN,0.0
CEL,0.0
CNST,0.0
MAPKAP1,0.0
CERS2,0.0
ACOT2,0.0
QKI,0.0
CDC42EP2,0.0
TERF1,0.0
MYH15,0.0
EAF1,0.0
FAM185A,0.0
ARID1A,0.0
SMARCA1,0.0
TCIRG1,0.0
MLLT1,0.0
TAS2R5,0.0
HES6,0.0
DUSP12,0.0
PCSK7,0.0
SYNGR2,0.0
PNRC1,0.0
OR6A2,0.0
ADORA2B,0.0
HELB,0.0
SWI5,0.0
PTRH1,0.0
TRIT1,0.0
MRC2,0.0
NUDT10,0.0
NRBP1,0.0
TECPR1,0.0
AATF,0.0
SLC7A1,0.0
AFAP1L2,0.0
LRRC45,0.0
TMEM11,0.0
TGFBRAP1,0.0
BIRC6,0.0
NR1H3,0.0
ZMYM1,0.0
SBNO1,0.0
CASTOR1,0.0
TMBIM1,0.0
EPM2A,0.0
STX17,0.0
TLN1,0.0
GGNBP2,0.0
RAB3IL1,0.0
SKA1,0.0
LURAP1L,0.0
TUBD1,0.0
NQO1,0.0
MCM3AP,0.0
CFAP69,0.0
C3orf62,0.0
KHNYN,0.0
STK33,0.0
IGFBP6,0.0
TOX4,0.0
LUC7L3,0.0
XRCC5,0.0
MAN1B1,0.0
LYPD6,0.0
NELFCD,0.0
C1orf226,0.0
MMACHC,0.0
WASHC3,0.0
BORCS6,0.0
TMC7,0.0
RAB43,0.0
HMBOX1,0.0
ATG16L1,0.0
MRPS10,0.0
TAF4B,0.0
TAF6,0.0
CRACR2B,0.0
IKZF2,0.0
KRTCAP2,0.0
SFT2D1,0.0
TMEM62,0.0
TMEM101,0.0
BATF3,0.0
GAL3ST2,0.0
EEF2KMT,0.0
USP35,0.0
MRPL38,0.0
ARMH3,0.0
DEPTOR,0.0
SETX,0.0
PON2,0.0
JAG1,0.0
TREX1,0.0
ALDH3A2,0.0
RPUSD3,0.0
TRAIP,0.0
EIF1B,0.0
ARHGAP18,0.0
ACBD7,0.0
UCK1,0.0
FNDC4,0.0
MAFB,0.0
TPD52,0.0
RPP14,0.0
TMEM17,0.0
NPIPA7,0.0
EIF4ENIF1,0.0
PTRHD1,0.0
ZFPM1,0.0
CMIP,0.0
RIOK1,0.0
SETDB1,0.0
TOLLIP,0.0
DR1,0.0
FASTKD2,0.0
EMD,0.0
TEAD4,0.0
UBASH3B,0.0
CNOT3,0.0
LRRC8C,0.0
S100A3,0.0
IGFBP7,0.0
ACACB,0.0
GID8,0.0
ATF7IP,0.0
AKIP1,0.0
SNX19,0.0
TRMT2A,0.0
SFI1,0.0
GPN3,0.0
UBTD1,0.0
CCDC174,0.0
TCEANC,0.0
C2orf27A,0.0
HPSE,0.0
HECTD3,0.0
ULK1,0.0
AARSD1,0.0
AASDH,0.0
ABCC4,0.0
ABCC6,0.0
ABLIM2,0.0
ACP2,0.0
ACYP1,0.0
ADAMTSL1,0.0
ADCY7,0.0
ADCY9,0.0
AGAP11,0.0
AK9,0.0
AKAP2,0.0
AKAP2,0.0
AKR1C3,0.0
AKT1,0.0
AMY2B,0.0
ANGEL2,0.0
ANKHD1,0.0
CENPS-CORT,0.0
ARHGAP27,0.0
ARHGEF7,0.0
ARL17A,0.0
ARMC5,0.0
ARMCX5,0.0
ASPSCR1,0.0
ATP5MGL,0.0
ATP6V1C1,0.0
ATXN7L1,0.0
AZI2,0.0
BCAR3,0.0
BCCIP,0.0
BEST3,0.0
BMI1,0.0
BMP1,0.0
BRF1,0.0
BSCL2,0.0
BTBD7,0.0
BTG1,0.0
BTN3A2,0.0
C11orf45,0.0
C11orf49,0.0
C11orf49,0.0
C11orf54,0.0
C11orf80,0.0
C11orf98,0.0
METTL26,0.0
AL590560.1,0.0
FAAP20,0.0
FAAP20,0.0
C1RL,0.0
RTL10,0.0
MRNIP,0.0
CABYR,0.0
CAMKK2,0.0
CAPNS2,0.0
CARHSP1,0.0
CASP8,0.0
CBWD1,0.0
KYAT3,0.0
CCDC12,0.0
VPS50,0.0
CCDC148,0.0
CCDC74A,0.0
CD33,0.0
CDIP1,0.0
CDK15,0.0
CENPP,0.0
CEP128,0.0
CEP41,0.0
CETN3,0.0
CFH,0.0
CFL2,0.0
CHML,0.0
CHMP3,0.0
CLCN5,0.0
CLEC18A,0.0
CLK1,0.0
CMC4,0.0
CMTM1,0.0
CNNM2,0.0
CNOT10,0.0
CNOT10,0.0
CNOT1,0.0
CNOT2,0.0
CNOT8,0.0
CORO7,0.0
COX11,0.0
CPED1,0.0
CPT1C,0.0
CRIP2,0.0
CSF1R,0.0
CSNK1A1,0.0
CSNK2A1,0.0
CSNK2A3,0.0
CST3,0.0
CTBP2,0.0
CTNNA1,0.0
CTNND1,0.0
CXorf40A,0.0
CYB561D1,0.0
DACT2,0.0
DAZAP2,0.0
DBNDD1,0.0
DCLRE1C,0.0
DEPDC5,0.0
DGUOK,0.0
DIP2A,0.0
DIXDC1,0.0
DLC1,0.0
DNAJB14,0.0
DNAJC25-GNG10,0.0
DNMT3A,0.0
DOCK7,0.0
DOK3,0.0
DST,0.0
DSTN,0.0
EBLN2,0.0
EBPL,0.0
ECSIT,0.0
ECSIT,0.0
EFCAB5,0.0
EHF,0.0
EID3,0.0
EIF4E2,0.0
EIF4G1,0.0
EIF4G3,0.0
ENO1,0.0
ERCC5,0.0
ERICH2,0.0
ETNK1,0.0
ETS1,0.0
ETV3,0.0
FAM122A,0.0
FAM133B,0.0
FAM156A,0.0
FAM156A,0.0
FAM47E-STBD1,0.0
RIPOR3,0.0
DIPK1A,0.0
FARP1,0.0
FARP1,0.0
FARP2,0.0
FASTKD1,0.0
FBXO44,0.0
FBXO44,0.0
FBXW7,0.0
FBXW7,0.0
FKBP1A,0.0
FLNB,0.0
FLNB,0.0
FMR1,0.0
FNDC3A,0.0
FNDC3A,0.0
FNTB,0.0
FOXP1,0.0
FPGS,0.0
FSBP,0.0
FURIN,0.0
GALE,0.0
GAS6,0.0
GBA,0.0
MYZAP,0.0
MYZAP,0.0
GFM2,0.0
GGA1,0.0
GGA1,0.0
GGA1,0.0
GGT1,0.0
GGT6,0.0
GNPDA2,0.0
GOLGA6L10,0.0
GORASP1,0.0
GPN1,0.0
GPR21,0.0
GPR75,0.0
GPSM1,0.0
GTDC1,0.0
HBS1L,0.0
HEY1,0.0
HFE,0.0
HFE,0.0
HHAT,0.0
HMGA1,0.0
HOXC5,0.0
HOXC8,0.0
HTR7,0.0
HTRA3,0.0
HYDIN,0.0
HYDIN,0.0
IFI35,0.0
IFRD1,0.0
IKBIP,0.0
IL15RA,0.0
IL18BP,0.0
INPP5F,0.0
IQSEC2,0.0
ISY1,0.0
ITGA1,0.0
ITGB2,0.0
ITGBL1,0.0
ITSN1,0.0
JMJD7-PLA2G4B,0.0
JMJD7-PLA2G4B,0.0
KCNIP2,0.0
KCNN2,0.0
KCNRG,0.0
KCNRG,0.0
KCTD14,0.0
KCTD20,0.0
KCTD6,0.0
KCTD6,0.0
MACF1,0.0
VIRMA,0.0
KLC4,0.0
KMT2A,0.0
KMT2A,0.0
KMT2D,0.0
KTI12,0.0
LARP6,0.0
LLGL2,0.0
LMCD1,0.0
LMO7,0.0
CEP295NL,0.0
CEP295NL,0.0
LONRF3,0.0
LRRC20,0.0
LRRC27,0.0
LRRC70,0.0
LRTOMT,0.0
LRTOMT,0.0
LSMEM1,0.0
LSR,0.0
LTB4R,0.0
LUC7L2,0.0
LYPD1,0.0
LYRM4,0.0
LYRM4,0.0
LZTFL1,0.0
MAFF,0.0
MED12,0.0
BORCS8,0.0
BORCS8,0.0
EEF1AKMT3,0.0
MFAP3L,0.0
MGAT4A,0.0
MGST2,0.0
MGST2,0.0
MICAL1,0.0
MID1,0.0
MIER1,0.0
MIER1,0.0
MICOS10,0.0
MNX1,0.0
MPC1,0.0
MRPL11,0.0
MRPL33,0.0
MSL3,0.0
MSRB3,0.0
MXRA7,0.0
COPS9,0.0
MYO19,0.0
NAA10,0.0
NAP1L5,0.0
NAT1,0.0
NAA80,0.0
NBL1,0.0
NCOR1,0.0
NSMCE3,0.0
NDUFV3,0.0
NEDD4,0.0
NEDD9,0.0
NET1,0.0
NF2,0.0
NFKBIZ,0.0
NME4,0.0
NOTCH2NLA,0.0
NOTCH4,0.0
NOX5,0.0
NR2F2,0.0
NUBP2,0.0
NUBP2,0.0
NUP62,0.0
OCLM,0.0
ODF2,0.0
ODF2L,0.0
ORAI2,0.0
OSR2,0.0
OXCT2,0.0
PAPOLB,0.0
PATZ1,0.0
PCDHGA7,0.0
PCDHGB3,0.0
PCDHGB4,0.0
PCDHGB6,0.0
PDCD2,0.0
PDCD2,0.0
PDE4DIP,0.0
PDE4DIP,0.0
PDLIM3,0.0
PDZD7,0.0
PECR,0.0
PEX1,0.0
PHLDB2,0.0
PHOSPHO2,0.0
PHOSPHO2,0.0
PIAS3,0.0
PIGF,0.0
PIGT,0.0
PLA2G4B,0.0
PLEKHA5,0.0
POFUT1,0.0
POLR2H,0.0
POLR2J2,0.0
POLR3GL,0.0
PPCDC,0.0
PPCDC,0.0
PPM1B,0.0
PPP1R12B,0.0
PPP1R12B,0.0
PPP1R12B,0.0
PPP2R2D,0.0
PPP3CB,0.0
SLC66A2,0.0
SLC66A3,0.0
PRDM11,0.0
PRDM15,0.0
PRR16,0.0
PSMA6,0.0
PSMA6,0.0
PSMD9,0.0
PTPN9,0.0
PTTG2,0.0
RABGAP1L,0.0
RABGAP1L,0.0
RBM38,0.0
RBM38,0.0
RBPMS,0.0
RCOR3,0.0
RDH13,0.0
RDH14,0.0
RDX,0.0
RGS20,0.0
RIBC1,0.0
RIMBP3B,0.0
RIMKLB,0.0
RNF115,0.0
RNF123,0.0
RNF148,0.0
RNF166,0.0
RNF32,0.0
RPL36A,0.0
RPP21,0.0
RPP21,0.0
RPP40,0.0
RPS20,0.0
RPS6KA5,0.0
RUFY2,0.0
RUNX1,0.0
RXRA,0.0
S100A13,0.0
SAE1,0.0
SCO2,0.0
SEMA6D,0.0
SEPTIN6,0.0
SEPTIN6,0.0
SF3A1,0.0
SH3GL1,0.0
SHISA5,0.0
SHOC2,0.0
SLC14A1,0.0
SLC22A23,0.0
SLC25A25,0.0
SLC25A27,0.0
SLC38A10,0.0
SLC5A3,0.0
SMAD3,0.0
SMAD6,0.0
SMUG1,0.0
SMUG1,0.0
SNX10,0.0
SOGA1,0.0
SON,0.0
SON,0.0
SPATC1L,0.0
SPECC1L,0.0
SPECC1L,0.0
SPEF2,0.0
SPOCK3,0.0
SSBP1,0.0
SSX5,0.0
ST20,0.0
ST6GALNAC2,0.0
STOM,0.0
STON1,0.0
SULT1A1,0.0
SUMO4,0.0
SYNJ2BP,0.0
SYS1,0.0
SYS1,0.0
TAF6,0.0
TAP2,0.0
TAS2R14,0.0
TBC1D1,0.0
TBC1D2,0.0
TBXAS1,0.0
TCF12,0.0
TCOF1,0.0
TEKT4,0.0
TEX264,0.0
TEX30,0.0
TGFB1,0.0
TGFBR3,0.0
TGIF2,0.0
TGIF2-RAB5IF,0.0
THADA,0.0
THADA,0.0
TIMM17B,0.0
TIMM23B,0.0
TMEFF1,0.0
TMEM161B,0.0
TMEM189,0.0
TMEM189,0.0
CEMIP2,0.0
TMEM249,0.0
TMEM249,0.0
TLCD4-RWDD3,0.0
TMEM67,0.0
TMEM68,0.0
TMEM8B,0.0
TNFAIP8L1,0.0
TNFSF12,0.0
TNK2,0.0
TP53I3,0.0
TPM1,0.0
TPTE,0.0
TRIM13,0.0
TRIM34,0.0
TRIM34,0.0
TRIM6-TRIM34,0.0
TRIM7,0.0
TRPV1,0.0
TTC39C,0.0
TUBD1,0.0
TUBGCP3,0.0
TVP23C,0.0
TVP23C,0.0
UBE2D3,0.0
UBE2V1,0.0
UCHL5,0.0
UHRF1BP1L,0.0
UNKL,0.0
UQCRH,0.0
URGCP-MRPS24,0.0
USP33,0.0
USP39,0.0
VAPA,0.0
VEGFA,0.0
VPS16,0.0
VPS16,0.0
VPS29,0.0
VPS29,0.0
VPS45,0.0
VPS51,0.0
VWA1,0.0
VWA8,0.0
WDPCP,0.0
WDR4,0.0
WDR66,0.0
WDR78,0.0
NSD3,0.0
WWP2,0.0
WWP2,0.0
XKR6,0.0
XPC,0.0
XPNPEP3,0.0
YY2,0.0
LRCH4,0.0
ZBED1,0.0
ZBED6,0.0
ZBTB8A,0.0
ZFP41,0.0
ZFX,0.0
ZFYVE19,0.0
ZFYVE28,0.0
ZHX1,0.0
ZIC1,0.0
ZNF12,0.0
ZNF138,0.0
ZNF195,0.0
ZNF226,0.0
ZNF334,0.0
ZNF343,0.0
ZNF415,0.0
ZNF419,0.0
ZNF429,0.0
ZNF559,0.0
ZNF559,0.0
ZNF559,0.0
ZNF559,0.0
ZNF559,0.0
ZNF563,0.0
ZNF565,0.0
ZNF595,0.0
ZNF610,0.0
ZNF655,0.0
ZNF678,0.0
ZNF707,0.0
ZNF709,0.0
ZNF718,0.0
ZNF726,0.0
ZNF727,0.0
ZNF729,0.0
ZNF780A,0.0
ZNF808,0.0
ZNF823,0.0
ZNF845,0.0
ZNF85,0.0
ZNF878,0.0
ZNF91,0.0
ZSCAN12,0.0
ZSCAN31,0.0
GTF2IP1,0.0
HLA-DRB1,0.0
GFOD1,0.0
CBWD3,0.0
KHDRBS3,0.0
USP32P2,0.0
SDHAP2,0.0
TMEM65,0.0
GNAI2,0.0
CPOX,0.0
PRAF2,0.0
TCEAL4,0.0
IFI27,0.0
MT1M,0.0
UBE2A,0.0
DUSP14,0.0
XIST,0.0
PRSS2,0.0
MTERF3,0.0
CCNC,0.0
RBM34,0.0
PIGB,0.0
NET1,0.0
CAST,0.0
KIF4A,0.0
PAK4,0.0
GNAI3,0.0
PHKA1,0.0
PCBD1,0.0
MED24,0.0
TNFRSF1B,0.0
MSI2,0.0
RNPC3,0.0
ALAS1,0.0
DENND3,0.0
PRMT5,0.0
PSMD9,0.0
CETN3,0.0
TXNRD2,0.0
FLAD1,0.0
MAPK1IP1L,0.0
EIF2B1,0.0
TESK1,0.0
IKBIP,0.0
CXCL1,0.0
OPHN1,0.0
MAFF,0.0
PRSS3,0.0
RPP38,0.0
CXCR4,0.0
POLR3B,0.0
STX4,0.0
BLOC1S2,0.0
CCDC85B,0.0
AOPEP,0.0
UBE2A,0.0
RELB,0.0
CHST11,0.0
MRPL3,0.0
CRTAM,0.0
CYP26B1,0.0
VEGFD,0.0
CREB1,0.0
CRTAP,0.0
ZMYM2,0.0
DNAJC15,0.0
PAFAH1B3,0.0
NVL,0.0
SMARCD2,0.0
PAPOLA,0.0
SRP72,0.0
ZBTB21,0.0
ARHGEF9,0.0
LINC01279,0.0
UEVLD,0.0
ELOC,0.0
POC1B-GALNT4,0.0
ZNF682,0.0
AKR7A2,0.0
POLB,0.0
STMP1,0.0
CLASRP,0.0
CDAN1,0.0
COL13A1,0.0
C9orf116,0.0
SAMD11,0.0
XPA,0.0
CT83,0.0
LBHD1,0.0
PRR16,0.0
EIF5A2,0.0
MX2,0.0
TBC1D29P,0.0
ABHD17A,0.0
POLL,0.0
HTRA3,0.0
RAD51AP2,0.0
ZNF81,0.0
CHRDL1,0.0
RUBCN,0.0
PEX19,0.0
AK8,0.0
ZFYVE27,0.0
CLPTM1,0.0
MORC3,0.0
GCHFR,0.0
POLR2D,0.0
STS,0.0
NAF1,0.0
BZW2,0.0
PRPF3,0.0
EIF3C,0.0
CCDC17,0.0
CNPY3,0.0
PLEKHA5,0.0
ZNF595,0.0
ITGBL1,0.0
F12,0.0
RBIS,0.0
ATXN7L2,0.0
CFHR1,0.0
RXYLT1,0.0
AURKC,0.0
BMERB1,0.0
TRIM36,0.0
RAPSN,0.0
DAPK1,0.0
POLR3F,0.0
KIZ,0.0
GADD45B,0.0
C15orf41,0.0
SMCO2,0.0
RNF185,0.0
FRMD3,0.0
SCUBE3,0.0
ATP6AP1L,0.0
ILK,0.0
ZNF534,0.0
EHMT2,0.0
JMJD4,0.0
NDUFA3,0.0
WAS,0.0
MR1,0.0
LRP5,0.0
IL11,0.0
ACTR3C,0.0
GPSM1,0.0
BRI3,0.0
PIGU,0.0
FAM166A,0.0
DNAH14,0.0
ASB18,0.0
MROH8,0.0
FAM193A,0.0
SLCO3A1,0.0
SPAG8,0.0
COG4,0.0
EIF4G2,0.0
ULBP3,0.0
ANKRD53,0.0
INO80,0.0
RUFY1,0.0
LRRK1,0.0
THBS3,0.0
PCBP1,0.0
ANKRD18B,0.0
TMEM92,0.0
CNIH1,0.0
TNFAIP8L1,0.0
SNRNP70,0.0
CGB8,0.0
FADS3,0.0
MEIG1,0.0
RIN1,0.0
MYCL,0.0
DGKH,0.0
PAXX,0.0
INPP1,0.0
RNF167,0.0
TSGA10,0.0
IL18BP,0.0
AKR7A2,0.0
SMA5,0.0
AC132008.2,0.0
QARS1,0.0
VAMP3,0.0
MSANTD2,0.0
SLX1A,0.0
PCDHGA12,0.0
C3orf52,0.0
MDP1,0.0
GSTT2B,0.0
CYGB,0.0
FOXQ1,0.0
RP9,0.0
SRGAP2C,0.0
HES4,0.0
FOXD4L1,0.0
CENPS,0.0
HNRNPH2,0.0
MAP6D1,0.0
SLX1B,0.0
ZNF470,0.0
RNF220,0.0
VSTM1,0.0
SULT1A3,0.0
UPK3BL1,0.0
RFPL4AL1,0.0
FOXD4L3,0.0
ZNF14,0.0
RSC1A1,0.0
ZNF790,0.0
POTEE,0.0
C8orf76,0.0
TIAF1,0.0
NPIPA5,0.0
F8A2,0.0
AMY1C,0.0
GNG5,0.0
BMP8B,0.0
CHCHD1,0.0
ERCC6,0.0
TP53INP2,0.0
XAGE1A,0.0
ACSS1,0.0
SNX15,0.0
SPINK4,0.0
SMN2,0.0
AK6,0.0
TAS2R13,0.0
PDCD10,0.0
MTPN,0.0
KRT34,0.0
MB,0.0
PCDHGB7,0.0
EIF3CL,0.0
FAM72D,0.0
PKDCC,0.0
GGT2,0.0
KCTD17,0.0
TPRN,0.0
MOB4,0.0
POTEJ,0.0
FAM187A,0.0
NPIPB4,0.0
SAPCD1,0.0
NPIPB3,0.0
PPIAL4G,0.0
NFE4,0.0
AKR7L,0.0
RTEL1,0.0
ZKSCAN7,0.0
ANKRD20A4,0.0
RGPD5,0.0
INO80B,0.0
RFPL4A,0.0
PIGBOS1,0.0
CKMT1B,0.0
SCHIP1,0.0
OR4F3,0.0
ANKRD36C,0.0
ZNF853,0.0
C4B,0.0
ZRANB3,0.0
MED15,0.0
ZNF525,0.0
C1GALT1C1L,0.0
ANKRD20A2,0.0
CNKSR1,0.0
MAGED4B,0.0
QARS1,0.0
LAMTOR5,0.0
KIAA0408,0.0
LRWD1,0.0
HDHD3,0.0
MUSTN1,0.0
UROD,0.0
FTSJ1,0.0
LRRC37A,0.0
CNOT6,0.0
SERF1B,0.0
TBC1D32,0.0
TICAM2,0.0
DNAH10OS,0.0
DAP,0.0
PCDHGA11,0.0
NPIPB5,0.0
NPIPB11,0.0
PIGY,0.0
NPIPA2,0.0
WDR97,0.0
SAA2,0.0
NPIPB8,0.0
GALNT4,0.0
C8orf82,0.0
BAZ2A,0.0
PAN2,0.0
CFAP54,0.0
OAS2,0.0
TMEM199,0.0
PCK2,0.0
TLE3,0.0
BAHD1,0.0
TBC1D3G,0.0
TP53TG3C,0.0
PCDHGA4,0.0
DPH1,0.0
TBCD,0.0
PPIAL4A,0.0
EPOR,0.0
CTDP1,0.0
ZNF428,0.0
ZNF431,0.0
AC213203.1,0.0
NBPF14,0.0
NUDT3,0.0
LINC01145,0.0
TBC1D3H,0.0
FAM156B,0.0
GOLGA8N,0.0
NBPF9,0.0
AS3MT,0.0
FAM25C,0.0
H4C14,0.0
CDRT4,0.0
CBWD6,0.0
TAS2R46,0.0
HNRNPCL2,0.0
SMIM11B,0.0
CERS1,0.0
CBSL,0.0
SPDYE16,0.0
PCDHGA1,0.0
BAGE2,0.0
VEGFD,0.0
C8orf76,0.0
GCNT2P1,0.0
NUTM2D,0.0
KYAT1,0.0
KAT14,0.0
C8orf82,0.0
NPIPA8,0.0
NBPF8,0.0
ANKRD20A8P,0.0
NBPF11,0.0
HNRNPCL2,0.0
NPIPA1,0.0
GALNT13,0.0
TMEM183A,0.0
H4C3,0.0
NCBP2,0.0
IGHV3-15,0.0
ATRIP,0.0
ZSWIM4,0.0
NELFB,0.0
ZSWIM6,0.0
ABCD3,0.0
DHX8,0.0
ZNF43,0.0
C2CD6,0.0
ZNF41,0.0
PTRH2,0.0
TLNRD1,0.0
ZNF670,0.0
ELF4,0.0
OVCH2,0.0
MFSD10,0.0
DENND4B,0.0
DGAT1,0.0
SCART1,0.0
TMEM269,0.0
PRSS51,0.0
LIN28B,0.0
RBM12B,0.0
RPS6KA4,0.0
SFT2D2,0.0
NOG,0.0
FTCD,0.0
CCN3,0.0
MINPP1,0.0
FOXC1,0.0
SMAD2,0.0
NIPSNAP2,0.0
TRIM65,0.0
SP5,0.0
SS18L1,0.0
PLEKHH3,0.0
SIX1,0.0
DIPK1B,0.0
TBL3,0.0
THOC5,0.0
MANBA,0.0
ZNF841,0.0
TMEM42,0.0
PARP15,0.0
SH3BP2,0.0
NUBPL,0.0
GGCT,0.0
RPRM,0.0
PLCH2,0.0
POP7,0.0
ATP5IF1,0.0
CYP2R1,0.0
RAPGEF1,0.0
GLYCTK,0.0
SHISA4,0.0
TMEM216,0.0
SHISA3,0.0
TMEM218,0.0
COX14,0.0
TP53BP2,0.0
EIF2B2,0.0
TEX10,0.0
TEX12,0.0
ADAP1,0.0
SH3D21,0.0
TET3,0.0
PCIF1,0.0
NCBP2AS2,0.0
SOWAHC,0.0
NAA50,0.0
NFYB,0.0
SMIM30,0.0
LRP2BP,0.0
SMARCA5,0.0
AXIN1,0.0
CROCC,0.0
LCN2,0.0
ARHGAP39,0.0
POLR3D,0.0
POLR3C,0.0
SBK1,0.0
PRMT2,0.0
SLC25A2,0.0
CDH24,0.0
PER2,0.0
PER1,0.0
MTPAP,0.0
MRPL22,0.0
TRBV10-3,0.0
HTD2,0.0
USP44,0.0
PPARGC1B,0.0
TMEM79,0.0
PPP6C,0.0
PJA2,0.0
ZNF581,0.0
MRPL2,0.0
SCRN2,0.0
ATP5PF,0.0
MSRB1,0.0
ANAPC2,0.0
OAS3,0.0
FAM160B1,0.0
SRC,0.0
TSSK4,0.0
SRF,0.0
TRAFD1,0.0
NMB,0.0
RNF38,0.0
LDHAL6B,0.0
ECM1,0.0
GCNT1,0.0
RBFA,0.0
CARD6,0.0
PIGV,0.0
KLHL7,0.0
PDK1,0.0
DEDD2,0.0
ZFAND3,0.0
CYB561D2,0.0
PALM2AKAP2,0.0
MTX3,0.0
MYSM1,0.0
WDR55,0.0
CCNY,0.0
PACSIN2,0.0
ZNF519,0.0
RASSF3,0.0
FTCDNL1,0.0
MFSD3,0.0
SLC25A53,0.0
RHOU,0.0
C13orf46,0.0
ITPR2,0.0
ACO2,0.0
ANKRD29,0.0
B3GNT10,0.0
AGO3,0.0
MCPH1,0.0
GRPEL1,0.0
FJX1,0.0
BRD1,0.0
FZD4,0.0
PCM1,0.0
RAP2B,0.0
AMFR,0.0
PHLPP1,0.0
PROX1,0.0
FHOD3,0.0
PIAS4,0.0
PSMB8,0.0
TMEM236,0.0
PCCB,0.0
FAM155A,0.0
KIAA0556,0.0
HOOK2,0.0
TMEM160,0.0
LRRC56,0.0
DENND1B,0.0
BARX2,0.0
PMVK,0.0
TARBP2,0.0
KLHDC8B,0.0
IFFO1,0.0
TMCO1,0.0
CCDC146,0.0
DBN1,0.0
DLG1,0.0
PTGER4,0.0
EEF1AKNMT,0.0
B3GALT4,0.0
CXCL11,0.0
RAPGEF4,0.0
STARD9,0.0
RAB7A,0.0
SIRT7,0.0
UBAC1,0.0
TSPYL1,0.0
FUNDC2,0.0
SENP8,0.0
PPARD,0.0
PPP1R3D,0.0
RING1,0.0
TTC37,0.0
GFPT1,0.0
ZNF837,0.0
ANKRD39,0.0
PRKAB2,0.0
NCOA5,0.0
LIMD2,0.0
DDB1,0.0
ARL15,0.0
CDK5RAP1,0.0
HNF4G,0.0
PHETA1,0.0
CAPN5,0.0
SH2D3A,0.0
NOXRED1,0.0
RNPEPL1,0.0
GZF1,0.0
P2RY2,0.0
MAP3K11,0.0
CTNNBIP1,0.0
AL135905.2,0.0
KIAA1549,0.0
LRRC40,0.0
LRRC46,0.0
UBXN11,0.0
DNTTIP1,0.0
PPP2R1B,0.0
PWWP2B,0.0
FAM120C,0.0
AC093323.1,0.0
SDE2,0.0
PTGES3,0.0
UBTD2,0.0
TAS2R20,0.0
FUBP1,0.0
PCDHGB1,0.0
MTDH,0.0
YJEFN3,0.0
ADAMTSL5,0.0
ZBTB8A,0.0
AP002495.2,0.0
PRSS27,0.0
AL845331.2,0.0
ZNF275,0.0
UPF1,0.0
WDR36,0.0
TCTE3,0.0
SDSL,0.0
FZD7,0.0
RALB,0.0
CDKAL1,0.0
ALKBH1,0.0
ATR,0.0
HAAO,0.0
ELOA,0.0
PDE11A,0.0
S1PR2,0.0
GPATCH11,0.0
HNRNPA1P48,0.0
CITED2,0.0
NRARP,0.0
PTK6,0.0
NANP,0.0
PRKCI,0.0
COPA,0.0
DDX20,0.0
ERBB2,0.0
UBE2J1,0.0
PPP1R2,0.0
MAP3K2,0.0
DEAF1,0.0
PPP1R8,0.0
TRPV4,0.0
MFSD14C,0.0
SHC4,0.0
IARS1,0.0
TMEM109,0.0
TMEM107,0.0
CTSW,0.0
NME6,0.0
CNTLN,0.0
TEX54,0.0
NT5M,0.0
LBX2,0.0
GPAA1,0.0
PDP2,0.0
ASB6,0.0
NAA16,0.0
PLEKHH2,0.0
FGD4,0.0
EEFSEC,0.0
ACSS2,0.0
VPS4B,0.0
GMEB2,0.0
GPR68,0.0
RAB9B,0.0
YDJC,0.0
DTX4,0.0
PTCD2,0.0
PCDHGA10,0.0
POU3F2,0.0
ZBTB7B,0.0
COQ10A,0.0
POU5F2,0.0
RELCH,0.0
ARRDC1,0.0
PARG,0.0
AOC3,0.0
TRMT61B,0.0
PI4K2A,0.0
ZNF140,0.0
DENND2D,0.0
NDUFB11,0.0
LYN,0.0
BRICD5,0.0
PKIG,0.0
TLR5,0.0
ZNF213,0.0
CCDC62,0.0
NFKBIB,0.0
TYSND1,0.0
SVOPL,0.0
LRRC69,0.0
TRAPPC2,0.0
MIS12,0.0
LRRC66,0.0
UBE3B,0.0
TFE3,0.0
PGM5,0.0
PPIG,0.0
MIA3,0.0
PPP1R2B,0.0
ELOVL7,0.0
ACTR6,0.0
NSDHL,0.0
SCPEP1,0.0
LYL1,0.0
VPS36,0.0
NKX3-1,0.0
GNRH1,0.0
ANO7,0.0
NCKAP5L,0.0
UFL1,0.0
LIX1L,0.0
NEK5,0.0
NR2E3,0.0
UNC45A,0.0
RGS9BP,0.0
ZBTB45,0.0
ZDHHC12,0.0
DAND5,0.0
UBAC2,0.0
ZNF689,0.0
DHX29,0.0
TTI1,0.0
ZGPAT,0.0
RTL8C,0.0
EDNRA,0.0
FAM104A,0.0
CCDC51,0.0
ZNF225,0.0
SPRTN,0.0
SLC39A9,0.0
SLC35B2,0.0
ZNF350,0.0
EPDR1,0.0
LMF2,0.0
OTUD4,0.0
HTRA4,0.0
SPSB2,0.0
SLC25A52,0.0
FBXO30,0.0
SMC5,0.0
TNKS1BP1,0.0
C20orf204,0.0
ARID5B,0.0
NAA35,0.0
LAPTM4B,0.0
GPATCH2L,0.0
WDR83,0.0
GYG2,0.0
CCNA1,0.0
ESYT2,0.0
CBWD2,0.0
COA6,0.0
IL37,0.0
ERFL,0.0
ARMCX6,0.0
GSTA4,0.0
USP21,0.0
ZNF239,0.0
ADAMTS3,0.0
CCSER2,0.0
DMAC2,0.0
RNF207,0.0
HPCAL1,0.0
PABPC4L,0.0
SEC24C,0.0
CSF2,0.0
EIF2S3B,0.0
DDX59,0.0
DDX50,0.0
DDX51,0.0
CLDN23,0.0
GPR161,0.0
EGLN1,0.0
ZNF503,0.0
TMEM134,0.0
SCN5A,0.0
PLCXD2,0.0
CNBP,0.0
SAMD4B,0.0
SLX4,0.0
CDKL1,0.0
ZNF341,0.0
SLC35C2,0.0
GXYLT1,0.0
ZW10,0.0
HHLA3,0.0
SRXN1,0.0
GTF2A1,0.0
ALX4,0.0
HCLS1,0.0
A4GALT,0.0
AHCY,0.0
TAF1,0.0
GPR35,0.0
H2BS1,0.0
LRRC3,0.0
ACOT4,0.0
MCTS2P,0.0
BMPR2,0.0
ZBTB26,0.0
SLC22A1,0.0
WDR17,0.0
UHRF1BP1,0.0
SUPT7L,0.0
JUN,0.0
GSPT2,0.0
FAM98A,0.0
HOXB4,0.0
LRBA,0.0
RPP30,0.0
UGGT2,0.0
QSER1,0.0
DBR1,0.0
TRAC,0.0
RARRES1,0.0
CCDC85C,0.0
CLPSL2,0.0
AIMP1,0.0
AL022312.1,0.0
KYNU,0.0
CCNI2,0.0
STAM2,0.0
ZCCHC3,0.0
MTLN,0.0
ZNHIT2,0.0
FKBP1C,0.0
NFATC2IP,0.0
MIDN,0.0
FLNC,0.0
PCDHA4,0.0
DRD4,0.0
HECTD2,0.0
OAF,0.0
BLID,0.0
ADPRHL2,0.0
PPIAL4H,0.0
ENTPD5,0.0
IGLV5-52,0.0
CHTOP,0.0
COG7,0.0
OASL,0.0
FAM76A,0.0
ATP8B3,0.0
ELP4,0.0
SPRYD4,0.0
ASXL1,0.0
LATS1,0.0
ZBTB39,0.0
DDX60L,0.0
RNF227,0.0
SIRT2,0.0
NCOA6,0.0
PEX6,0.0
POMGNT1,0.0
WNT5B,0.0
HRCT1,0.0
CLDN12,0.0
TBXA2R,0.0
SYNE3,0.0
STOML1,0.0
SLC25A36,0.0
DCAF17,0.0
PDCL,0.0
DSCAM,0.0
UBQLN4,0.0
NAGS,0.0
ULK4,0.0
KCNJ14,0.0
POU4F1,0.0
PTPRU,0.0
C1QTNF1,0.0
CREB3L2,0.0
PTPRF,0.0
PTPRJ,0.0
SRSF11,0.0
SEC23IP,0.0
PIK3R4,0.0
WDR6,0.0
DIAPH2,0.0
SUV39H1,0.0
FKBPL,0.0
PRR12,0.0
CSRP1,0.0
TAS2R4,0.0
HMGN4,0.0
RC3H2,0.0
CRIPT,0.0
ARNT2,0.0
PAFAH2,0.0
ZNRF1,0.0
TTC30B,0.0
WDR33,0.0
CROT,0.0
TAF11,0.0
HGSNAT,0.0
NUDT16L1,0.0
DCTN3,0.0
HIC1,0.0
RBM10,0.0
RBM18,0.0
SLC25A43,0.0
NBEAL2,0.0
TENT4A,0.0
PPFIA4,0.0
TRBV13,0.0
CLCN7,0.0
MBD4,0.0
RABGGTA,0.0
MBD1,0.0
HPS4,0.0
ZNF260,0.0
AKAP9,0.0
PROSER2,0.0
MAMLD1,0.0
YIPF2,0.0
SLC29A2,0.0
CLDN4,0.0
NRTN,0.0
CSK,0.0
TICAM1,0.0
IRF9,0.0
MMUT,0.0
AKR1C4,0.0
TNFSF9,0.0
CHPT1,0.0
DNMBP,0.0
LYSMD1,0.0
KLHL17,0.0
PAF1,0.0
YTHDF3,0.0
JOSD1,0.0
REEP3,0.0
TMEM225B,0.0
AMIGO3,0.0
RCE1,0.0
LENG9,0.0
GNB1L,0.0
ZNF723,0.0
ELL,0.0
TRBV12-4,0.0
FAM229A,0.0
LMAN2L,0.0
MFSD6,0.0
CEACAM19,0.0
NOTCH1,0.0
FGFRL1,0.0
CERS5,0.0
RAPH1,0.0
FBH1,0.0
MAN1A2,0.0
PRRC2A,0.0
ADTRP,0.0
UNC119B,0.0
DNAJC13,0.0
EIF5A,0.0
NONO,0.0
B4GALT2,0.0
STK36,0.0
B3GNT8,0.0
POFUT2,0.0
SNX12,0.0
SLC49A3,0.0
SNX18,0.0
ZBED3,0.0
TRBV12-3,0.0
BTAF1,0.0
PBDC1,0.0
NANOS1,0.0
TMTC3,0.0
SPATA24,0.0
BTN2A1,0.0
PLAAT1,0.0
SPATA2L,0.0
LAMTOR3,0.0
DNAH11,0.0
DHCR7,0.0
LY96,0.0
BRPF1,0.0
MPST,0.0
MYCBP2,0.0
APEH,0.0
EDN2,0.0
SCAMP3,0.0
TSPAN6,0.0
ZKSCAN2,0.0
ZKSCAN8,0.0
UBE2L5,0.0
SLMAP,0.0
TMEM181,0.0
CNFN,0.0
SAMD1,0.0
DENND6A,0.0
SLC10A3,0.0
SH2D4A,0.0
GYS1,0.0
TAF3,0.0
PDCD7,0.0
TRAPPC2B,0.0
SYDE1,0.0
FER,0.0
ARFGEF1,0.0
GIPR,0.0
GVQW3,0.0
XKR8,0.0
SMU1,0.0
PHF20L1,0.0
PALD1,0.0
ANKRD2,0.0
DISP1,0.0
CUBN,0.0
ORC2,0.0
PLAT,0.0
PLAA,0.0
SPATA1,0.0
IFFO1,0.0
NCBP2,0.0
TMCO1,0.0
SRSF11,0.0
DLG1,0.0
PCCB,0.0
DHX8,0.0
WDR6,0.0
ARID5B,0.0
AKAP9,0.0
STARD9,0.0
CSRP1,0.0
RC3H2,0.0
DBN1,0.0
EDNRA,0.0
CCDC51,0.0
DZANK1,0.0
ARFGEF1,0.0
MPP1,0.0
EPDR1,0.0
PPP2R1B,0.0
HGSNAT,0.0
DDB1,0.0
KIAA0513,0.0
TNKS1BP1,0.0
NIPSNAP2,0.0
NBEAL2,0.0
ERBB2,0.0
ZNF18,0.0
WDR83,0.0
GYG2,0.0
LRRIQ3,0.0
ANK1,0.0
RABGGTA,0.0
CSK,0.0
MARCHF7,0.0
USP21,0.0
UBXN11,0.0
DNTTIP1,0.0
CCSER2,0.0
HPCAL1,0.0
TBL3,0.0
PROSER2,0.0
THOC5,0.0
MANBA,0.0
ZNF841,0.0
YIPF2,0.0
GGCT,0.0
YTHDF3,0.0
DDX59,0.0
ADAMTSL5,0.0
ATRIP,0.0
MLLT10,0.0
SDSL,0.0
TTC37,0.0
IRF9,0.0
SARDH,0.0
EIF2B2,0.0
ATR,0.0
SH3BP2,0.0
PDE11A,0.0
SAMD4B,0.0
MRPL22,0.0
ENO4,0.0
RAPGEF1,0.0
TRIM65,0.0
RCE1,0.0
APEH,0.0
GTF2A1,0.0
SLMAP,0.0
DNAJC13,0.0
PAF1,0.0
PACSIN2,0.0
COPA,0.0
MFSD6,0.0
UBAC2,0.0
DDX20,0.0
N4BP2L1,0.0
CERS5,0.0
DEAF1,0.0
MAP3K21,0.0
IARS1,0.0
PER1,0.0
TRMT61B,0.0
NME6,0.0
ARL15,0.0
NONO,0.0
GPATCH2L,0.0
SCRN2,0.0
LRBA,0.0
STK36,0.0
POFUT2,0.0
DENND6A,0.0
SLC49A3,0.0
OAS3,0.0
FAM160B1,0.0
QSER1,0.0
WDR17,0.0
GPAA1,0.0
ZNF350,0.0
TP53BP2,0.0
NAA50,0.0
HECTD2,0.0
DHCR7,0.0
ZNF140,0.0
MYCBP2,0.0
ENTPD5,0.0
KLHL7,0.0
WDR55,0.0
CCDC62,0.0
NFKBIB,0.0
CHD7,0.0
UBE3B,0.0
DDX60L,0.0
SIRT7,0.0
MIA3,0.0
ITPR2,0.0
PLAT,0.0
ANKRD29,0.0
TAF1,0.0
ACTR6,0.0
AGO3,0.0
SS18L1,0.0
SCPEP1,0.0
PCM1,0.0
ELL,0.0
SYDE1,0.0
AMFR,0.0
FER,0.0
ADTRP,0.0
STOML1,0.0
PHF20L1,0.0
LATS1,0.0
DCAF17,0.0
BTN2A1,0.0
PTPRF,0.0
CHPT1,0.0
PLAA,0.0
CREB3L2,0.0
TARBP2,0.0
PTPRJ,0.0
RAPGEF1,0.0
CERS5,0.0
CCSER2,0.0
ERBB2,0.0
WDR6,0.0
AKAP9,0.0
DDX59,0.0
CHD7,0.0
SLMAP,0.0
DDX60L,0.0
STK36,0.0
MIA3,0.0
LRBA,0.0
TTC37,0.0
TP53BP2,0.0
ATR,0.0
PDE11A,0.0
SAMD4B,0.0
SCPEP1,0.0
PODNL1,0.0
APEH,0.0
DNAJC13,0.0
COPA,0.0
KLHL7,0.0
RABGGTA,0.0
NIPA2,0.0
CDRT1,0.0
SEMA4B,0.0
ZFYVE16,0.0
COMMD7,0.0
ZSWIM7,0.0
DMPK,0.0
YAF2,0.0
ZNF688,0.0
MAN2C1,0.0
SLC38A9,0.0
GMIP,0.0
IQCN,0.0
DBNL,0.0
COL7A1,0.0
EIF2A,0.0
GATC,0.0
ZNF772,0.0
ZNF738,0.0
ZNF771,0.0
TSN,0.0
CELF1,0.0
SFXN1,0.0
TSTD2,0.0
CWC25,0.0
ZNF510,0.0
ZNF222,0.0
RNF44,0.0
HNRNPCL2,0.0
ZNF286A,0.0
TP53I13,0.0
TTC31,0.0
TTC36,0.0
FKTN,0.0
NDUFV1,0.0
CIITA,0.0
RHOF,0.0
S100A5,0.0
BUD23,0.0
ZC3H18,0.0
ALG13,0.0
ZNF736,0.0
ZNF737,0.0
ZNF813,0.0
FIZ1,0.0
EPS8,0.0
ERAL1,0.0
ACAA1,0.0
TMEM223,0.0
TIMM50,0.0
TRA2B,0.0
HGS,0.0
ADAT3,0.0
GANC,0.0
THAP9,0.0
EAPP,0.0
PRCP,0.0
WDR74,0.0
TMEM175,0.0
MICA,0.0
ZNF264,0.0
ZNF267,0.0
CNPY2,0.0
ZNF268,0.0
RFFL,0.0
SSH1,0.0
CHFR,0.0
MRPL49,0.0
STRADB,0.0
FOXP4,0.0
NPIPB13,0.0
ATP7B,0.0
SHLD3,0.0
DHPS,0.0
TCF3,0.0
ATP5F1A,0.0
ZNF773,0.0
B3GAT3,0.0
COX10,0.0
ANKRD13D,0.0
TMEM126B,0.0
HDAC6,0.0
FBXW9,0.0
SIPA1,0.0
GPCPD1,0.0
TTLL13P,0.0
UNK,0.0
TRIM66,0.0
STX3,0.0
ERCC6,0.0
SORBS3,0.0
UBN1,0.0
FKRP,0.0
ZNF724,0.0
ARHGAP42,0.0
ATG16L2,0.0
PRR4,0.0
OGFR,0.0
CES2,0.0
CAMK2N2,0.0
NBPF19,0.0
ZNF66,0.0
DPH2,0.0
ZNF791,0.0
ZNF799,0.0
PPIL2,0.0
BLCAP,0.0
SLC30A5,0.0
CCNT2,0.0
FMNL3,0.0
TUT1,0.0
WDR61,0.0
PRMT7,0.0
ETFDH,0.0
BRD8,0.0
RPL11,0.0
MUC20,0.0
EME2,0.0
IFT43,0.0
TASOR2,0.0
HIST2H3PS2,0.0
MED26,0.0
LAIR2,0.0
ZSCAN2,0.0
VPS37A,0.0
CARD8,0.0
ZFAND2B,0.0
CLNS1A,0.0
MAP1S,0.0
PWP1,0.0
KIAA0753,0.0
ZNF611,0.0
SPACA6,0.0
RELA,0.0
RBCK1,0.0
EIF3G,0.0
SNX11,0.0
MTG1,0.0
VARS2,0.0
CTDSPL,0.0
ZNF326,0.0
SF3B3,0.0
DET1,0.0
FIS1,0.0
FAM136A,0.0
ZC3H3,0.0
HMGXB3,0.0
EIF5,0.0
CDC14B,0.0
SLCO1B3,0.0
C8G,0.0
ANKRD11,0.0
RPL22,0.0
NPIPB2,0.0
LPCAT2,0.0
PKN1,0.0
PIGN,0.0
OGFOD2,0.0
GTPBP3,0.0
DUSP15,0.0
FAM160A1,0.0
CCDC28B,0.0
PPT2,0.0
DNASE1,0.0
ZNF785,0.0
ZNF784,0.0
PFAS,0.0
COG8,0.0
SMIM26,0.0
PCGF3,0.0
MBTPS1,0.0
EXD3,0.0
SLC4A2,0.0
FMN1,0.0
NEK10,0.0
TCTN1,0.0
HAUS2,0.0
IFT122,0.0
SPATA17,0.0
TMEM91,0.0
RNF43,0.0
HEXIM2,0.0
SLC25A45,0.0
ANKRD20A1,0.0
MPI,0.0
ELOVL5,0.0
POLRMT,0.0
GATD1,0.0
EEF1AKMT4,0.0
TMEM86B,0.0
NAA20,0.0
CCDC106,0.0
BCL10,0.0
PABPC4,0.0
PICK1,0.0
ZNF487,0.0
DECR1,0.0
KCTD7,0.0
PLEKHN1,0.0
C12orf76,0.0
CTU2,0.0
UBE2G2,0.0
ZNF417,0.0
VPS13A,0.0
DAPK2,0.0
ZNF410,0.0
PGRMC2,0.0
TMX3,0.0
PCDH1,0.0
BBS5,0.0
TMEM25,0.0
ATF2,0.0
ANKRD11,0.0
USP28,0.0
SLC30A5,0.0
SEMA4B,0.0
ALG13,0.0
ZFYVE16,0.0
EIF3G,0.0
CNPY2,0.0
TUT1,0.0
ZC3H18,0.0
RELA,0.0
ZNF268,0.0
PFAS,0.0
MAN2C1,0.0
DHPS,0.0
SLC38A9,0.0
ETFDH,0.0
BRD8,0.0
SSH1,0.0
CHFR,0.0
DBNL,0.0
MBTPS1,0.0
NOS1AP,0.0
EIF2A,0.0
GATC,0.0
STRADB,0.0
CDRT1,0.0
TASOR2,0.0
FMN1,0.0
CIITA,0.0
ZSCAN2,0.0
TMEM175,0.0
TCTN1,0.0
VPS37A,0.0
CARD8,0.0
IFT122,0.0
RNF44,0.0
CLNS1A,0.0
TMEM91,0.0
NDUFV1,0.0
KATNAL2,0.0
MAP1S,0.0
KIAA0753,0.0
TP53I13,0.0
ATP5F1A,0.0
MPI,0.0
TTC31,0.0
GATD1,0.0
ANKRD13D,0.0
HDAC6,0.0
FKTN,0.0
MRPL49,0.0
SNX11,0.0
C2orf92,0.0
VARS2,0.0
BUD23,0.0
GPCPD1,0.0
CTDSPL,0.0
DMPK,0.0
PABPC4,0.0
ZNF286A,0.0
UNK,0.0
WDR61,0.0
ZNF737,0.0
YAF2,0.0
KCTD7,0.0
DTX2,0.0
PSMD4,0.0
SF3B3,0.0
COG8,0.0
SORBS3,0.0
UBN1,0.0
ATG16L2,0.0
ACAA1,0.0
TIMM50,0.0
VPS13A,0.0
ZNF410,0.0
RBCK1,0.0
CFAP298,0.0
PKN1,0.0
HGS,0.0
PIGN,0.0
POLRMT,0.0
DPH2,0.0
THAP9,0.0
ARHGAP42,0.0
ZNF791,0.0
ATF2,0.0
CDRT1,0.0
USP28,0.0
TMEM175,0.0
UNK,0.0
ZFYVE16,0.0
ZC3H18,0.0
RELA,0.0
ZNF268,0.0
PFAS,0.0
MAN2C1,0.0
BRD8,0.0
GMIP,0.0
CHFR,0.0
TIMM50,0.0
TASOR2,0.0
NEK10,0.0
TCTN1,0.0
CARD8,0.0
IFT122,0.0
DHPS,0.0
TCF3,0.0
NDUFV1,0.0
MAP1S,0.0
KIAA0753,0.0
HDAC6,0.0
PABPC4,0.0
TBCE,0.0
DTX2,0.0
SF3B3,0.0
EPS8,0.0
SORBS3,0.0
UBN1,0.0
ATG16L2,0.0
DNASE1,0.0
ZNF410,0.0
PKN1,0.0
PIGN,0.0
CES2,0.0
DPH2,0.0
TMEM25,0.0
HDAC6,0.0
FMN1,0.0
USP28,0.0
SLC30A5,0.0
SORBS3,0.0
NDUFV1,0.0
ZFYVE16,0.0
CARD8,0.0
TCF3,0.0
PIGN,0.0
CHFR,0.0
TBCE,0.0
TMEM25,0.0
FAM157B,0.0
MTRNR2L10,0.0
CYP51A1,0.0
CYP51A1,0.0
CYP51A1,0.0
FKBP4,0.0
FKBP4,0.0
FKBP4,0.0
FKBP4,0.0
CDC27,0.0
CDC27,0.0
DBF4,0.0
ZNF207,0.0
ZNF207,0.0
LYPLA2,0.0
LYPLA2,0.0
STRAP,0.0
SEC63,0.0
GABARAPL2,0.0
GABARAPL2,0.0
RPL26L1,0.0
STAU2,0.0
STAU2,0.0
STAU2,0.0
STAU2,0.0
DCUN1D1,0.0
RCN1,0.0
NFE2L3,0.0
GDI2,0.0
GDI2,0.0
MTA3,0.0
YBX3,0.0
EIF4B,0.0
EIF4B,0.0
NDUFB4,0.0
NDUFB4,0.0
MAP2K4,0.0
THUMPD1,0.0
MSANTD3,0.0
IDI1,0.0
PKM,0.0
NUCKS1,0.0
SMARCE1,0.0
SMARCE1,0.0
SMARCE1,0.0
TIPIN,0.0
REXO1,0.0
BZW1,0.0
BZW1,0.0
LYRM2,0.0
SCAMP1,0.0
SCAMP1,0.0
CHMP5,0.0
DIMT1,0.0
TMED2,0.0
ZFAND6,0.0
ZFAND6,0.0
PSMC5,0.0
DDX18,0.0
RPLP0,0.0
RPLP0,0.0
PEBP1,0.0
ERP29,0.0
ERP29,0.0
DDX24,0.0
MYL6,0.0
MYL6,0.0
NUP50,0.0
NUP50,0.0
NUP50,0.0
MRPS18A,0.0
RAB18,0.0
RAB18,0.0
TECR,0.0
DDTL,0.0
PES1,0.0
TOMM22,0.0
RPL3,0.0
TXN2,0.0
PHF5A,0.0
GNPNAT1,0.0
PSMA3,0.0
VTI1B,0.0
SNW1,0.0
SNW1,0.0
PGK1,0.0
SMS,0.0
CDK16,0.0
CDK16,0.0
CDK16,0.0
STK24,0.0
MRPS31,0.0
ARL2BP,0.0
CMC2,0.0
RAB11A,0.0
DNAJC17,0.0
BLOC1S6,0.0
BLOC1S6,0.0
EEF1D,0.0
EEF1D,0.0
EEF1D,0.0
EEF1D,0.0
EEF1D,0.0
EEF1D,0.0
HNRNPL,0.0
SF3A2,0.0
OAZ1,0.0
PTOV1,0.0
RPS16,0.0
RPS16,0.0
RPS19,0.0
NAMPT,0.0
CHCHD2,0.0
HSPB1,0.0
PDAP1,0.0
IMPDH1,0.0
PSMA2,0.0
MRPL32,0.0
RHEB,0.0
RHEB,0.0
PTGR1,0.0
ZFAND5,0.0
NSMCE4A,0.0
RPL28,0.0
RPL19,0.0
C1QBP,0.0
RAB5C,0.0
RAB5C,0.0
RAB5C,0.0
PRKAR1A,0.0
PRKAR1A,0.0
PRKAR1A,0.0
YWHAE,0.0
YWHAE,0.0
IFT20,0.0
RPL34,0.0
GAR1,0.0
FRG1,0.0
KLHL5,0.0
HSPA8,0.0
HSPA8,0.0
HSPA8,0.0
HSPA8,0.0
CHORDC1,0.0
ANAPC15,0.0
RPS13,0.0
GTF2H1,0.0
GTF2H1,0.0
GTF2H1,0.0
KRT18,0.0
METAP2,0.0
METAP2,0.0
ARPC3,0.0
SRSF9,0.0
SRSF3,0.0
CAP2,0.0
PRPF4B,0.0
PFDN1,0.0
IK,0.0
IK,0.0
BRIX1,0.0
SKP1,0.0
SKP1,0.0
NIT2,0.0
IFT57,0.0
PDCL3,0.0
PDCL3,0.0
HSPE1,0.0
PLEKHA3,0.0
BCAS2,0.0
SDHB,0.0
GPR89A,0.0
STMN1,0.0
RPS25,0.0
HMGN3,0.0
MYL12B,0.0
NDUFB3,0.0
NDUFB3,0.0
RAD23B,0.0
RAD23B,0.0
SET,0.0
SET,0.0
FCF1,0.0
FCF1,0.0
SLIRP,0.0
EPCAM,0.0
PANK3,0.0
TARDBP,0.0
TARDBP,0.0
LYPLA1,0.0
LYPLA1,0.0
COIL,0.0
RNF2,0.0
ZCCHC17,0.0
FYTTD1,0.0
KIAA1191,0.0
CBX3,0.0
FKBP9,0.0
NT5C3A,0.0
NT5C3A,0.0
RNF11,0.0
PFDN5,0.0
PLA2G12A,0.0
CKS2,0.0
SRSF6,0.0
SNRPC,0.0
LRRFIP1,0.0
MRPS7,0.0
MRPS7,0.0
MRPS7,0.0
MAX,0.0
MAX,0.0
PDCD2L,0.0
UBA2,0.0
UBA2,0.0
UBA2,0.0
PRDX5,0.0
BCL2L12,0.0
NSRP1,0.0
NSRP1,0.0
NSRP1,0.0
DNAJC8,0.0
PNKD,0.0
PNKD,0.0
SGCE,0.0
SGCE,0.0
PAICS,0.0
ATF4,0.0
ATP6V1F,0.0
NDUFA5,0.0
NDUFA5,0.0
ANAPC13,0.0
SNX6,0.0
SNX6,0.0
NEDD8,0.0
NEDD8,0.0
SAT1,0.0
NSUN5,0.0
UBE2M,0.0
RBM39,0.0
RBM39,0.0
RBM39,0.0
ATP6V1E1,0.0
CAP1,0.0
CAP1,0.0
CAP1,0.0
MRPS25,0.0
UBE2D2,0.0
PPFIA1,0.0
PPFIA1,0.0
PPFIA1,0.0
DNAJB1,0.0
MRPL35,0.0
MRPL35,0.0
RAN,0.0
WBP2,0.0
PCBD2,0.0
DAP3,0.0
DAP3,0.0
DAP3,0.0
POMP,0.0
TPT1,0.0
TPT1,0.0
RRAS2,0.0
CDK7,0.0
CDK7,0.0
ARL8B,0.0
RBM17,0.0
BTF3L4,0.0
BTF3L4,0.0
RNF138,0.0
RNF138,0.0
RNF138,0.0
OSTF1,0.0
RFK,0.0
ISCA1,0.0
ISCA1,0.0
ISCA1,0.0
IGF2BP3,0.0
TXN,0.0
C9orf78,0.0
ATP6V1G1,0.0
PSMB7,0.0
RPL35,0.0
RPS6,0.0
YAP1,0.0
FDX1,0.0
RABGGTB,0.0
PNPT1,0.0
RAB1A,0.0
ACTR2,0.0
ATAD1,0.0
RPS24,0.0
RPS24,0.0
METTL5,0.0
METTL5,0.0
SSB,0.0
SSB,0.0
OLA1,0.0
CIR1,0.0
CIR1,0.0
COX17,0.0
SPPL2A,0.0
SPPL2A,0.0
LARP1B,0.0
LARP1B,0.0
ZCRB1,0.0
NDUFA9,0.0
NDUFA9,0.0
LLPH,0.0
SNRPF,0.0
HNRNPA1L2,0.0
DENR,0.0
SERF2,0.0
GTF2A2,0.0
SRP14,0.0
SRP14,0.0
ANP32A,0.0
SEC11A,0.0
SEC11A,0.0
GCSH,0.0
DEF8,0.0
DEF8,0.0
AFG3L2,0.0
C18orf21,0.0
SOD1,0.0
SH3BGRL3,0.0
SERBP1,0.0
RPS8,0.0
SDHC,0.0
SF3B4,0.0
RAB13,0.0
HAX1,0.0
CNIH4,0.0
PKP4,0.0
PKP4,0.0
OCIAD2,0.0
PLAC8,0.0
PYURF,0.0
BTF3,0.0
ATG12,0.0
HIGD2A,0.0
TLK2,0.0
MSN,0.0
RPL7,0.0
NDUFB9,0.0
REXO4,0.0
APIP,0.0
RPS3,0.0
RPS3,0.0
SAP18,0.0
SAP18,0.0
TIMM8B,0.0
C12orf45,0.0
FAM177A1,0.0
FAM177A1,0.0
USP12,0.0
USP12,0.0
USP12,0.0
CDYL,0.0
GABPA,0.0
GTF3C6,0.0
DBI,0.0
GNAQ,0.0
RPL30,0.0
SEC13,0.0
SEC13,0.0
NTAN1,0.0
SMG1,0.0
SMG1,0.0
FAM86C1,0.0
ZNF761,0.0
FDPS,0.0
FDPS,0.0
RPL8,0.0
RPL29,0.0
RPL29,0.0
CMPK1,0.0
MAGOH,0.0
RBBP4,0.0
RBBP4,0.0
PEA15,0.0
DPY30,0.0
H3-3A,0.0
PDLIM5,0.0
MRPS18C,0.0
YY1AP1,0.0
RPL22L1,0.0
NDUFAF2,0.0
PGGT1B,0.0
NSA2,0.0
TRA2A,0.0
FABP5,0.0
PHAX,0.0
YWHAZ,0.0
YWHAZ,0.0
YWHAZ,0.0
YWHAZ,0.0
PSIP1,0.0
PSIP1,0.0
HNRNPK,0.0
HNRNPK,0.0
HNRNPK,0.0
NDUFB6,0.0
SUGT1,0.0
RPL36AL,0.0
VDAC2,0.0
FAM204A,0.0
PRDX3,0.0
API5,0.0
API5,0.0
RPL27A,0.0
RPL27A,0.0
WEE1,0.0
WEE1,0.0
HSP90B1,0.0
HSP90B1,0.0
TERF2IP,0.0
PDIA3,0.0
PHB,0.0
VKORC1,0.0
TPM4,0.0
TPM4,0.0
TPM4,0.0
TPM4,0.0
TRAPPC2L,0.0
RPL13,0.0
RPL13,0.0
RPL13,0.0
ZNF146,0.0
ZNF83,0.0
ZNF83,0.0
PRDX2,0.0
FTH1,0.0
KIAA1586,0.0
DNAJC7,0.0
DNAJC7,0.0
ARF4,0.0
NDUFS5,0.0
MAT2A,0.0
E2F6,0.0
MAP2K1,0.0
SLC25A6,0.0
NMD3,0.0
CLIC4,0.0
HINT1,0.0
GPS1,0.0
GPS1,0.0
GPS1,0.0
CSGALNACT2,0.0
UBE2E3,0.0
UBE2E3,0.0
STX8,0.0
UBB,0.0
UBB,0.0
UBB,0.0
EMB,0.0
RPS9,0.0
MFN1,0.0
MRPL36,0.0
ZNF561,0.0
RSL1D1,0.0
RPS7,0.0
RNASEH1,0.0
TVP23B,0.0
SUCLG2,0.0
SUCLG2,0.0
PSME3IP1,0.0
PSME3IP1,0.0
SP3,0.0
DPY19L1,0.0
RBM4B,0.0
RBM4,0.0
RBM4,0.0
TMEM167A,0.0
RPL15,0.0
UBE2C,0.0
PARL,0.0
PTPN2,0.0
PTPN2,0.0
PTPN2,0.0
TMEM70,0.0
CTDNEP1,0.0
CTDNEP1,0.0
BNIP3,0.0
ZBTB8OS,0.0
SHMT1,0.0
ARIH2,0.0
AP3S1,0.0
UBE2N,0.0
RPS27,0.0
DDX10,0.0
COX5A,0.0
COX5A,0.0
TUFM,0.0
HNRNPCL1,0.0
MAF1,0.0
MAF1,0.0
PDXDC1,0.0
PRKRA,0.0
H2BC4,0.0
HIGD1A,0.0
NPM1,0.0
NOP10,0.0
IST1,0.0
IST1,0.0
MRPS16,0.0
ATP6AP2,0.0
ATP6AP2,0.0
RWDD4,0.0
RWDD4,0.0
ANXA2,0.0
ANXA2,0.0
ANXA2,0.0
ANXA2,0.0
ANXA2,0.0
NGRN,0.0
RPS17,0.0
RPL35A,0.0
SF3A3,0.0
ACTG1,0.0
ACTG1,0.0
H2AC20,0.0
XPOT,0.0
XPOT,0.0
NDUFA12,0.0
ZFP90,0.0
ZFP90,0.0
ZFP90,0.0
IFITM2,0.0
BRCC3,0.0
BRCC3,0.0
UBE2L3,0.0
AIDA,0.0
RPS23,0.0
CMC1,0.0
CHP1,0.0
COMMD6,0.0
COMMD6,0.0
NOC2L,0.0
RRP7A,0.0
TUBB,0.0
PPIA,0.0
PPIA,0.0
PPIA,0.0
POM121,0.0
ZNF124,0.0
XRCC6,0.0
XRCC6,0.0
NACA,0.0
AMZ2,0.0
AMZ2,0.0
AMZ2,0.0
ZNF700,0.0
H2AC11,0.0
FAM3C,0.0
WDR45,0.0
WDR45,0.0
PSMD12,0.0
MRPL21,0.0
RPS26,0.0
RPL37A,0.0
ADH5,0.0
MPZL1,0.0
NOL8,0.0
YTHDF2,0.0
YTHDF2,0.0
TMA16,0.0
TLK1,0.0
COPS8,0.0
ZNF652,0.0
RPL10A,0.0
CNOT7,0.0
CNOT7,0.0
CNOT7,0.0
HMGN2,0.0
OSTC,0.0
CAPZA2,0.0
CAPZA2,0.0
H2BC18,0.0
SDHD,0.0
SDHD,0.0
LSM2,0.0
IPO7,0.0
KRT81,0.0
TMSB4X,0.0
DNAJC19,0.0
VDAC1,0.0
CLIC1,0.0
RPS29,0.0
RPS29,0.0
UBXN2B,0.0
NBPF1,0.0
UBA52,0.0
UBA52,0.0
PLEKHM1,0.0
PET100,0.0
PET100,0.0
TMA7,0.0
H2BC15,0.0
MRPS6,0.0
H2AJ,0.0
NACA2,0.0
BRK1,0.0
CHMP1B,0.0
GTF2I,0.0
RBM8A,0.0
RPL17,0.0
RPL17,0.0
RPL17,0.0
SEC22B,0.0
NCOA4,0.0
MRPS21,0.0
NBPF12,0.0
NBPF12,0.0
NBPF10,0.0
TAF9,0.0
TAF9,0.0
TAF9,0.0
H3C7,0.0
MRPL45,0.0
TMEM189-UBE2V1,0.0
RPLP2,0.0
IFITM3,0.0
G3BP1,0.0
RPL10,0.0
RPL10,0.0
RPL23A,0.0
UBE2F,0.0
PACRGL,0.0
HNRNPA1,0.0
HNRNPA1,0.0
ATXN2L,0.0
ATXN2L,0.0
GAPDH,0.0
CDK5RAP3,0.0
CDK5RAP3,0.0
CDK5RAP3,0.0
GLRB,0.0
GLRB,0.0
FOXP1,0.0
FOXP1,0.0
FOXP1,0.0
PSMA1,0.0
PSMA1,0.0
PSMA1,0.0
ACOT1,0.0
ACOT1,0.0
ANXA2,0.0
ANXA2,0.0
DTNA,0.0
DTNA,0.0
HSPA8,0.0
HSPA8,0.0
MXD1,0.0
PRKAR1A,0.0
PRKAR1A,0.0
PTBP2,0.0
TARDBP,0.0
TARDBP,0.0
TSFM,0.0
TSFM,0.0
FTH1,0.0
FTH1,0.0
FTH1,0.0
FDX2,0.0
FDX2,0.0
HNRNPA1,0.0
HNRNPA1,0.0
CDC42,0.0
CDC42,0.0
DGCR6,0.0
H3F3B,0.0
IGHV3-23,0.0
KLHL21,0.0
KRT19,0.0
LOC100289333,0.0
MAP2K7,0.0
PPIL1,0.0
PPP1R14B,0.0
ZNHIT1,0.0
RIDA,0.0
MADD,0.0
RSL24D1,0.0
SPEF1,0.0
CTSZ,0.0
SPTLC1,0.0
AC213203.1,0.0
YES1,0.0
NEK9,0.0
MRPL50,0.0
RPL18A,0.0
CCDC137,0.0
TRIAP1,0.0
NKAP,0.0
AVPI1,0.0
TROAP,0.0
ECHDC3,0.0
HAND1,0.0
SKA2,0.0
TOR2A,0.0
UQCRH,0.0
WBP11,0.0
ERH,0.0
PFDN4,0.0
NAMPT,0.0
EEF1B2,0.0
RPL37,0.0
