,Unnamed: 0,baseMean,log2FoldChange,lfcSE,stat,pvalue,padj
8,ABCF1_35,742.939142459798,-0.5345317698335871,0.131620805439961,-4.0611495123954,4.88316852521216e-05,0.00114186956973339
52,AGL_162,107.84910255467,1.0176154699075302,0.23758446541898,4.28317343102787,1.8424644492139102e-05,0.000508755396210599
59,AIFM1_183,131.399964141432,-1.1382711374555001,0.293323268678968,-3.88060293539581,0.000104197833256178,0.00202437047903994
81,ALG8_238,21.403781764663602,-1.98480316286555,0.717762952241503,-2.76526276073069,0.005687696016982871,0.0423980005217712
83,AMD1_247,144.77962154748502,-1.3024001748241498,0.367581104809619,-3.54316410115449,0.000395356603907802,0.00589085878934036
84,AMDHD2_248,110.254039665956,1.12116654754941,0.3667834716713139,3.05675319130552,0.0022374842496256197,0.021621794930485
90,ANAPC5_271,218.83575089718602,-0.474222878646736,0.16025694529706902,-2.95914088320895,0.00308498030686727,0.0273475918186635
91,ANKRD10_277,1238.75826759286,0.8943586824229109,0.304126055656464,2.9407499482160895,0.00327418725297657,0.0286758734045363
114,APOO_361,152.603903104059,-0.666083086883514,0.18947285129046698,-3.5154539679269905,0.000439002857172915,0.00636578668200011
117,APPBP2_370,302.719693732684,0.67337132008321,0.20729645455370602,3.24834943044698,0.00116076624945303,0.0132144073556153
138,ARL6IP5_445,314.714473208512,0.478960330516206,0.14628179453201298,3.2742306180239504,0.00105950104246607,0.0123420981491981
141,ARPC5L_463,764.3294749790849,-0.719711042546068,0.196334784841621,-3.66573372684134,0.000246630441511618,0.00403627978554575
157,ATP10D_516,856.986741782724,1.01339499629921,0.21773071556891102,4.65435018504991,3.25004041870865e-06,0.00012085680387965801
168,PTCD1_550,7.827589581405469,-5.4099836039004305,1.81039219755438,-2.98829370299356,0.00280539820185696,0.0254720746914314
177,AURKA_586,234.29946749476397,-1.14134176800152,0.17829880966418804,-6.401286526540179,1.54073121576504e-10,2.4091096046022597e-08
178,AURKB_587,624.719948930103,-0.971010607458489,0.214529263603496,-4.52623847743757,6.00428213229582e-06,0.000201630163951386
186,B4GALT7_611,431.376631067213,1.0826451725914201,0.270717394222948,3.9991710754271503,6.35647222006233e-05,0.00139113484775664
203,BCL2L11_663,39.9949475724995,0.940103703293576,0.298891990801677,3.14529573299058,0.0016591901561691699,0.017267818642152
216,BLM_716,486.45988163137605,-0.9474657337472541,0.171569896143203,-5.52233086949262,3.34531762888347e-08,2.59973246632633e-06
234,BUB1B_800,57.9324102906577,-2.47678280465248,0.49259761649156103,-5.028004037642179,4.956114433269001e-07,2.49420932319964e-05
242,TIGAR_823,135.349524144107,-1.8467436127181203,0.308692980817727,-5.9824606566242595,2.1979161132768198e-09,2.52429693080589e-07
262,C2CD5_880,172.517158142132,0.910173948048664,0.33325944053925,2.7311272760222596,0.0063118090803592295,0.0457879587730029
301,CBR3_1007,116.519021604863,-0.874416975286992,0.28747074923277804,-3.04175982294093,0.00235199480667575,0.0224442563242925
303,CBX6_1013,444.891067215663,0.726894449869637,0.208951499981683,3.47877114992406,0.000503718553901527,0.00703687770993974
316,CCNB1_1053,465.25277745640295,-1.22213626751447,0.29819977220113897,-4.09838095614012,4.16050122259501e-05,0.0010111420387048302
317,CCNB1IP1_1054,285.57586917248796,1.43284899585926,0.22740465455887898,6.30087804771942,2.95964196155694e-10,4.22090476671275e-08
322,CCNDBP1_1069,297.46533352994203,0.847008797826038,0.18468642932251603,4.586199435080929,4.51387444092963e-06,0.000159465703188196
324,CCNE2_1073,218.649281885952,-1.4734323642238603,0.195923773700263,-7.520436833143151,5.45935251149946e-14,1.9680965803955502e-11
325,CCNF_1076,69.6802873715827,-1.5354206218865902,0.3866249633963689,-3.97134372389834,7.146837611045379e-05,0.0015213898532365
327,CCNL1_1085,26.107638682460102,0.8222689138138509,0.291162236796612,2.82409189756375,0.00474147878596721,0.03702461593518799
328,CCNL2_1086,756.165818403354,0.7130761895588209,0.258663851369004,2.75676785057052,0.00583757800851597,0.0431376511773026
330,CCRL2_1096,318.124899440081,1.11732552345516,0.260833738905496,4.283669467545311,1.83835955939032e-05,0.0005087042721059201
341,CD55_1141,1248.8617140915699,0.7026247681965129,0.188081424768677,3.73574779678896,0.00018715817541893,0.00322568233809677
342,CD58_1144,1163.97866817714,0.73918217918134,0.194339242751535,3.8035662211897896,0.000142627843328206,0.00258162364116242
346,ADGRE5_1154,565.194438745915,0.36484554239073297,0.11158091080614699,3.26978458729907,0.00107629412035003,0.0124735030816766
348,CDC25A_1158,90.3601393034175,-1.40463154000367,0.348747798154238,-4.02764274767537,5.633886227912671e-05,0.00126938499072657
353,CDC5L_1174,904.773448505867,-0.521128426503102,0.18405467171643697,-2.8313784249170095,0.00463478494784559,0.0364767974852274
354,CDC6_1177,390.08512004573095,-1.8152087184851298,0.118874847722988,-15.269914142940301,1.2133272111607798e-52,7.873280273222327e-49
356,CDCA5_1184,73.74718658202009,-1.03695298329376,0.22612087137001802,-4.58583489887988,4.52175826577717e-06,0.000159465703188196
357,CDCA8_1185,169.027532018741,-1.01260891255439,0.19731761371801398,-5.1318728899768,2.86873214040693e-07,1.55126690492505e-05
362,CDK1_1196,2710.8703801893303,-1.00140445949384,0.15064486360332002,-6.647451732113139,2.9821073078109695e-11,5.86390736981375e-09
365,CDK19_1201,154.454507262867,0.562959526088803,0.15712237420515,3.58293673282815,0.000339752918339583,0.00521812233634451
366,CDK2_1202,47.079418496175,-1.25859036705029,0.3292357046528,-3.8227639021641,0.000131964122147017,0.002429262946417
379,CENPF_1252,430.649330959903,-1.1004850527660701,0.192547869206447,-5.715384217449531,1.09456427169544e-08,1.02936631290315e-06
394,CHD1L_1283,176.14315031257598,-0.8186360758897949,0.27681599855375705,-2.95732934572717,0.00310316469465561,0.0274712628971627
404,CHMP4A_1304,1249.03471694251,0.8004194978239221,0.25067151944197896,3.19310107349147,0.00140753670357996,0.0151467755713605
417,CKAP5_1358,934.3560306414599,-0.829258686930438,0.207047171400875,-4.0051679108664,6.1973443343121e-05,0.00137485700462739
419,CKS1B_1362,202.409183696173,-0.6613595900765389,0.19840270108803398,-3.33342029342173,0.00085785247183055,0.0104931285385644
427,CLTB_1402,1344.43147262051,-0.9679370397952131,0.35896325015710706,-2.6964794846591604,0.0070076714076168205,0.0494000866529338
438,COG2_1441,191.250049920955,0.39740321135129797,0.136449929166585,2.9124471795520597,0.00358608844772719,0.0306816514852432
444,CERT1_1476,341.185857998466,0.507899424032085,0.12317715491828199,4.12332485166616,3.7344244389081204e-05,0.000928455179466467
450,COPE_1492,457.574154360352,-0.8589354954793391,0.223145975814998,-3.8492089868178905,0.000118499874857497,0.00221917947460404
466,CPSF4_1539,76.81925763499821,-0.9020913920006619,0.327971627417726,-2.75051655871348,0.00595013842224405,0.0437264419274538
472,CRELD2_1561,79.04370085952121,-1.7648824847340399,0.5298270872462499,-3.33105371019616,0.000865179073610574,0.0105529079110132
477,CRYZ_1586,34.9777518724044,1.32759575978617,0.324602174149785,4.08991641310929,4.31528675113019e-05,0.00103519023024339
481,CSNK1G2_1605,104.294882052133,-0.9081256299390671,0.317705368452535,-2.85838931322541,0.00425797630327185,0.0345159378287708
492,CTSA_1641,661.825790132165,0.856879101616859,0.283958017440796,3.0176260185909904,0.00254763091332284,0.0237011856581389
495,CTSH_1644,45.659521517653104,1.59684782089933,0.242242229354649,6.591946520445481,4.34096977866026e-11,7.82459802603511e-09
496,CTSL_1645,395.175142803454,0.8003107154635559,0.264072627379712,3.03064624078884,0.00244030978941418,0.022949522063055998
497,CTSL_1647,46.52392178155971,0.9081126535774849,0.269597151309887,3.3684059685543994,0.00075604181455523,0.009572595774924659
524,DAG1_1750,208.464292357945,-0.556860737074518,0.206608967649612,-2.6952399182348,0.00703379649939599,0.0494403271392626
540,DDIT3_1800,183.359386235605,0.8780093825309581,0.29351038478491803,2.99140823645594,0.00277693983821223,0.025326159676962997
542,DDR1_1804,61.74448127579971,2.2152589473397,0.5102983577395851,4.34110538225599,1.4176770527634301e-05,0.000403710757098396
552,DEK_1841,3690.10108113634,-0.916379104067152,0.13237261866763497,-6.92272399904716,4.43040445316215e-12,1.08486394326676e-09
558,DHDDS_1856,87.17208952767531,0.89373361802584,0.308685481439183,2.89528880289086,0.0037880983933377796,0.0317894718430576
566,DLGAP5_1882,682.766819171453,-0.847692298800722,0.27106784044867704,-3.12723301073859,0.0017646001244694398,0.0181753812820353
580,DNMT1_1928,36.6535782762549,-1.71295873811393,0.48402200960819497,-3.53901001216976,0.00040163061952238103,0.00595698534875595
583,DOLPP1_1937,18.3325520549723,-6.630729886771291,1.24453942241749,-5.3278584569794,9.93775180774949e-08,6.50353294772815e-06
594,DSN1_1971,260.185721296445,-1.023167911059,0.206307934389398,-4.9594210425655,7.0703577256288e-07,3.36113928802969e-05
600,DUSP3_1987,664.596294792693,1.1499098372749899,0.286937923595886,4.00752128845291,6.135933232686071e-05,0.00136590294157461
624,EGFR_2063,379.69716977145,0.748427949548326,0.277641389128605,2.69566418716357,0.00702484478263933,0.0494403271392626
633,EIF3E_2094,7959.410716178821,0.658948887853533,0.17106159507486404,3.85211471672031,0.000117102137077008,0.00220253845650059
659,EPB41L2_2175,26.5071469709927,-1.63330181171516,0.48879297132379496,-3.3415002005689702,0.000833269563063369,0.0102725717617535
660,EPB41L4A-AS1_2179,211.71405084017502,1.47310439938905,0.167951685680355,8.771000978178071,1.77084907945628e-18,1.35188702077551e-15
681,EVL_2255,114.54632158368601,-0.901595184346039,0.27417678278645297,-3.28837174024419,0.00100768687516959,0.0119213858395177
691,EZH2_2282,387.869449628693,-1.7684093704297,0.250380327716568,-7.062892626418919,1.63071731850983e-12,4.23268987192411e-10
706,FAM20B_2318,34.9241797696546,-1.5457484052888701,0.476279171640008,-3.24546714895442,0.00117258092765661,0.0133138716352822
718,FANCI_2338,68.4360949544805,-1.04705249110404,0.369269631878106,-2.83546872180831,0.004575849554863129,0.0362479265624883
725,FAU_2359,978.22954774366,0.532657325299349,0.17718944847031698,3.00614585065758,0.00264582056473007,0.0244047329701968
738,FEN1_2387,107.787302712545,-1.8828479940476999,0.285153044047252,-6.6029384337756,4.030869731217e-11,7.633912056347109e-09
750,DUXAP9_2442,63.8828301538609,2.08151922389715,0.516978218123594,4.02631900324962,5.66568132647431e-05,0.0012737132659852
753,FN1_2459,290.267189548722,0.6781867676127371,0.24123794192438602,2.8112773728823597,0.00493452262766988,0.0382553433622479
761,FOXO4_2484,83.09743455101929,1.0879249370186401,0.244376660841439,4.45183649401173,8.51389858348537e-06,0.00026777213691044
774,G0S2_2539,435.951683024341,-1.0150358009274598,0.30270055727584005,-3.35326703743891,0.000798636133346026,0.00994692873182796
775,G3BP2_2545,223.460717971022,-0.9347589159094051,0.266110423005879,-3.5126730676338602,0.000443622979125368,0.00641129067159134
781,GABBR1_2553,144.549149916592,1.05820914492129,0.390313389751023,2.71117817812069,0.00670445881971087,0.0478605426634806
782,GABPB1_2555,498.922515581473,-0.8391263612846371,0.289585194862151,-2.89768391538138,0.0037592925207122602,0.0316805833336387
799,GATA2_2599,8.39106714168183,-5.50023263007359,1.45796239179596,-3.77254767408522,0.00016158907797891102,0.00288063606320097
801,GATAD1_2604,145.487234382,0.5868909294063019,0.20654222926196103,2.8415057371242898,0.00449010440665971,0.0358379919985422
804,GCLM_2615,1513.5684780179902,-0.7076526389449741,0.126002337215249,-5.616186608793599,1.95217826785701e-08,1.67783904372505e-06
814,GGH_2639,167.868517259402,-1.09632486794886,0.31272632758359004,-3.50570057986504,0.00045540721681496,0.00654817074973115
825,GLOD4_2670,7.072690277223611,-5.25894722904183,1.6242125194928798,-3.23784428818699,0.00120436523780879,0.0135816151084364
827,GLRX_2674,380.663836523172,0.9372911233231421,0.17073567697367098,5.48972036739387,4.02570569921724e-08,3.0375353816535703e-06
841,GNE_2710,122.24754121023199,0.666446127944977,0.19946527632515804,3.34116363621391,0.000834280369616907,0.0102725717617535
844,GNS_2725,384.715926842209,0.832388118704948,0.270487872634445,3.07735836951881,0.00208844056121149,0.0205955787259899
848,GPATCH8_2740,122.73586863045601,0.9474864101842192,0.337488674226444,2.8074613536467496,0.00499336709364142,0.03857376079838
856,GPSM3_2763,46.12638968184321,1.1684798063346102,0.238926991469302,4.890530781595441,1.0056443013466699e-06,4.5633747352717e-05
892,H2AX_2861,2162.05073267748,-1.3445822028549599,0.18516222981053798,-7.26164404171826,3.8241347245790295e-13,1.1541772198973601e-10
896,HAT1_2880,520.340512042673,-1.4759487815053502,0.31479932295228197,-4.68853861457979,2.75162998056063e-06,0.000105952780030919
909,HEIH_2921,69.1034173785581,0.7498833787788058,0.24355974169416397,3.07884781599263,0.00207802803065855,0.0205084774006742
914,HEXA_2929,265.606156209305,1.09754567776796,0.29717392585337105,3.69327717637482,0.000221382495988442,0.0036976860140772202
916,EPB41L4A-AS1_2937,186.60134057701802,1.22161775044083,0.354107540405924,3.44984958253205,0.0005608989859780509,0.00766459912613135
921,H1-2_2950,1285.20293020542,-1.2755419448623602,0.28662618793643796,-4.45019331291955,8.579302918417489e-06,0.00026894249583387004
926,H2BC14_2956,102.922251827512,-2.01385184107032,0.654551269410506,-3.07669075775227,0.00209312326435883,0.02061461451619
927,H3C10_2957,766.80588583979,-1.39709001581078,0.21806828221856303,-6.4066630946839105,1.48738989068024e-10,2.3540665855180697e-08
930,H4C12_2960,1211.0590014973,-1.3077518636143401,0.46282369372501203,-2.82559402499246,0.00471930350732535,0.0369403624355057
932,H2AC19_2964,1762.6666612359,-1.2067206834678899,0.229727154583128,-5.25284303310878,1.49769169799881e-07,9.08273030683576e-06
934,HJURP_2968,35.567141366322105,-1.08495755664685,0.344918170256536,-3.14555059781254,0.00165774517177542,0.0172666266768069
946,HLA-E_3000,41.515214669181105,1.00471472911056,0.31872100077631,3.15233300178956,0.00161971440842674,0.0169384799295425
950,HMGA2_3022,947.817325147863,0.489582278316819,0.150155119446516,3.26051006533415,0.00111212019919834,0.0127613580417295
951,HMGB1_3023,10.8540671979027,-5.87594891956201,1.6572998210356102,-3.5454954166894703,0.000391875802557796,0.00584570593746561
952,HMGCR_3029,416.78544261740603,0.6526047710603979,0.205015962256452,3.18319004958288,0.00145661971801814,0.015597368564719
954,HMOX1_3041,60.7128619004779,0.950739588913397,0.22605338097870498,4.20581893001176,2.60138451870495e-05,0.000688995271096998
959,HNRNPF_3064,104.873825968789,0.678931552714898,0.222312260608758,3.05395460806246,0.00225846250042365,0.0217758739453923
967,HRAS_3100,7.93041416255518,-5.422594049711031,1.8441043866591,-2.94050276597138,0.00327680075966461,0.0286758734045363
979,HSP90AA1_3127,3252.5184285681203,-0.7342146336367491,0.243524702243818,-3.0149493126231097,0.00257022204950615,0.0238429891054258
984,HSPA4_3139,3279.1859551477696,-0.5446201535407921,0.13804725050932098,-3.94517204458208,7.97427035238366e-05,0.0016349143859910801
997,HYOU1_3177,86.2296300473065,-1.6857599011545301,0.340325846707898,-4.953370181728871,7.29390257572994e-07,3.44874590732982e-05
1001,ICMT_3191,16.1372459410574,-6.4560495104807405,1.32521384798884,-4.871703929353361,1.10639882712032e-06,4.9037303374340296e-05
1007,IER3_3214,260.16413114806704,0.536287784314903,0.171896257797308,3.1198339695519706,0.00180953002866428,0.0184929950547821
1015,IFRD2_3246,60.7912323679477,-1.37216545507063,0.44062497341748497,-3.1141345539907097,0.00184485336794916,0.0186759025033106
1016,IGF1R_3254,65.005867479068,0.653123734759432,0.173668710395378,3.76074500278442,0.00016940805740065502,0.00298314486966853
1045,ILKAP_3358,52.273675127005504,-0.949215839555593,0.33202588130830896,-2.85886098943648,0.00425165052804492,0.0345159378287708
1047,IMPDH2_3367,797.538218615686,0.671926469619089,0.228110726813296,2.9456153991787004,0.00322312891987632,0.0283591641506135
1058,INSIG1_3385,356.50105863850405,0.5104579636479121,0.18202419664108202,2.8043412527975,0.00504195093422326,0.0388930907320689
1081,ITM2B_3452,56.2221905077003,1.35776393179142,0.46291779237957204,2.93305626645284,0.0033564305790247397,0.0292376522070867
1089,KAT6B_3489,384.86819045680494,0.918350274503933,0.263566790807938,3.4843170935489303,0.000493394564811964,0.006952524063115821
1091,KATNA1_3491,169.032114533157,-0.9113880800442751,0.28830485980248804,-3.1611956894124105,0.0015712290064502801,0.0165783821509852
1111,KHSRP_3551,1165.1966356743499,-0.429740376823965,0.121935608886767,-3.52432222832492,0.000424567597642971,0.0061980183151973895
1112,KIAA0100_3554,408.196695007899,-0.6325671309631059,0.1982146762057,-3.19132338266744,0.00141622668598142,0.0152257713836321
1118,TMEM131L_3571,48.4168539166895,0.859400556865395,0.271166176267016,3.16927637766721,0.00152819003841984,0.0162275316096889
1120,KIAA1109_3577,61.8586813217762,0.847731300030473,0.294342415190701,2.88008542527327,0.0039756743346741705,0.0328307089451628
1125,KIF15_3595,845.1706315209931,-1.4334368223195402,0.24250004563147198,-5.91107856737455,3.3987486194820395e-09,3.5860942750925203e-07
1126,KIF18B_3598,80.9438110643808,-1.9244924485302202,0.514907855871049,-3.73754726517938,0.000185824165247181,0.00321640193124733
1127,KIF20A_3601,359.946904585786,-1.31305002481602,0.249202604544633,-5.2690060250989506,1.37164462955711e-07,8.43658957459345e-06
1132,KLF6_3626,349.49038960174795,0.5762592835510251,0.179823757048513,3.2045781547960903,0.00135260562533891,0.0147513578198726
1141,KNSTRN_3668,483.670312698192,-1.06694887055007,0.17457358699008402,-6.11174284120471,9.85488969224514e-10,1.24171610122289e-07
1154,LAMC2_3727,68.6733039533365,0.6334720680790611,0.21497764489333201,2.9466881004923904,0.00321196999865756,0.0282801537602291
1157,LAPTM4A_3743,1452.4204399739,0.926228098671716,0.23646879397064302,3.9169147147031405,8.96894605927328e-05,0.0017907535685730601
1162,LCP1_3761,44.0417284839696,1.14419889540314,0.386126873962174,2.9632718480901,0.0030438761651848897,0.0271128516621616
1170,LIG1_3795,53.890367081461704,-1.0915132558582201,0.3809223905728,-2.86544787828538,0.004164198179113779,0.0339679220418219
1198,LRRC41_3882,329.940757148641,1.08306492301118,0.328571416525811,3.2962846691386,0.000979726870524305,0.0116330240856948
1199,LSM1_3888,114.589150317029,-0.9718819312477399,0.33765366249227396,-2.87833966933493,0.003997744353430211,0.0329623419433401
1210,MAD2L1BP_3931,8.97035402148435,-5.601315819333201,1.45168400739299,-3.8584952309231095,0.000114087293606083,0.00216782561701281
1218,MAP1LC3B_3964,6.67930440887982,-5.17846763172765,1.8201211733793798,-2.8451224607826,0.00443943517761491,0.0355648084784483
1242,MARS1_4025,14.648461448369801,-6.30258057216129,1.36097767968609,-4.6309213341507505,3.64042175828529e-06,0.000131970373125772
1245,MASTL_4036,239.284159021487,-1.5997129224676,0.32575415942514596,-4.91079814695411,9.070642444519979e-07,4.18537556546377e-05
1251,MBOAT7_4061,17.275537314779,-2.2213301035149704,0.7927118916143889,-2.80219096876565,0.00507568184817948,0.0390780838562524
1254,MCM10_4071,829.430303823884,-1.7380473618451002,0.20613800955504502,-8.43147445537447,3.4133680975025395e-17,1.92603005084296e-14
1255,MCM3_4072,4398.80120705071,-0.860755258775185,0.206366014183495,-4.17101266495279,3.03249005639737e-05,0.000773195598269647
1256,MCM4_4075,453.971842114229,-1.5094961825431898,0.38319295127039904,-3.9392587403780897,8.173374682607579e-05,0.0016626027685091099
1257,MCM7_4079,1375.6407134958,-0.7848614516392621,0.222739665884902,-3.52367167527686,0.000425611279214533,0.00620180977012226
1258,MCOLN1_4080,83.9399330340452,0.928426583496302,0.28989509958708504,3.2026294505106003,0.0013617908062291,0.0148141836406046
1259,MCTP1_4083,164.48817898951,1.02189929726028,0.22833146381624603,4.4755080188277105,7.62298376030442e-06,0.000244274279607977
1260,MCUR1_4086,835.937678637771,-0.807016341320264,0.281110717815908,-2.87081313580067,0.0040941746955805896,0.033544317676291
1274,METTL2A_4134,12.5418056690802,-6.08386595385957,1.6857908436415903,-3.60890912227131,0.00030748729390477596,0.0048195291066379
1286,MMP1_4206,1802.6035137811898,1.20407830307196,0.273966342121988,4.39498623716276,1.10779772174499e-05,0.000330505720294402
1289,MMP3_4216,4.3158848123835405,6.97302830925376,1.87596130398092,3.71704272068753,0.000201568369762583,0.0034240239565167603
1294,MOCS3_4235,285.886063694426,0.7059028532671461,0.195307584738733,3.6143135670406603,0.000301144419438634,0.00473154028507819
1334,MTFR1_4345,268.892903981277,-0.8988632478160079,0.26843498089321,-3.34853246333643,0.00081240762574289,0.0100701300543374
1344,MYBL2_4391,19.110865376863803,-2.23324968023003,0.7265854347938101,-3.07362296749561,0.00211476513500062,0.0208077497513556
1364,NCAPG2_4481,23.341472919988398,-6.97910823381195,1.3895451764366298,-5.022584621328599,5.09807233513886e-07,2.54894321165114e-05
1365,NCAPH_4484,122.409608018163,-1.8697795142805702,0.350671402057849,-5.33199885507662,9.713755140971131e-08,6.3992443766255505e-06
1374,NDC1_4509,389.374584079653,-1.2467041866009398,0.332801943267691,-3.74608445599773,0.000179616142478353,0.00313623287530886
1380,NDUFB5_4525,29.074145315367197,-7.300597892784589,1.3826818261673501,-5.28002737478738,1.2916458720938402e-07,8.098058032866589e-06
1381,NDUFS6_4527,1035.85932506694,-0.8779589611813229,0.258515543203896,-3.3961554121674706,0.000683395453193355,0.00887120072930774
1387,NES_4542,8.842440343549631,-5.584691957262269,1.63407196703715,-3.41765361007219,0.000631634394011855,0.00836878174741316
1388,NEU1_4546,183.128921798194,1.1830738136087802,0.352572832772711,3.3555444539070693,0.00079208925163858,0.009903404920775998
1407,NISCH_4597,118.22469527926701,0.65666070904224,0.227336328409353,2.8884987878392403,0.0038708552083277295,0.0322025377523573
1412,NME1_4611,1810.4368369056501,-0.713237510472687,0.220778413070096,-3.2305581897911204,0.00123548752609571,0.0138823871114027
1416,NOL3_4625,97.3745193446637,0.705269933589808,0.194612808005094,3.62396463428731,0.000290121293015252,0.0046127193859153
1423,NPC1_4646,830.3141470895799,1.29227756143258,0.28770838405368,4.49162288295174,7.06824993982045e-06,0.000231062336823652
1426,NPLOC4_4655,1220.09271254913,-0.555690162826886,0.127108542819836,-4.37177667605332,1.23239549037003e-05,0.000361039021986958
1439,NRP1_4724,942.597187438909,0.43743063503027796,0.11466452370618599,3.81487334435838,0.000136252798554076,0.00248355171297022
1441,NSUN2_4730,491.29137225164595,-0.635347285800705,0.126603326985271,-5.018409080786809,5.210114064765121e-07,2.59068430392804e-05
1444,NT5E_4738,392.81457331818496,0.8019358490174221,0.20486665913872,3.9144283037017296,9.06186582866419e-05,0.0018009937936355898
1447,NUDCD3_4752,462.536765304624,-0.6780608467941861,0.24356840679385997,-2.78386206043566,0.00537158732559281,0.0407436939284298
1448,NUDT21_4757,694.3577912388341,-0.7561613138746558,0.253022404259075,-2.9885152506115897,0.00280336509407132,0.0254720746914314
1449,NUDT5_4760,6.89296864399337,-5.2276829148568495,1.8151661031592399,-2.8800024999134903,0.00397672017736137,0.0328307089451628
1453,NUP35_4776,183.979973683757,-0.9136881874150771,0.26735423821331,-3.41751899472821,0.000631946841767984,0.00836878174741316
1460,NUSAP1_4789,1456.5610963108302,-0.840744847215121,0.27870542446965696,-3.01660740480727,0.00255620642204968,0.0237469197890914
1461,OAT_4792,384.742882436718,0.6603628949216199,0.24092748266025502,2.74091974742804,0.00612674699255977,0.0448194458321466
1463,ODC1_4799,154.258497661038,-1.33467100616001,0.295976288925549,-4.509384893651861,6.501585892799939e-06,0.00021470122574238602
1474,ORC6_4832,58.4409371567731,-1.29826129555273,0.36090618405557595,-3.5972265173289704,0.000321628376018981,0.00500490775056875
1508,PANK1_4924,9.27334585795659,-5.6499497007979205,1.46385752624736,-3.85963087219406,0.00011355842838348,0.0021609402984762603
1511,PARP1_4934,1039.05570860741,-1.43256681855809,0.210249343290315,-6.813656566717469,9.51486985425321e-12,2.05806634947497e-09
1525,PCDHGC4_4971,174.03794049150102,0.7430146883973772,0.129508426809685,5.73719183145706,9.625920914478171e-09,9.1856765903013e-07
1537,PDIA6_5040,789.9793832738201,-1.22136969305574,0.227946651767346,-5.3581383345008895,8.40838515372936e-08,5.65409443135232e-06
1546,PGAM1_5090,243.202581928293,-1.5112912465529298,0.27934432433501,-5.4101376505523096,6.2976324086695e-08,4.46615701637774e-06
1547,PGF_5091,60.5183849453636,1.09057276123129,0.307979929673262,3.54105140029186,0.000398535931016989,0.00592462693326287
1573,PKMYT1_5163,88.3919064637689,-1.5558265470062602,0.21034245344865402,-7.3966359215546795,1.39677825723496e-13,4.42131420058422e-11
1594,PLSCR3_5215,56.570917677379,0.819666804976023,0.235560335024773,3.47964696556328,0.000502074908173011,0.0070275894426910105
1597,PMS2_5227,108.192915288269,0.76452320024186,0.247111482593337,3.0938392349011496,0.00197584521233062,0.0197858944179219
1609,POLR2K_5263,1688.7139113042801,-0.540784103469271,0.185489440717911,-2.91544414267594,0.00355182680105395,0.0304462405707253
1615,POR_5283,194.53583872679698,0.4954784573373371,0.167392427813931,2.9599813074465797,0.00307657708871068,0.0273416092497698
1639,PPP2R5A_5364,56.2704172958572,1.04208441229035,0.31829091774853,3.27399983531312,0.00106036673111079,0.0123420981491981
1645,PRDX4_5397,662.082042931201,-1.03898368747326,0.26137436736861497,-3.97507872685921,7.0355978815502e-05,0.00150425023569619
1680,PSMB3_5511,54.8021559632666,0.996922870799625,0.32288385423832106,3.08755875437424,0.0020180787374256,0.0201311497727206
1685,PSMD11_5524,97.3237443981935,-0.634120442182675,0.198326641883332,-3.1973538005837,0.00138694697940205,0.0150220581985044
1686,PSMD14_5527,495.638774419326,-1.10764936331245,0.279798903005846,-3.9587337599008103,7.534817237518449e-05,0.00157975538139765
1691,PSME3_5538,70.7238644508371,-1.38682744196446,0.46764663801496,-2.9655456261830095,0.00302146523421288,0.0269687591537928
1695,PSRC1_5548,149.747273566105,-1.3078436528088302,0.425861338970943,-3.07105513726398,0.00213303757462177,0.0208852076861031
1717,PUF60_5625,38.785025179601604,-0.8802553328043801,0.30142597567955703,-2.9203035034385096,0.0034969064268471897,0.0300947291827738
1734,RAB27A_5667,210.196599185171,-0.585014144866318,0.175365294238048,-3.3359744720765296,0.000850009686318575,0.0104266783639343
1735,RAB31_5670,146.395078014182,1.0878211366571602,0.400191293334941,2.7182528824951406,0.00656276583138201,0.0471081719909711
1742,RAD21_5698,437.742576629039,-0.902381351911716,0.28151134571242303,-3.2054883956028504,0.00134833483454724,0.014731285589676001
1744,RAD51C_5708,37.6480794390233,-1.43837094000833,0.475624251814227,-3.0241749333045695,0.0024931223427359698,0.0233200222836959
1746,RAE1_5712,141.211081164746,-0.680186204265156,0.187715828635573,-3.62348880863774,0.000290655785606657,0.0046127193859153
1759,RASSF1_5747,120.89181555834699,-1.00941212178252,0.32938933815683896,-3.0644954309416197,0.0021803750486215,0.0211961853041273
1771,RBMX_5776,18.6277481146378,-6.65359676144134,1.36179575622287,-4.885899174701519,1.0295787958225299e-06,4.60754262489132e-05
1779,RETSAT_5803,308.178754310035,0.8194700642154491,0.249464917936256,3.2849110447860403,0.00102014574199886,0.0120031291384054
1781,RFC3_5808,153.532504402163,-0.897658402521354,0.324516208186457,-2.76614350801729,0.0056723566476124,0.0423422754730421
1782,RFC4_5811,97.006417179179,-1.76280291004522,0.356762147122373,-4.94111531804566,7.767694700920171e-07,3.64882990241625e-05
1785,RFX5_5817,213.30792076274102,-1.09899240434858,0.32997905235211306,-3.33049142518255,0.000866928336852149,0.0105643154513307
1794,RNASEH2A_5875,449.434894593125,-0.5606903166537399,0.20270311790652598,-2.76606656298348,0.005673695257175229,0.0423422754730421
1800,RNMT_5894,181.516943224094,1.2393663692111598,0.29657227228426797,4.17896912501386,2.92833432989883e-05,0.000758561335996548
1833,RPS4X_6009,1004.0184659639999,0.6139855365312641,0.131698252714899,4.662062889022709,3.13055488903247e-06,0.000118066682363144
1841,RRM1_6031,249.753492377349,-1.5543576077902201,0.36121406496469805,-4.30314807354505,1.6838822848193696e-05,0.00046996611381474695
1842,RRM2_6034,358.726070136832,-2.04918678720853,0.42227225147579706,-4.852762122177901,1.21753699210728e-06,5.30241445757326e-05
1853,RUVBL1_6065,208.050924890075,-0.6998802878312111,0.20478794003303602,-3.4175854677687996,0.00063179253713844,0.00836878174741316
1861,SATB1_6106,46.317403359280995,1.1361763872398798,0.39055302047037804,2.90914761297065,0.00362415696780919,0.0309029626335267
1875,SDC1_6160,724.013744714597,-1.27519143125222,0.30537937183757896,-4.1757615243588,2.96990828262408e-05,0.0007647513827757
1876,CAVIN2_6177,28.8047677466478,-3.1054262067603906,0.5717165965681479,-5.43175801682404,5.580155875468991e-08,4.02329238621314e-06
1880,SEC24B_6189,271.199316646674,0.967643560819055,0.287646855134581,3.36399840132555,0.0007682198822317,0.00969043661220874
1907,SHCBP1_6304,594.956445188723,-1.6912556427025902,0.244828554672714,-6.9079182571798095,4.9181721670646995e-12,1.14353346776763e-09
1917,SKP2_6327,176.682459987133,-0.897854816929194,0.19712265846867003,-4.5548026995176505,5.2434769481598e-06,0.000181035894303626
1941,SLC2A3_6444,152.15194839076202,1.9013477670290801,0.313180860682151,6.07108545167058,1.2704855782753501e-09,1.5555058334771199e-07
1948,SLC35A3_6466,568.3421288653781,0.8290392795900879,0.209388153148408,3.9593418592430605,7.515659108237071e-05,0.00157828841272978
1982,SMC4_6586,751.616745204007,-0.8137454928873041,0.11591351001153401,-7.02028169802066,2.21421364914051e-12,5.52616629587414e-10
1983,SMIM19_6589,262.205005051154,0.781998763786463,0.289109533954136,2.7048529084845696,0.00683346406398126,0.0484086771956052
1996,SNHG8_6618,1222.01144032413,0.6774985950220831,0.15940023223383099,4.25029866975495,2.13485654065455e-05,0.000577211837179475
2000,SNRPG_6644,582.137807337784,-0.997816639458688,0.176473038142149,-5.65421579388773,1.56559415488018e-08,1.3854416587031e-06
2018,SPC25_6704,326.503940238932,-1.5604787408124399,0.20661935157106698,-7.55243266880408,4.2720251279720395e-14,1.5840669174520303e-11
2033,SPTSSA_6735,724.128683282627,-1.08177152573336,0.24758236587500798,-4.36933996454131,1.24622629002634e-05,0.000364268576395537
2041,SRPK1_6763,406.55202176638903,-0.939216676203779,0.209850668301382,-4.47564300750713,7.618168612350391e-06,0.000244274279607977
2046,SRSF7_6776,54.968624936221296,-1.27250222681853,0.4454354305864579,-2.85676023827553,0.00427988996482442,0.0346286857627751
2054,ST3GAL3_6799,7.274525358216129,-5.30326119184417,1.61967010529818,-3.27428479077092,0.0010592979299425302,0.0123420981491981
2060,STAP2_6820,132.234024756334,0.52868265618707,0.18947198316773198,2.79029462482086,0.00526600974697629,0.0401777039954487
2064,STAT5B_6835,283.452830279512,0.562089623065627,0.16863632400574805,3.3331467960987298,0.0008586962302298349,0.0104935590168765
2067,STIP1_6841,342.851570607989,-1.12522127320028,0.28359437185944897,-3.9677136955240697,7.25654355953808e-05,0.0015388140901255699
2094,SUZ12_6905,704.986100461014,-1.03057286079098,0.295949994187771,-3.4822533570894905,0.0004972130205226219,0.00699114905779262
2135,TCF19_7001,13.766045629746802,-6.2063051966958,1.24565290567855,-4.98237122749297,6.28097887257713e-07,3.0302804389704804e-05
2137,TCTA_7011,38.570519652254504,1.2487139879533502,0.347371565320188,3.59475015406731,0.000324703028796048,0.0050467016858863605
2146,TFDP1_7045,900.834385057173,-1.34325228946698,0.19425333077926102,-6.914951131486031,4.68024684233033e-12,1.12481932444006e-09
2149,TFPI2_7050,21.6579095741882,1.3981666442066598,0.387626832040546,3.60699138613917,0.000309767939689887,0.0048435762907173
2151,TGFB2_7058,8.98963333126329,-5.59900081172875,1.45701163372681,-3.84279760169613,0.000121639778817323,0.00226490824891136
2170,TIPARP_7116,1069.27945490129,0.52062065318227,0.162033721849873,3.2130389109042,0.0013133849477079,0.0145064764692367
2172,TK1_7120,79.849051137996,-1.24292336087489,0.280738863053682,-4.427329181842651,9.54070737415894e-06,0.000291339530121964
2183,TM9SF4_7146,311.045627399212,0.42509719329342605,0.15418435323912197,2.7570708983300602,0.00583217045449213,0.0431281527968085
2199,TMEM230_7197,462.46789553965203,0.803044229234975,0.29185854600073696,2.7514843756980403,0.00593258497908149,0.0436468752032424
2207,TMEM97_7217,345.868467283311,-0.6695626771138871,0.15948851270948902,-4.19818747907887,2.69059843637335e-05,0.000706853977879623
2225,TOP2A_7277,564.213268066109,-1.47403354856253,0.242727310199502,-6.07279645356342,1.25701747061981e-09,1.55367359368608e-07
2226,TOPBP1_7280,184.67513885115298,-0.815868666592297,0.279978760653117,-2.91403771017876,0.00356786805161185,0.0305635587945997
2235,TPX2_7308,788.3841280814729,-0.9054147808751101,0.251579146426898,-3.5989261977172595,0.000319533846712273,0.0049782836286097
2241,TRAPPC11_7324,373.108744656408,0.56763351151571,0.19796905324737998,2.8672840638703296,0.00414011223669438,0.0338467891192972
2245,TRIB1_7336,80.8599863672345,0.860386636900433,0.312305802640502,2.75494925046536,0.0058701239830905895,0.0432609137152469
2257,TSKU_7371,254.963760775644,1.26886721541687,0.20781649863691198,6.1057097186195,1.0234487006466e-09,1.2771458881722699e-07
2263,TTC3_7391,234.117714782649,0.643837259190023,0.17875207211593602,3.60184501118645,0.000315966731840049,0.0049345562524911605
2289,UBE2G1_7477,527.194303321495,-0.797503834847203,0.17727824281485896,-4.498599614844321,6.84025437325392e-06,0.000225311729076369
2292,UBE2L6_7483,338.88659109159903,0.642145089692552,0.17584110231751598,3.6518486362365605,0.000260359334909317,0.0042236793105664
2300,UBR7_7515,678.789147760159,-1.22780317803618,0.13964703441948997,-8.792189416267519,1.46673214141224e-18,1.1897031082030001e-15
2304,UGDH_7525,699.237531289814,1.07228002868395,0.23341482650785997,4.593881394453099,4.350767235484121e-06,0.000154696595019487
2323,USO1_7576,87.1793697965416,1.7885657127723997,0.303357631250797,5.895898202388481,3.726486699327221e-09,3.90018906321521e-07
2324,USP1_7579,58.7853094657561,-0.813080395022822,0.265854777675177,-3.0583629232958502,0.0022254986980336697,0.0215219985864985
2338,VAT1_7625,27.6106512563413,1.1618171895182299,0.38432482202100104,3.02300846302023,0.00250275244020641,0.023367425301438
2344,SELENOS_7660,80.0828545934747,0.7744848169581691,0.271131466856553,2.8564918190330295,0.00428351043040496,0.034636385274639
2355,WDR48_7710,42.858875019570796,1.74066229389634,0.37533598657341205,4.63761098366164,3.5245936284414705e-06,0.000128509905307138
2367,XBP1_7759,8.952835665852769,-5.59631518112667,1.87583015517821,-2.9833805399055398,0.00285083299486519,0.0257826554755125
2373,XRCC2_7785,112.095943210259,-1.34658052355405,0.39437354040018396,-3.4144798917991097,0.000639039103670184,0.00843687638599354
2380,YPEL5_7802,258.213574803003,1.79081526767254,0.396172158585195,4.520295606000889,6.1753341829328e-06,0.000204970555053969
2383,YWHAH_7815,50.1251727872297,-1.27723887733802,0.4408573134291429,-2.8971706682219,0.0037654484996489704,0.0316913039094969
2426,AAK1_10468,66.34099010718771,-1.6080594863623898,0.3942806682719289,-4.07846393638893,4.5334232757743e-05,0.0010721824188328801
2446,MFSD11_10496,110.351710616856,0.719903565604322,0.234950103834464,3.0640700040359903,0.0021834781050575802,0.0212093586338292
2458,ICA1_10509,27.33425262307,1.3578195882495,0.406379997654596,3.3412559576900698,0.000834002986604164,0.0102725717617535
2459,ZBTB1_10511,250.71737153752002,0.7641301026899241,0.264449357204179,2.88951393479828,0.00385837905918361,0.032139950853713
2463,MYOF_10516,2169.3717880641,0.930245379958999,0.113599358924828,8.188825964894509,2.63786653131042e-16,1.26793451271654e-13
2478,ZNF514_10538,1169.45358085286,1.66834491925587,0.390335921955238,4.274126016634431,1.9188849063530604e-05,0.000525385829422996
2489,BICRAL_10551,511.838833666709,0.88680804661954,0.301504979794789,2.94127164076402,0.00326867752687187,0.0286677209903288
2492,FBXO5_10555,250.125016446228,-0.6906652016506379,0.22788041599088002,-3.03082298076145,0.00243888187905448,0.022949522063055998
2501,FDXACB1_10566,9.75408276743425,-5.724448605723151,1.6459570368290501,-3.47788458485608,0.000505387481320284,0.00704502549148727
2504,TCAIM_10575,664.674383471923,1.02670085347986,0.21522392589909098,4.77038437613685,1.83874707564558e-06,7.4572686086651e-05
2533,SCARA3_10615,128.922566782341,-1.27770974942571,0.31062461717390505,-4.1133563754555,3.89947687628938e-05,0.0009584736912970381
2536,KLHL23_10618,343.281514574485,-0.940970006804158,0.160897005615258,-5.8482754430759,4.96695589327826e-09,5.1159645700766e-07
2559,CC2D2A_10646,76.51957108959941,0.5913097962307661,0.208091662189392,2.84158331962668,0.00448901202216923,0.0358379919985422
2568,ANP32E_10658,5305.105840857629,-1.17345785463848,0.194064796096225,-6.046732216473861,1.4781312941285599e-09,1.77622110511115e-07
2574,SETD2_10666,173.57127661350899,0.6273602364012789,0.217098346708434,2.8897513311966097,0.00385546673457025,0.032139950853713
2594,VTI1A_10689,243.52470218109102,-0.634774912781614,0.189078337404903,-3.3572059152512597,0.000787344517217928,0.00986308604677054
2597,PSAT1_10692,67.0521748197266,-1.7013411437474497,0.6121374027151519,-2.77934518655633,0.00544686099738515,0.0412357998581785
2608,MASTL_10707,263.169937775675,-1.27143052639767,0.242896432321311,-5.2344553365682405,1.65472076375404e-07,9.85090186788985e-06
2613,ZNF277_10713,158.85925669746598,1.00478913240702,0.209695009751119,4.79166926098801,1.65399399261689e-06,6.92436581812323e-05
2625,RIBC2_10735,11.7861631848689,-5.996848517715209,1.46572081331762,-4.0913988961796095,4.28778873224663e-05,0.00103432940831035
2632,CEBPB_10745,206.35283981934398,0.955776564250885,0.22856720302740802,4.181599772808509,2.8946517781349104e-05,0.000752841498529758
2638,HAS2_10752,10.441847245571099,-5.8233249951868205,1.4721210797531399,-3.95573779580912,7.62988103078678e-05,0.00159197099706673
2681,CMTM6_10801,392.97069451139,-0.7652488795047571,0.197010433087272,-3.88430636648449,0.000102622440481618,0.00200275794371495
2686,UBE2W_10807,407.651806128005,0.590619697269725,0.20176320075651102,2.92729147364433,0.0034192826691150603,0.0296323701881622
2688,PLD1_10810,109.994864995054,1.68806190749294,0.352610586050207,4.78732622977062,1.6901797161183799e-06,7.00803589641671e-05
2692,ZMYM5_10814,225.43098788870097,0.706726718572715,0.20490028289391,3.44912514805377,0.0005624059825796121,0.00766459912613135
2699,PIGA_10823,86.853367683869,-1.01075349094164,0.24182860670989004,-4.17962748366738,2.9198699917871003e-05,0.00075788145506826
2706,LYST_10831,66.5324617861377,0.876808914402266,0.28973955108299,3.02619684169774,0.00247651022683923,0.0232226515346239
2712,CRLF3_10837,279.364343813973,-0.565629024441152,0.186299221663149,-3.0361319783926803,0.00239634447447825,0.022700553715167004
2725,SMCR8_10853,642.111239627811,0.7492940425042729,0.219914705700423,3.40720298862139,0.00065632296348669,0.00863870123745463
2773,SCRN3_10911,101.54247081991699,0.544474674131984,0.190126649407568,2.86374727492732,0.0041866189603224895,0.0341079352586725
2775,GSTCD_10914,81.3700316299254,-0.862612980721601,0.25869106853212,-3.3345294277699304,0.0008544385896815269,0.0104711086089583
2784,PCF11_10924,44.3687714316471,0.9908122727785921,0.32478989002600295,3.05062535259107,0.00228365331436598,0.0219210449066877
2789,XRCC3_10930,351.365237469196,-1.32041233231148,0.200502897949838,-6.585502483070449,4.53349516762509e-11,8.05968497060801e-09
2811,MICU3_10955,4.77759362429966,7.11989867507763,1.8472108807257,3.8544049027474703,0.00011601146463994299,0.00219155282110215
2844,TRAF3_10989,7.735380445137991,-5.386132635018719,1.64461666775229,-3.27500793384273,0.001056590062106,0.0123320566647628
2859,PRPF40A_11008,1024.87844175837,-0.613864342716297,0.19222635786228898,-3.19344521502129,0.00140586010849366,0.0151412883718098
2869,LCLAT1_11021,493.377023102548,-0.47818235140216603,0.154155524559924,-3.10194754788879,0.00192252019580578,0.0193714806686082
2870,ALDH6A1_11022,143.046537588316,0.82618713185775,0.21683980247277498,3.81012674996087,0.000138895563559657,0.00252463112587847
2888,PRAG1_11044,147.02054050756,1.17257348562647,0.178255301271072,6.5780567380901696,4.76636362414691e-11,8.359171231645749e-09
2903,F2RL2_11064,8.838330925055141,-5.57841596777193,1.67147970707757,-3.33741172217118,0.000845625798249141,0.0103925488728005
2913,CYB5R1_11077,514.79879275156,0.957725023236019,0.322050144344586,2.9738382051811003,0.00294100103853957,0.0263775476697765
2919,VEPH1_11084,6.590160941908361,-5.16316083306732,1.79645814036916,-2.87407800774379,0.004052088663493021,0.0332835485283623
2950,SEL1L_11119,153.45559463906798,0.640860509705553,0.14745275074878697,4.34620925314156,1.3851043920667999e-05,0.00039769656637705697
2973,NEK6_11145,1503.7784548153602,0.7744048530500091,0.287485749302782,2.6937156186980293,0.00706604250874321,0.0495157125693679
2991,RRP1_11167,290.404209577406,-0.588138875468766,0.18553656269989602,-3.16993517024499,0.00152472952432011,0.0162063388752059
3002,MIA2_11180,172.49846582380002,1.0664767264414798,0.30488032301323803,3.498017569324,0.000468730253340496,0.00669976564711215
3004,RAF1_11182,225.140501810589,-1.11782246293733,0.274086728897332,-4.07835310901189,4.53558443472993e-05,0.0010721824188328801
3010,TMEM185A_11192,93.252039474379,0.839126335416383,0.268987240578871,3.1195767264296697,0.00181111085796178,0.0184929950547821
3016,RABL2B_11198,65.77210891783399,0.995861021145003,0.33545102349600703,2.96872255975352,0.00299040459830947,0.0267098904864833
3022,NGLY1_11205,9.971946014650289,-5.74749682679978,1.35496940912926,-4.24179083902217,2.2174329834868898e-05,0.000596646549729042
3073,RHPN2_11264,52.83793146679071,-1.6672481468028602,0.525951805806253,-3.16996372746942,0.00152457968191316,0.0162063388752059
3094,RFXANK_11289,50.84639823014529,1.46520047073665,0.4195714495424,3.49213577886354,0.00047917459986915496,0.00681131211073592
3117,COL9A2_11322,8.64970631759399,-5.55314940559232,1.64242427407814,-3.3810687611209302,0.000722044716584708,0.00923221313481413
3120,SLC31A1_11327,289.249770560419,-0.637006940158817,0.21830295630576302,-2.91799502369818,0.00352289972058898,0.0302712477746261
3123,BACH1_11331,101.48092535354999,1.06735117532185,0.38495283360343396,2.7726803965324303,0.00555966945077961,0.0418025903981234
3130,GATD3A_11339,584.886969572154,0.543924107380495,0.156070496474958,3.48511806949862,0.000491919928258483,0.00693927916188977
3150,GEMIN8_11362,35.8430118981856,1.18754794271678,0.308963648607914,3.84364940039863,0.000121218147558674,0.002260300458357
3155,GTF2IRD1_11367,233.24602758957099,0.433024483488158,0.14474786235489498,2.99157774383197,0.0027753985941173396,0.025326159676962997
3165,GFM1_11380,77.2889057300234,-1.12546569613855,0.38496199487391,-2.9235761221239103,0.0034603560447241197,0.0298253116076768
3173,ZMYND19_11392,637.051753134258,-1.03682351613346,0.33965930337447303,-3.0525397238725605,0.00226913695191693,0.0218463348382625
3184,TIAL1_11405,1243.52766808173,-0.620140277693104,0.22794939835538602,-2.7205172822007997,0.00651798646897336,0.0468904813715833
3199,HSPH1_11423,1109.08702520357,-0.5270066404001761,0.19128366044707998,-2.75510537161628,0.00586732360840063,0.0432609137152469
3201,TRAF3IP2_11425,24.0694343590668,1.50663832985281,0.40173163283363106,3.75036020744913,0.000176580726706284,0.00309266487340642
3221,PLEKHA7_11450,264.330950448628,1.19498123039251,0.39317016424848,3.03934870713457,0.00237090252914228,0.0225253096802405
3230,H4C2_11462,987.918958387564,-1.6129869270197201,0.42865570633366895,-3.76289619661368,0.000167956927771902,0.0029737312532383898
3232,H4C6_11465,35.0962592552225,-1.0148728416764399,0.324097518593862,-3.13138109196144,0.0017398622662750198,0.0179348153230478
3240,PACS2_11476,110.89054923604601,0.961140973845432,0.262635615095742,3.65959876955399,0.000252610464960995,0.00411339851225069
3279,PARP12_11521,520.0014432401081,1.16759526470403,0.264245626451421,4.4185982579306105,9.93431137328734e-06,0.000300530286719168
3290,MEIS2_11534,7.78403471678618,-5.3977006217790695,1.63362188428792,-3.3041309459023798,0.0009527132113228991,0.0113747121035406
3292,ZNF530_11536,116.994679910377,-1.36310342293471,0.23148196379308897,-5.8885945176840195,3.8949376846204495e-09,4.04388010168034e-07
3295,PHF12_11540,205.38221637683102,-0.579061589664356,0.190860180403114,-3.03395704877427,0.00241368791296646,0.0227982836495479
3322,PAQR3_11569,285.78510187307,-1.07045683733545,0.197990201810297,-5.40661521402508,6.422691846256581e-08,4.505605123282051e-06
3324,CCDC15_11572,23.8731918998459,-2.59247001810364,0.875605927088663,-2.9607725780516803,0.00306868443006044,0.0273150799268343
3347,NTN4_11596,41.7012132980509,1.13722838110314,0.33249443232167697,3.42029300509583,0.000625537206975093,0.00834904321925312
3357,ZBTB41_11607,687.7974937567959,0.7175784809139558,0.266069584973891,2.6969579442324103,0.00699761073004299,0.0493559739426619
3359,TTC8_11610,237.124627523945,0.60696337508613,0.10224025510536401,5.936637916842249,2.9092619589197302e-09,3.19969505956443e-07
3385,VASP_11641,400.6161020518,-0.726889371876229,0.214637364885701,-3.3865928808029904,0.000707663174243942,0.009120211196959159
3404,MPDU1_11661,170.09922531562,-0.7728921662815079,0.272592948865362,-2.83533440427782,0.00457777405115721,0.0362479265624883
3421,PARP4_11684,597.369047200812,0.47207066869382397,0.13935673349161598,3.3874980911649,0.000705332079968072,0.00909920450678493
3423,STAT6_11686,197.01449684128102,1.14509381070825,0.3625348260797971,3.15857602727579,0.00158541950366826,0.0166874082064936
3431,VPS35L_11696,804.3589739186231,1.67472716367509,0.39160130336452,4.2766128439469995,1.89758389808018e-05,0.000520652089414049
3434,TBC1D14_11699,1769.0688049839998,0.9153643786858341,0.298968646925377,3.06174038013528,0.0022005422342522398,0.0213442728820071
3436,LRPPRC_11701,2491.4298329998,0.567861915909831,0.130108996042552,4.36450924365069,1.27408462332929e-05,0.000371574612170057
3464,EDEM2_11735,8.87614755252403,-5.58761618085083,1.63487025653272,-3.41777346460581,0.0006313563276467089,0.00836878174741316
3483,RNF144B_11757,14.073318057986901,-6.25410833396978,1.32274103197509,-4.72814268461247,2.26582940598264e-06,8.937973869557041e-05
3486,GUCY1B1_11762,9.42515353349024,-5.6777589151949295,1.62218603795824,-3.50006644265118,0.000465142204850278,0.00667029340833913
3509,CITED1_11786,24.859050165004,-2.6215481951524104,0.5967889686332379,-4.39275578628115,1.11922828125056e-05,0.000332387749063381
3557,CDA_11848,269.094901435966,0.47793886746379494,0.177392185055202,2.6942498471117298,0.0070547260213043705,0.0495005878815106
3560,MFHAS1_11851,47.1019484465154,-0.9505553607699141,0.30128166657471506,-3.1550388431424397,0.00160476738606739,0.0168637013250062
3574,CDC23_11872,359.51697316535797,-0.548623991583947,0.183147888372182,-2.99552452643662,0.00273973267412404,0.0250749299328503
3580,APBB1_11880,197.653847996481,0.580560297009306,0.203833240567115,2.84821207470402,0.00439656160455064,0.0353741949806933
3585,CYP27A1_11888,50.4798265210613,0.943550330771246,0.271915284547489,3.47001578944511,0.000520427770111296,0.00719287710383855
3603,PAQR8_11911,125.361161310156,1.27633619692075,0.23684475658026002,5.3889147277289995,7.088442648935661e-08,4.81642977475848e-06
3612,HAUS1_11922,158.636233744847,-1.0899651889554498,0.401867408726067,-2.7122507704983403,0.00668280146650183,0.0477584787622581
3628,KLF10_11941,296.364621083162,0.759600073324793,0.178341574850648,4.25924282636238,2.0512054482159e-05,0.00055808268987308
3643,MFN2_11962,437.094806664058,-0.612772270711225,0.18049704140001602,-3.3949158720735095,0.0006864969159923429,0.00889157382809244
3649,H3C1_11974,234.093506057084,-1.6866700276185802,0.263032892356005,-6.41239204918803,1.43253860662809e-10,2.3113082108128996e-08
3650,CACYBP_11975,34.7050211729935,-3.0143247300511895,0.637842884265224,-4.7258107041887,2.29199087240292e-06,9.01377501274093e-05
3662,FOSL2_11989,16.539453525783802,-6.48655481623026,1.33651576286797,-4.85333207167796,1.2140414833593598e-06,5.30241445757326e-05
3665,PTGR2_11992,182.435036564281,1.00623734947725,0.300292205255948,3.3508607012280103,0.000805608157906061,0.0100145427905219
3672,ANLN_12002,1449.75751426376,-1.1818286791780201,0.214930630734047,-5.49865170516528,3.82706205551591e-08,2.90453867581786e-06
3677,GRK6_12007,13.3318448739692,-6.1724279522552505,1.6920837808179099,-3.6478264387545,0.000264468186608305,0.00427430650784879
3681,H3C13_12012,1223.28434511453,-1.4529701160652,0.330670521960628,-4.394011620540541,1.11277863533456e-05,0.000331230301132383
3692,TTI2_12029,207.26255973901903,-0.8899255136956121,0.21601050571661398,-4.11982514805606,3.7916002149830106e-05,0.000940334435396317
3701,ASNS_12040,199.50273921589198,-1.5105628571865402,0.379657797434796,-3.97874840815291,6.92790036970946e-05,0.00148858097678956
3717,SEPTIN8_12059,87.92252194006741,-1.1613664306990001,0.41092603195613503,-2.82621771409939,0.00471012385999295,0.036890758874464996
3746,CREBL2_12094,480.398746311913,0.858235447100349,0.28614690434653806,2.99928265539082,0.00270616123442385,0.024837737270405
3748,CSE1L_12096,2220.58211768921,-0.469250176864234,0.150419591767833,-3.1196080999109603,0.00181091799141043,0.0184929950547821
3749,SMIM14_12097,195.896236354655,0.658268889313436,0.232839297147408,2.8271382768205697,0.00469660426943908,0.0368515902108708
3750,HARS1_12100,1171.00172050371,-0.48500551690003,0.13097423599950803,-3.70306047749613,0.000213014075893712,0.00359025542460857
3763,IFT81_12117,572.463291817054,1.10680842412331,0.363990031826525,3.04076575550511,0.0023597733909961898,0.0224689208131684
3792,EME1_12151,31.092236436983498,-2.72243602817721,0.553404054902344,-4.9194363576855595,8.679378271149179e-07,4.02289182867764e-05
3795,AMOT_12156,14.346875146961,-6.28309990742714,1.6664981941533301,-3.7702410536479904,0.00016308994442638502,0.00289942643666525
3800,HEATR3_12162,122.20431938568399,-0.6888209084203429,0.239621963094977,-2.8746150792000598,0.00404520324536941,0.0332691050180001
3802,MICALL2_12164,199.688589826525,-1.4718213235358,0.203365765066958,-7.23731117207069,4.576672867471239e-13,1.29121870595743e-10
3828,RALGAPB_12199,325.676948028902,-0.615338257527352,0.180614630518862,-3.40691258376818,0.0006570216614700889,0.008639135889117341
3833,PPRC1_12208,15.6088867079219,-6.38983132573483,1.22961069384203,-5.19662959807972,2.02934141605268e-07,1.15512249550578e-05
3840,THAP12_12216,144.381654120441,-0.7700404276797521,0.268510506715526,-2.86782233253752,0.00413307556083783,0.0338203370924044
3848,PPARGC1A_12225,34.5675272605022,1.9489470243881002,0.522591708537751,3.72938757455873,0.00019194572292765,0.0032950682435913302
3859,KPNA1_12239,106.389143147059,-0.9369041571699971,0.3335007350524,-2.80930162574541,0.00496491063811223,0.0383893599196406
3862,KLRC2_12242,38.0029369396071,1.66248380305298,0.432197364211945,3.84658477981304,0.000119775697821764,0.00223984006675915
3880,LONRF1_12267,74.26849807725559,0.8201142787127049,0.20407742408542898,4.0186428380701,5.85343204173038e-05,0.00130750156691182
3891,TSPAN15_12281,72.84519214410871,0.5641986229533101,0.178867305185761,3.15428592367603,0.00160891370009691,0.0168766765686316
3901,SFPQ_12292,36.936722801734,3.08756675817091,0.739789659686262,4.17357382297059,2.9985843731763203e-05,0.000769223915819378
3914,CD9_12310,1179.61675416441,1.0135785679179201,0.31685889875670803,3.19883257782882,0.0013798527598540302,0.0149730176566769
3917,DSCC1_12314,1050.33540836307,-1.2465880408301298,0.205511515447303,-6.065781949575389,1.3131318585980498e-09,1.59269394961546e-07
3933,ADAM8_12335,263.167766167977,0.7211594964294109,0.246472786788668,2.92591935128218,0.00343439957345288,0.0296946286903874
3944,SLC25A23_12348,723.8378918224921,0.717635984659573,0.19200425963151702,3.7376044991752497,0.000185781882664432,0.00321640193124733
3948,LYAR_12352,532.297956102906,-1.1397680155210401,0.27876897975363596,-4.0885754811325095,4.3403032099108796e-05,0.00103735644674445
3952,WRAP73_12356,248.53911059128998,-0.550314779112694,0.18484121176497303,-2.97722988211322,0.0029086582609487896,0.0261960908470461
3970,FECH_12374,9.12795072368701,-5.619780671680571,1.3188882870928798,-4.26099824122923,2.03515834973481e-05,0.000554879938295343
3977,AHNAK2_12382,334.626091972119,2.1375234627269597,0.267448075628022,7.992293299204411,1.3245146609070499e-15,5.927431472155739e-13
3980,ARHGAP40_12390,21.945695082435304,1.48806621898702,0.432092769334454,3.44385818184152,0.0005734764240678889,0.00776886955276938
3993,POLQ_12404,36.8018975460756,-1.09165114741097,0.327958447214198,-3.3286264058263098,0.000872753899192459,0.0106054308087263
4022,H2AC13_12443,80.48501534673291,-1.2161666458225902,0.437673434937947,-2.778707933222,0.00545755712452549,0.0412511219348234
4023,PDE4A_12444,25.213737946028104,0.936006651466363,0.312843817247774,2.99192951838023,0.00277220258053973,0.0253185398242397
4024,SKP2_12445,478.66981598786,-0.810660830256615,0.19226714596490802,-4.2163252915013,2.48315499627467e-05,0.000663094352708903
4028,CDCA7_12449,34.2564552784573,-2.36558968373583,0.729731124435321,-3.2417278152502598,0.0011880743350182901,0.0134427451786114
4064,TMOD3_12492,608.079104704286,-0.7385672741203141,0.21274929012707003,-3.4715381361751496,0.0005174858229089741,0.00716587423749409
4065,BCAR1_12493,603.2842513366901,0.746335910670365,0.24598824900164,3.0340307461816503,0.00241309835557945,0.0227982836495479
4072,LMNB2_12501,227.97434812447102,-1.44962944452544,0.37951611892832704,-3.8196781960642006,0.000133625894445131,0.0024461178941387
4102,GRAMD4_12532,27.4522112900112,1.3699118385229,0.50182348747929,2.72986791711187,0.00633597053501975,0.0458836265897069
4111,PEX7_12544,80.49696902993959,0.8959058864878771,0.2165785218879,4.1366331189183905,3.524389302926379e-05,0.0008813010476566211
4116,FMNL2_12549,281.794164341099,0.7673225991143249,0.191726264135015,4.002177805822,6.27621032183848e-05,0.0013805535179122
4117,E2F7_12550,327.473328262342,0.589635798275941,0.160069661416426,3.6836199505788,0.000229945002172817,0.0038015620868774797
4131,PEPD_12569,8.238202417006,-5.47579832917955,1.86001862109825,-2.9439481234582203,0.00324054312036338,0.0284855903094958
4136,H3C2_12576,709.6326943560421,-1.49888931044501,0.182520575427268,-8.212166255427459,2.17233201732748e-16,1.08432788157216e-13
4157,XK_12604,30.201010982923897,-1.32270963252372,0.4843851673957779,-2.7306980509644103,0.00632003465451884,0.0458220166180701
4165,NAV2_12614,189.77358110861198,-0.904302397471788,0.320083019802947,-2.8252120278935897,0.00472493385150194,0.0369621407623823
4186,KITLG_12641,79.28595554336991,-0.677889558406437,0.24739978760290002,-2.7400571559686,0.0061428500886213,0.0448752572632621
4202,RGS12_12669,99.7246164836388,-0.667152123188081,0.217593157701388,-3.06605285862729,0.00216904965390418,0.0211365291218893
4204,SLC15A4_12671,1020.0885719875699,0.8103523886747809,0.274839153712984,2.94846050035882,0.00319360948632955,0.0281567010282506
4220,EXD2_12690,31.114757792080898,1.15178463283344,0.348564430774633,3.3043665134557,0.0009519129551933099,0.0113747121035406
4223,TUBGCP4_12693,64.747374704504,-0.889318695533486,0.275926389353443,-3.22302878538496,0.0012684280620786,0.014191085680738
4228,SLC4A4_12700,10.8046788355463,-5.8762899482434205,1.4570970891630302,-4.03287467386187,5.50986678318385e-05,0.00124360088890713
4249,COL17A1_12727,23.033829630093003,-1.9976239597930199,0.6861562249943921,-2.91132527407931,0.0035989913487849603,0.0307692422427742
4253,PGAM4_12733,12.946339027205902,-6.12962387893057,1.54733573022356,-3.9614052459351896,7.450995017379879e-05,0.00156724494871242
4281,ARMC9_12765,281.070288418637,1.06459115012532,0.2715311544052,3.9206961442687795,8.829353652061021e-05,0.00176559863939057
4287,LETM1_12773,198.43630902283797,-0.7183310775696992,0.188292737702346,-3.8149696389525096,0.000136199678043368,0.00248355171297022
4298,ERAP2_12789,133.109591376943,1.2521558926286798,0.457274300144897,2.73830366638122,0.0061757022635094295,0.0450524249442526
4302,CAMLG_12796,145.82865865711798,1.07545020492119,0.350415865162706,3.06906824672975,0.00214727532318466,0.0209686524787739
4310,ZNF695_12806,19.6611217538245,-2.43285795250651,0.9040121787851,-2.69117829338983,0.00712001318113045,0.0498400922679132
4315,CCDC18_12814,108.908572510331,-0.955927273172912,0.289783952840178,-3.2987584847395803,0.0009711342487203529,0.011552135911909
4324,SH3RF2_12829,11.214226320121501,-5.92841361351179,1.46320553318892,-4.05166156021249,5.0855191470051504e-05,0.00117657312526869
4343,E4F1_12855,25.9093082709696,-2.18426606262847,0.7642687199422249,-2.8579817616944903,0.00426344895784046,0.0345171806455729
4350,SP140L_12864,301.47090826287,0.933097633864804,0.19088196520384698,4.88834884358159,1.0168522854182301e-06,4.5981564321107204e-05
4378,SMC2_12897,135.11621102261,-0.576402707302552,0.20087815652884,-2.86941456085993,0.00411232416965637,0.0336717621916722
4390,CPSF2_12913,1179.5334688673402,-0.657721751532586,0.12582580583089198,-5.2272405266099105,1.7205860990810098e-07,1.01039666940604e-05
4408,SMARCB1_12934,141.687087450054,-0.994234239403521,0.331219243124553,-3.0017405692508197,0.00268440840279636,0.0246565450745077
4418,AFAP1L1_12948,11.6190303524786,-5.9729119531415,1.5023460836901499,-3.9757230494257794,7.016574430970129e-05,0.00150265846477113
4426,MAPK8_12958,745.321466672724,-0.821520189991207,0.275124226149644,-2.98599727653344,0.00282655160463614,0.0255987346301241
4430,AP1S3_12964,100.977682845395,-0.870473148504657,0.321369981819265,-2.70863241046017,0.0067561147252484105,0.0480179939234796
4436,GPR176_12972,35.5006440254274,1.2340231985769798,0.334631985492865,3.68770246741189,0.000226288024401502,0.0037619049664122397
4441,PLAGL2_12978,47.8512148959039,-0.8023109689296921,0.257241160807758,-3.1189058796437203,0.0018152393674032601,0.018506030251499998
4450,TONSL_12988,15.9445094433464,-6.41342492014655,1.24758861465201,-5.140656819744559,2.7377970831472103e-07,1.4929046447514499e-05
4499,DDT_13045,40.0638315197525,-1.66871043884853,0.574511415689179,-2.9045731612604397,0.00367754243791415,0.0311738378571195
4502,DBP_13048,20.962010034313398,1.73793964785696,0.416139838662687,4.17633566024831,2.9624258777607398e-05,0.000764341213550275
4506,DHX15_13052,2416.2771502974397,-0.80455382857257,0.22463048242870104,-3.58167698289986,0.00034139574236633196,0.00523715596268352
4516,RRAGD_13064,329.584805768019,1.55882463255787,0.285653778455561,5.457041881209969,4.8413219439779405e-08,3.5699247834628198e-06
4527,TIMM10_13081,1159.91476415638,-0.606200453100832,0.21976171099152103,-2.7584443639693905,0.00580771903970369,0.0430454470001568
4553,ARL13B_13111,141.72028142436199,-0.7599989938155342,0.16688145960548598,-4.554124799796219,5.26041213729342e-06,0.000181086548323061
4559,RAD51B_13119,225.646735251834,-0.835204288976876,0.299720082500328,-2.78661437034658,0.00532618194434467,0.0404939597385502
4602,DNAJC1_13173,22.1760229012365,-6.91097834537297,1.3596331579319598,-5.08297278942856,3.7157294905446e-07,1.9366561176019198e-05
4641,WDR81_13231,31.3939502309482,1.4854371812278,0.39256098805327505,3.78396536190246,0.00015434931410775,0.00276677541227952
4667,IQCJ-SCHIP1_13265,99.12587126241958,-0.6685715102443119,0.224421449735697,-2.9790891692023904,0.00289106631626992,0.0260557351753827
4676,DAAM1_13274,393.08271968751603,1.21003527294147,0.16224412668378,7.45811449495412,8.77693870821342e-14,2.9711136335487897e-11
4681,EDIL3_13279,396.08358796459504,0.6573371170009821,0.166578388378893,3.9461128385143596,7.943019196620551e-05,0.00163234144516577
4682,ACADSB_13280,26.9636367371112,1.16579626355242,0.361169133056614,3.2278402467180802,0.0012472860968744,0.0139786519561623
4683,UST_13281,76.05307843899759,1.21540608064328,0.274073828173285,4.434593732440731,9.22460791847232e-06,0.000284083780928804
4694,SCLT1_13294,72.2341093130137,-1.10812057076472,0.305740749255303,-3.6243797186465603,0.000289655782909467,0.0046127193859153
4697,XPO4_13297,513.361983240796,-0.650489127983761,0.21937844611542395,-2.96514602734269,0.00302539284739164,0.0269852566140541
4703,ALDH3B1_13305,93.15284857622801,1.02901851238821,0.321989419514218,3.19581467596259,0.00139436641706005,0.0150447576716052
4709,GPX8_13313,84.64140299073979,-1.0502359669225199,0.34514431244188504,-3.0428893916638193,0.0023431844250542803,0.0223766353703859
4714,EPG5_13320,471.276633963766,0.8782647457526679,0.304356337169042,2.8856463247054798,0.00390610837355914,0.0324321962343742
4731,CDCP1_13338,709.644725380715,0.6762250705462339,0.18855250729629602,3.58640190068434,0.000335272108156718,0.00516152007076854
4736,G0S2_13343,384.583377219622,-1.17153014481537,0.234086502931493,-5.0046889937871395,5.595229269961921e-07,2.7298829122393103e-05
4740,MARS2_13348,6.84244281473059,-5.21045820597618,1.62333731737323,-3.2097199702199797,0.0013286434199568599,0.0146128256815255
4742,MXI1_13352,444.178805948919,1.5518583658036598,0.34175104890270097,4.54090300757347,5.60137978233057e-06,0.000190799755420174
4752,SLAMF7_13366,45.1822026509484,1.2070456813231898,0.289000962597897,4.17661474367688,2.9587952081587102e-05,0.000764341213550275
4761,LTA4H_13377,708.099143072382,0.562521819204732,0.166546814986684,3.3775597524918504,0.000731320623689453,0.0093324277819486
4778,CACNG7_13397,250.724852881773,1.21394260900855,0.425829430847591,2.8507719783300494,0.00436132332153005,0.0351560584265944
4786,BORA_13407,204.162732941236,-1.1932034067696398,0.285897731312654,-4.17353226725946,2.99913161815846e-05,0.000769223915819378
4800,SRSF2_13425,1863.4840438391602,-0.676951091901021,0.24042042415743303,-2.8156971034113902,0.00486715308251618,0.0378198547184721
4802,DPF1_13428,15.510773026675999,-6.3985035371397805,1.31088051656606,-4.8810730316605095,1.0551015589521601e-06,4.70553540621346e-05
4809,YEATS4_13437,450.254832111101,-0.7607706258435399,0.266175335217494,-2.85815597911019,0.004261108763781329,0.0345171806455729
4818,AURKAIP1_13449,435.96907508602004,-0.7353085642402161,0.219687585363655,-3.34706471020216,0.000816721428844504,0.0101043000033784
4819,CBX1_13450,1024.50417338519,-0.9107722857402231,0.260748491657127,-3.4929148772904504,0.00047777878310891505,0.0068039163392701295
4822,NEURL4_13456,10.228627699255,-5.79141056529239,1.3098148483543701,-4.42154902471033,9.799582354225481e-06,0.000297147149049388
4824,MND1_13458,251.52365168237702,-0.898596602138283,0.26287155303341797,-3.41838662939708,0.000629935546337313,0.00836878174741316
4837,ARL14EP_13473,24.280810421483604,1.05708262019899,0.34134978266866994,3.0967725010244,0.0019563995444436,0.0196366228057146
4841,GEMIN7_13477,8.34826464778093,-5.49661941450716,1.65173389814504,-3.32778749693281,0.000875386126304278,0.0106274659936173
4844,RABL2A_13480,42.8206015690045,1.12265777946727,0.39941972819009797,2.8107219053861,0.00494304896041989,0.0382761869978099
4862,MMP16_13498,9.869441195921961,-5.74254409570161,2.0663783081893103,-2.7790381233403396,0.00545201260687412,0.0412357998581785
4873,USP11_13512,86.2385685104088,0.837643990383015,0.27332101074133,3.0646893486566205,0.00217896195787774,0.0211961853041273
4877,SIRPA_13518,22.388895207932702,-2.2467040910713,0.6540471085494329,-3.43507992268954,0.0005923790931073571,0.0079832771239328
4879,GMPPB_13520,492.406629987276,-0.853298410601532,0.14286119759694102,-5.9729193437743,2.33045133712095e-09,2.62996499592658e-07
4889,ZFYVE26_13530,227.12291018249198,0.6042894379363779,0.18290744598363898,3.3037990043906302,0.000953841921109197,0.0113777210038191
4891,TSNARE1_13532,149.083670793419,0.879144348060575,0.277308413482156,3.1702765055743396,0.0015229393937808801,0.0162063388752059
4894,MAGEA6_13535,7.64499004881919,-5.37156239036554,1.6308191124126898,-3.29378184832448,0.000988491838217596,0.0117156594304913
4904,C20orf96_13547,50.1947097033233,1.31490232253595,0.34607037857667794,3.79952288301557,0.00014497492621016298,0.0026131730449381802
4912,SLC17A5_13556,1444.84527138028,0.974343833157015,0.10999864194855699,8.85778056798815,8.16231837418042e-19,7.0620378573409e-16
4914,EEF1AKMT1_13559,9.19428397507222,-5.634948242437731,1.65677206643116,-3.4011608214616604,0.000671003397101294,0.00876084717060422
4960,IL24_13615,143.394181366814,3.18243026712733,0.599096960905704,5.31204541968664,1.08401575619851e-07,6.9991823303205095e-06
4964,FAM111A_13619,426.784833592884,-1.11095381962463,0.24116882856214802,-4.606539851141441,4.0942462618322e-06,0.000146377763046992
4970,PFKFB4_13625,37.82932431791029,1.1165061274485701,0.32372599532663693,3.44892329799472,0.000562826550100414,0.00766459912613135
4976,NPAS2_13634,4080.7164853874,1.10220592251347,0.319521828400593,3.4495481201728797,0.000561525642167632,0.00766459912613135
4977,TRPC1_13635,56.790263500044205,1.2848709409837,0.32632879302531803,3.9373508205388905,8.238611735303249e-05,0.00167171816693929
4984,SAT2_13646,498.661413150742,0.622895218952625,0.19752456535089702,3.1535076047177597,0.00161321025229125,0.0168840666566418
4991,MACROH2A1_13657,2523.84046008397,-0.69828958235927,0.15274838186958098,-4.57150232174297,4.84239923562283e-06,0.00016939260722348502
4994,TXNL4A_13661,199.02932137158,-1.02444661575763,0.354336107482104,-2.89117195263362,0.0038380805708622795,0.0320737988722799
4997,ZWILCH_13665,737.721307545081,-0.9084814374885029,0.259087426171154,-3.5064667201887203,0.000454098217470422,0.00654082870846963
5010,DNAJB4_13682,183.109714102945,1.1271123568852501,0.40223484483715705,2.8021251051523297,0.0050767182448483205,0.0390780838562524
5017,LYRM9_13690,33.299773331912796,2.08018087020821,0.596707339519504,3.4860990177919797,0.0004901195525236309,0.00692140538917485
5021,DOHH_13696,14.3271891865486,-6.2807378971637,1.2908105270553898,-4.86573185259914,1.14034040423263e-06,5.02487336328937e-05
5025,APH1B_13700,116.380390863701,0.8273782522144609,0.223308928677755,3.7050836127041,0.000211321012360621,0.0035663512333109796
5035,SLC7A5_13711,2139.70238141293,-0.551992166141567,0.105525476904056,-5.23089004035908,1.68695837031956e-07,9.99696152055127e-06
5036,GPR153_13715,71.0052211964131,0.914450580391142,0.284082766148635,3.2189583084835602,0.00128657189739541,0.0143323005016288
5053,RNASET2_13733,540.967331966041,1.27595474297251,0.235312039620841,5.422394642571031,5.88058753556049e-08,4.20891380955731e-06
5061,CHRNA5_13742,146.77312860864902,-1.3380118730696102,0.264047647052986,-5.06731223702635,4.0347216332774205e-07,2.08616005405077e-05
5088,ZKSCAN1_13775,170.059820249239,0.7124393436812121,0.21678313071959399,3.2864150513756605,0.00101471374616256,0.0119826706075503
5109,CEP83_13799,337.135656272439,-0.6903293152697989,0.21186934805823396,-3.25827837578495,0.00112090391495383,0.0128168202716043
5122,PHYKPL_13815,94.6641637979812,1.35487971099323,0.436425987905745,3.10448907384004,0.00190607967652729,0.0192356936562762
5131,CREM_13826,204.260699163794,-0.6813432975532759,0.247366808444028,-2.75438447801069,0.00588026447879878,0.0433110513086552
5152,NFYA_13852,378.06575039555497,-0.428049592376596,0.11090363999401501,-3.85965323049536,0.00011354803942851699,0.0021609402984762603
5166,SLC25A37_13866,95.2817419551268,0.926473637221793,0.29049763398679807,3.1892639692339104,0.00142635565846477,0.0153112024280859
5188,ZNF699_13894,8.03070182779163,-5.44657526528772,1.8261271750678,-2.98258266984362,0.0028582744393699303,0.0258319538120773
5208,GINS4_13918,202.588059952364,-1.38499065563019,0.230700309228373,-6.00341915562485,1.93204987746455e-09,2.25893182970585e-07
5214,HDAC11_13925,58.586704122205106,1.16801823482507,0.269074582454532,4.34087168015002,1.4191858841165302e-05,0.000403710757098396
5232,RPRD1A_13947,577.3317952370439,-0.536677236044994,0.13485721475146,-3.97959602705783,6.90324722075603e-05,0.00148574365557167
5237,GOLPH3L_13953,328.578058847351,0.872009413923011,0.24966494866281,3.4927186158627404,0.00047813004325892694,0.0068039163392701295
5251,ACOT8_13969,300.273339554857,0.363170726180346,0.11824325773993699,3.07138633628566,0.00213067268878798,0.0208852076861031
5258,NEIL1_13979,60.7906528686379,1.0286562644500798,0.30266505046894704,3.39866219392126,0.000677162980470441,0.00881024467584477
5273,EHD1_13997,191.083868585885,-1.0126775147833,0.34221922268199195,-2.95914854474536,0.00308490360640408,0.0273475918186635
5306,SEZ6L2_14038,40.2714059628621,1.14591858974741,0.32403985470380203,3.53635077016953,0.000405695633429162,0.005996717460869779
5311,ESCO2_14044,35.7932598996739,-1.62505607106217,0.45719442339123206,-3.55440921393648,0.000378829275859206,0.0056903314144685
5314,PCDH7_14048,11.8250913605581,-6.003651330693789,1.4751005673476,-4.0699945912766005,4.70142292209612e-05,0.00110534541092325
5319,KRT80_14053,694.082552591505,-0.372859007569346,0.100139436806324,-3.7233982880339105,0.00019655906862253502,0.0033565047270832397
5349,SCD5_14088,63.1589233056843,-1.5693301014530598,0.545112175635329,-2.8789122158645695,0.0039904939356302,0.0329234776202217
5358,PPP1R15A_14098,962.590570769758,1.15733830920593,0.24546059727523897,4.714965750320371,2.41751410713279e-06,9.42177119590672e-05
5383,PAM_14128,171.92817401705202,0.487160442906522,0.157275608394146,3.0974952052682996,0.0019516355339568101,0.0196191525636649
5395,ZNF367_14143,343.348058444237,-1.23084264764059,0.14382306637771697,-8.55803369125837,1.1480881611922999e-17,7.0951848361684e-15
5406,ZWINT_14161,176.026560299413,-1.8681210788541698,0.37936107640815503,-4.92438785903342,8.462484119083959e-07,3.9364200321674394e-05
5428,CYP4V2_14194,483.601597984131,1.07801167356669,0.31378440840987,3.4355170131926203,0.00059142432689668,0.00797869533728183
5442,DDX23_14211,353.6885269234,-0.582268077758212,0.192456170793399,-3.02545808408125,0.00248256812434633,0.0232458651643339
5445,REEP4_14214,447.44635063169403,-0.662366009692635,0.216454247222503,-3.0600739795683505,0.0022128232479012603,0.0214153766676082
5449,EIF3H_14219,6472.0574998538,0.868766977250202,0.16710369118789903,5.198969400821429,2.0039650811680802e-07,1.1457030318678099e-05
5491,POLE3_14273,595.023968039329,-1.003893644299,0.32479080182512104,-3.09089308766672,0.00199555471877384,0.0199678559292574
5493,KIF20B_14275,1479.81172548215,-1.43778527353073,0.272658729495519,-5.27320462539734,1.34061943803358e-07,8.3107666567213e-06
5494,ZZZ3_14276,9.01369055353184,-5.61620727295187,1.44428839516154,-3.8885635942008,0.000100839249711853,0.00198286633751579
5522,ZNF143_14311,7.3813692232716,-5.31862021255267,1.84325047639215,-2.88545712081571,0.00390845699726932,0.0324321962343742
5539,SPTLC3_14328,174.163556798326,0.853107779923708,0.260656937446334,3.2729141540663997,0.00106444801542824,0.0123674183923256
5543,SEMA4D_14336,33.162018258624805,1.3236377108735802,0.45519785603651597,2.90782940499482,0.00363946817387846,0.0309724707938325
5555,ABCB10_14348,57.8008288068632,-0.8718444039301341,0.320084024351311,-2.72379855788502,0.0064535855948672895,0.0465045162966061
5563,VPS11_14358,178.56477454854698,0.782519715357073,0.19998652037983303,3.9128622962729596,9.120855074275859e-05,0.00180994582804208
5567,TRPM7_14363,263.38162937621496,0.9233841199749281,0.31955335603240503,2.8896085819273596,0.00385721771041365,0.032139950853713
5568,SWT1_14364,86.17777574102341,1.2178902211908602,0.39522174041444896,3.08153650635141,0.00205935222581257,0.0203871643751431
5591,IQGAP3_14391,567.842930285292,-0.791484489471626,0.171295584969328,-4.620577288161559,3.82673752117417e-06,0.000137953887638329
5594,ATG4C_14397,191.590356818818,-0.799548418251968,0.20523644137393102,-3.8957429435995095,9.78981765252446e-05,0.0019308853114659897
5596,RMND1_14400,279.119172902798,0.776248447878903,0.229287558843922,3.38548001379919,0.000710538835433714,0.00914371228057334
5600,PCMTD2_14404,706.5558809034441,1.8551485721687702,0.288081049791906,6.43967582563599,1.1972894526558002e-10,1.9668889261477198e-08
5601,CREB5_14405,22.8367618571844,-2.17073495488,0.654414877877429,-3.3170623533509795,0.000909693118910934,0.0109339446511803
5628,CUL4B_14437,240.459920289239,1.1126354149606799,0.24602642938163102,4.52242231762337,6.1135926784908e-06,0.00020344155328577901
5631,PROSER1_14441,40.2643125982371,-1.11567756377819,0.393779723204204,-2.8332529534529303,0.00460769084618954,0.0363559030707862
5634,ZMYM3_14444,287.919717247634,1.18495024489841,0.35474289410347404,3.34030720444193,0.000836857630183804,0.0102945386962326
5644,CASZ1_14457,28.3878150846163,-1.4221442272593998,0.466154113600766,-3.0508026975760605,0.00228230496988417,0.0219210449066877
5645,CCDC117_14458,174.74023989763,-1.1151249833327501,0.28115543117076397,-3.96622245100953,7.30207161077342e-05,0.00154342484307195
5667,ZNF211_14491,383.274498234322,0.8251063272268209,0.21969650083049,3.75566440115241,0.00017288223030191202,0.00304019726945557
5668,PAGR1_14493,1029.07899434596,-1.1643701392213401,0.20808224667133604,-5.59572072028063,2.19707132584838e-08,1.8515319264195e-06
5674,PINK1_14500,529.314063785872,0.8072409724638709,0.22891959154826605,3.52630793635534,0.000421396689174668,0.006177050319715999
5700,TRANK1_14538,67.2154918264891,0.815634466643617,0.28826751734284,2.82943591481232,0.0046630137740080605,0.036610158958909
5703,H1-4_14544,8842.015214012901,-1.2154777377183101,0.15407577047728,-7.888831150758691,3.05029889550715e-15,1.31955930219639e-12
5739,PRC1_14588,567.875807911605,-0.917512573906279,0.14398585029929098,-6.3722412445328604,1.8628554895544998e-10,2.8781117313617002e-08
5746,EFNA1_14597,78.8528943995851,1.92603121326732,0.312661964080884,6.160107190937589,7.26957208058991e-10,9.43445064618958e-08
5747,EIF2D_14598,214.052957236328,0.5445726155382861,0.151693452500263,3.58995465237593,0.00033073549411884103,0.00511595380533291
5764,SLC37A3_14617,196.147578619238,0.53775256777398,0.182833283707865,2.9412181243389703,0.0032692423382406103,0.0286677209903288
5774,WDR59_14628,95.3376018050852,0.8486697219816021,0.178075729211934,4.765779849603041,1.88124582875276e-06,7.58223862284265e-05
5776,CCDC169_14630,60.1497801761035,1.76682570730366,0.472115246406195,3.74236104585264,0.000182299340558905,0.00317142203991081
5778,CAPN3_14633,4.20903036891178,6.9369801895639505,1.8863734834931898,3.67741608449565,0.000235608548564343,0.00387544707638535
5798,ACBD4_14661,127.79833359297501,1.12109672656308,0.38232358210244,2.9323242903250804,0.0033643523959053898,0.0292376522070867
5808,TARS3_14674,99.5547672812647,1.00117736379651,0.332622036494649,3.0099550058302302,0.00261286393232046,0.024152242246192997
5813,TAF5_14684,65.4137241301425,-1.2997558633184199,0.41112629819793106,-3.16145152722064,0.00156984944056234,0.0165773035310155
5827,TMEM74_14703,12.7100016169146,-6.10550721003487,1.4824636136426899,-4.1184870602203105,3.81367979952109e-05,0.0009427416464416119
5831,ERICH1_14709,4.32302249924513,6.9753845514977195,1.8841456003512702,3.7021473023089397,0.00021378243278559098,0.00359387100089559
5835,KIF23_14714,994.142540411519,-1.71076952493466,0.112355697393273,-15.226370932900199,2.36351758310666e-52,1.0224577064519399e-48
5837,MARF1_14716,314.444996368955,1.28895357181507,0.23109690028276603,5.57754591358832,2.43935412358717e-08,2.0036669503743197e-06
5861,ZNF397_14743,146.507858927501,1.47085953840064,0.372209279290553,3.95170034772953,7.75978683827825e-05,0.00160616449102353
5866,CACNB3_14748,101.292054180335,1.43723404949797,0.38498598290715796,3.7332113721256297,0.000189053810637251,0.00325403230033188
5885,RANGAP1_14775,328.325740234527,-0.876886399466153,0.278864181791282,-3.14449275569734,0.00166375030571572,0.0172971717972395
5927,XYLT2_14825,8.71451155431422,-5.563413722072919,1.64007182056846,-3.3921768865857405,0.0006933966046678509,0.008963048939620879
5934,FAM83D_14832,179.231132994667,-1.51991251546944,0.297795922808861,-5.10387281710701,3.32771962061738e-07,1.77724877515936e-05
5935,DLG3_14834,15.5024934056519,-6.37582960461462,1.24476529680161,-5.1221138804215895,3.02129320917797e-07,1.62698519787186e-05
5940,TMEM198_14841,33.3983799396188,1.3792094882031,0.275282136905975,5.01016703700679,5.438281245558021e-07,2.6819899948510602e-05
5956,GOLGA2_14861,312.110692778697,0.647111902300659,0.17163432971379,3.77029410945791,0.000163055275302598,0.00289942643666525
5957,GTF3C4_14862,149.213470512031,-0.678864243681224,0.18050328618576697,-3.76095226866153,0.000169267730441958,0.00298314486966853
5973,BDH2_14883,504.325423530803,1.05749362189126,0.232259425189677,4.553070864735179,5.28684543113633e-06,0.00018151502646901398
6001,NUDCD1_14916,265.692331023593,-0.941787565630264,0.24327554859273198,-3.87127917736982,0.000108265709077689,0.00209088150656286
6008,TM4SF19_14924,84.06084456285559,1.9865351734368402,0.217363934036888,9.139212456008071,6.29087717392507e-20,8.620256619472621e-17
6019,TNC_14940,112.165654846973,-1.6258465449768502,0.561730890481707,-2.89435132111502,0.00379942794655285,0.0318327797871936
6020,ID1_14943,298.978439792001,-0.836375482194945,0.20321820515673802,-4.1156523430066905,3.8608588605877506e-05,0.000952589853473533
6071,RPS6KC1_15000,331.63456038957804,0.981098395784704,0.2944645771063811,3.33180447517891,0.000862848553075067,0.0105343824287942
6075,C7orf31_15006,69.5260559973373,0.899192367214555,0.274327309842816,3.27780842428621,0.0010461637107077699,0.0122758703775456
6086,HSF2_15018,39.4079613499032,-1.15241991568601,0.351714653812221,-3.2765763473172904,0.00105073900450002,0.0122851268472084
6093,CENPQ_15026,554.90190502955,-1.02350584966586,0.149635333088767,-6.840001145041669,7.91925475203959e-12,1.7419675961350799e-09
6098,ITGB4_15031,362.260306542296,0.6502156157835971,0.21442463960459698,3.03237359746812,0.00242638694382328,0.0228834447554976
6099,ARNTL_15032,8.20086019134064,-5.46700212083529,1.68058953475156,-3.2530263980511203,0.00114182889040971,0.0130216655006478
6101,DSTYK_15034,42.189233603907205,1.6125524777338,0.400812217729432,4.02321188428032,5.7409803907319605e-05,0.00128459385363654
6109,HYLS1_15043,36.1803326183595,-1.78027393321694,0.652185921360314,-2.72970310291839,0.00633913873288214,0.0458836265897069
6111,MRI1_15045,206.19182845920602,0.882883803752965,0.226357079843881,3.9004028694922597,9.60327492618272e-05,0.00189986740841462
6127,LRP5L_15065,9.67996981848708,-5.70557891020254,1.68537732274293,-3.3853421623810602,0.0007108957998997151,0.00914371228057334
6131,CKAP2L_15071,406.896805306177,-0.9905121508563579,0.24739746224917397,-4.0037280166549705,6.235204643432729e-05,0.00137619873915765
6157,FGGY_15109,36.3335702051555,0.784961857638693,0.286893130285394,2.7360775660882206,0.00621763682481731,0.0452819813201341
6162,VGLL3_15115,45.254534609164494,0.881892007861199,0.234451875096808,3.7615054581971603,0.000168893735042677,0.00298314486966853
6164,PDGFC_15118,7.71017667353727,-5.37537320812749,1.89351533640471,-2.8388326752789403,0.00452788932526068,0.0359626362688085
6171,ZNF717_15128,20.6197856287016,1.19762922046531,0.389941884654866,3.0713018211042296,0.0021312759304508303,0.0208852076861031
6172,TSPAN10_15129,28.918904290023498,1.74224730589978,0.5444930969248379,3.19976013605968,0.0013754200284502099,0.0149374068027003
6179,LRRC8B_15136,16.5669379648616,-2.0148858481988303,0.670929745583109,-3.00312493441126,0.00267222706589431,0.0246133164380244
6208,FBXL18_15181,92.0149265825141,-1.11800482935818,0.36109384018738105,-3.09616145425804,0.00196043584434404,0.0196619292023933
6274,CASC4_15263,574.217377625724,0.5029473320329401,0.164349643426755,3.0602277044616,0.00221168770408999,0.0214153766676082
6297,MPZL2_15292,7.707048060661791,-5.379187012881711,1.66314916041983,-3.23433829081442,0.00121924944004413,0.0137296097934088
6304,RCCD1_15299,428.157104103674,-0.640094201251307,0.13435393860376701,-4.76423845778763,1.89568220314618e-06,7.61676892644927e-05
6309,CAV2_15304,349.496676584152,1.02459379823474,0.28080047277373305,3.6488321693829397,0.00026343512651652004,0.0042629190423084705
6329,ZNF783_15328,88.4806889386528,0.7560737797766679,0.27978783718652395,2.70231110608507,0.00688592984805639,0.0487271524362463
6334,OLFML2A_15337,681.149967723351,0.91231081653175,0.19385116140533498,4.706243748646661,2.5232280271982e-06,9.77506069760543e-05
6363,MOCOS_15371,126.05959563341601,-1.73986393633113,0.389263175974651,-4.46963402580991,7.835354898406309e-06,0.000250461172097333
6394,ALG14_15409,12.5699037152149,-6.08355210393391,1.3375494428960901,-4.548282036409571,5.40856207252769e-06,0.00018520400680017
6400,WDR1_15416,6995.907597484859,0.758170792282529,0.27689705771753303,2.73809623884104,0.00617959892922796,0.0450555252266969
6430,SNTA1_15453,58.636019999598,0.904155763312975,0.320365318525534,2.82226480529886,0.00476857848632074,0.0371914733145857
6439,PTX3_15463,476.794462847524,-0.80043532998071,0.26858144720488397,-2.98023314086214,0.0028802907609095,0.0259766598298009
6448,FAM118B_15472,160.30645539072202,-0.806403831046336,0.18728519798461601,-4.3057531493363195,1.66418554156767e-05,0.000465469826691061
6461,NEDD4L_15485,440.52139718532203,1.13008392538727,0.22401532391732398,5.04467241626891,4.54299018286226e-07,2.31211476836025e-05
6464,PARPBP_15489,112.76323138071001,-0.9270787293818471,0.297269793390081,-3.1186442416815696,0.0018168518765741398,0.0185079306547718
6473,SPSB3_15501,213.15965293443,0.9983779469936779,0.36359541839181,2.74584853519201,0.00603546209787228,0.0442282479425107
6479,CNTNAP1_15509,65.41529842408,0.738241072819315,0.251486000159812,2.9355155847648997,0.00332993883600833,0.0290478866836379
6519,EMC9_15560,49.125406214462394,-1.15169397277221,0.37914228060324795,-3.03763001831335,0.00238446515380194,0.0226375923672579
6537,LINC02693_15581,16.1643229833619,-6.433700592150441,1.25128688799799,-5.14166707400259,2.72311343743884e-07,1.4911631304253699e-05
6545,PRXL2C_15590,149.950259066749,1.07967926188809,0.301332963914292,3.5830107926565296,0.00033965656840702097,0.00521812233634451
6565,AKT3_15615,107.096234634653,-0.6739818641290369,0.24820910283901398,-2.7153793169550897,0.00661998991597473,0.0474402148699724
6573,IDUA_15623,75.32930615874079,1.28028338829347,0.31547504137628496,4.0582715599564905,4.943726048947321e-05,0.00115187929377448
6580,HMGN5_15632,38.435610582915295,-1.48452925186663,0.46292488108290003,-3.2068469691971,0.00134198363082354,0.0147006404572874
6581,BHLHE41_15633,45.5746574834535,1.9115449271866398,0.298151116029402,6.4113291026492,1.44256407054897e-10,2.3113082108128996e-08
6606,C10orf88_15664,286.497387625748,0.666596009670287,0.21023460998896598,3.17072440976904,0.00152059330051341,0.0162021837882291
6607,AUNIP_15665,43.03680647787971,-2.9201717389365798,0.506236148229348,-5.76839830413218,8.00284820659335e-09,7.92831786451668e-07
6608,RMI1_15666,159.145378550149,-0.916837046124874,0.305394633297999,-3.002138695837,0.00268090001037839,0.0246565450745077
6611,MINDY3_15669,513.506907963162,0.714002466599183,0.254845619552879,2.80170586354157,0.00508331970524794,0.0391057042885049
6614,GRAMD1C_15673,46.4146072197439,0.9475624656587199,0.23278504992942803,4.07054690988956,4.6902894940674796e-05,0.00110472916613444
6629,TRIM41_15692,61.70974701234329,-0.8720868444305,0.31318690528404397,-2.78455717565702,0.00536008700626489,0.0406802392791262
6653,ZNF322_15719,76.3462521767977,0.666816727119304,0.23347334016763102,2.8560722463667,0.0042891752322036705,0.0346605953695761
6661,TACC3_15729,1049.27608762001,-1.66939683211705,0.262647308879605,-6.356040117975451,2.07020981080042e-10,3.16084504994915e-08
6667,GRAMD1A_15736,127.22822969997,1.14500885316097,0.255718007819823,4.47762307755711,7.547871351110809e-06,0.000244274279607977
6724,LHPP_15802,8.33286290340047,-5.49191608326868,1.87297234321755,-2.93219283410997,0.0033657768837561603,0.0292376522070867
6726,PERP_15804,559.747935733525,0.7264114764315441,0.17268911209343202,4.20646946194574,2.59391115631382e-05,0.0006884208381726129
6733,THRAP3_15811,1290.8718085472,-2.05229683368495,0.11749995562639,-17.466362627493698,2.5845590149761197e-68,3.3542406896359995e-64
6734,ATP9A_15812,49.2621874682523,1.26603629120578,0.268435281793333,4.71635577390491,2.4010643055103697e-06,9.38584715569687e-05
6776,MED14_15862,1368.48536692825,-0.45590249772860897,0.137552346292943,-3.31439273858464,0.00091842408908103,0.0110261867049895
6778,MMP14_15865,8058.856458449979,0.942014758354416,0.30581120597077305,3.08038011675886,0.0020673656252641398,0.0204230050958968
6784,KLHL42_15873,78.4944153896946,-0.613632288138729,0.21670472593542103,-2.83165161945566,0.0046308272830789705,0.0364677648542469
6807,TTF2_15901,103.995046787913,-0.5927643465224179,0.19416414844469898,-3.0529031815121503,0.00226639047954425,0.0218360917917782
6813,IWS1_15910,320.254427956122,-0.47677682019712203,0.14596266966652696,-3.26642984323587,0.00108912791069002,0.0125950433646537
6845,RABIF_15951,154.691555352724,-0.8145642888554271,0.25138263425991303,-3.2403363551884,0.0011938877827279099,0.0134967557876679
6847,POLD1_15953,91.04176042799931,-1.34754201207288,0.21930912901985197,-6.1444866344387306,8.022254448671249e-10,1.0207139042632901e-07
6872,TEX2_15987,128.36719253120302,-1.22526536997321,0.264365416983117,-4.634741502711231,3.57383786405521e-06,0.000129919517646242
6878,OFD1_15996,343.42408654604696,1.25882456494047,0.362636538781158,3.4713119896066,0.000517921870455344,0.00716587423749409
6881,CLDN2_15999,17.3304468653485,-6.53849653024638,1.22737308837131,-5.327228201591749,9.972284301108811e-08,6.50353294772815e-06
6886,RHOBTB3_16004,678.253794007962,0.7539740439658779,0.19739277324922,3.81966386891957,0.000133633655951945,0.0024461178941387
6898,ARID4A_16021,150.974864151208,1.67045387226044,0.347822466174975,4.80260487665022,1.5661474188693002e-06,6.64230758238099e-05
6926,TFB1M_16057,28.2551774610852,1.0028690311105102,0.33253863192351696,3.0157970678762203,0.00256304733386497,0.0237934394126606
6942,MYH10_16077,404.07162938664703,-0.986937017298124,0.321975083879025,-3.0652589803158303,0.00217481586926692,0.021173863729442
6949,FANCD2_16084,50.0976145505744,-0.720116142536894,0.22902053849338502,-3.14432996828228,0.00166467618853075,0.0172971717972395
6957,FAM71F2_16093,54.075679940366605,1.7623621019481701,0.553633468967375,3.18326510359875,0.0014562421679872,0.015597368564719
6996,NUP210_16139,220.758648309198,-1.13950576954843,0.158827014567703,-7.17450852205433,7.25674022492011e-13,2.0037866944470898e-10
6999,STN1_16142,647.376826621547,0.700749617953395,0.18405420666269298,3.80730020062853,0.000140492162819264,0.0025500801245712103
7019,NSD2_16167,396.396723521052,-0.71831220412953,0.19227284077854398,-3.73590051107045,0.000187044614250723,0.00322568233809677
7022,NUDT8_16170,12.469320754698998,-6.057048361988679,1.21866638488723,-4.97022682918195,6.68746196526517e-07,3.20257864890079e-05
7027,ABRAXAS1_16175,591.3430798352709,1.03448374450782,0.308228335551669,3.3562253212583304,0.000790141657845886,0.00988858094071737
7036,POGLUT3_16184,161.63321145650298,-1.28078648582898,0.452299574812948,-2.83172162246373,0.00462981366893642,0.0364677648542469
7045,C1orf52_16196,236.802954849817,-0.6899632045432851,0.218757145828762,-3.15401447540997,0.00161041097766849,0.0168766765686316
7090,NASP_16246,395.00240954862,-1.01527792934555,0.325053896156641,-3.12341412101178,0.0017876602576758398,0.0183982988295932
7092,H4C15_16248,6273.3660180337,-0.9464954877521071,0.18273817506986603,-5.17951701876325,2.2246111770900898e-07,1.25526103722936e-05
7132,CTPS1_16302,555.994297274088,-1.34007605640241,0.216705175826434,-6.18386732708092,6.254994327327029e-10,8.199728927277799e-08
7149,SFXN3_16324,275.999930225043,0.686426039175309,0.15782571133779502,4.34926624665197,1.36593794440966e-05,0.000393936503167745
7182,POLI_16362,61.7147624936485,1.09307654030557,0.24422142661968,4.475760196126401,7.61399076431389e-06,0.000244274279607977
7193,DDIAS_16376,51.7313509172861,-1.5302817714038401,0.434399924808314,-3.5227487023141197,0.000427096114691975,0.00621396118438615
7201,CUEDC2_16387,328.013416082767,0.44593924416508895,0.147385913432546,3.0256571593538397,0.00248093435111242,0.0232458651643339
7202,MLPH_16389,2618.4169488310104,1.2077873067425,0.281755072950042,4.28665682607481,1.8138216674363603e-05,0.000502986700854468
7210,NECTIN1_16399,9.74793580894745,-5.72423037746639,1.45564481225325,-3.9324362160887496,8.40892959603402e-05,0.0016945821164181599
7217,ARSJ_16411,12.4448157481745,-6.072274748806571,1.69033312138021,-3.5923538810198394,0.000327704412325385,0.00508725820952015
7219,USB1_16414,166.41528134914302,-0.646454782507006,0.227425056005388,-2.84249587033933,0.00447618110037773,0.0357940925146414
7226,YPEL3_16422,107.401654381497,1.44556456158971,0.4206038388166621,3.43687914417686,0.000588458112524951,0.00795521810869669
7227,MTF1_16424,7.23258855266945,-5.29410902432475,1.82859137554928,-2.89518429054959,0.0037893599122522797,0.0317894718430576
7241,DEGS1_16442,960.893408436937,-0.517847782994589,0.180640166416603,-2.86673663597219,0.00414727979694165,0.0338662064993117
7283,BRIP1_16491,10.6386999377338,-5.85159828863886,1.8656756904927,-3.1364498762877404,0.0017100666508279199,0.0176838605533424
7295,BOLA3_16505,632.200980559795,-1.03077451396151,0.251370893418276,-4.10061204757832,4.12058860493039e-05,0.00100520674651854
7306,ARHGAP26_16517,97.97013840615091,-0.691159352390793,0.24383122855633396,-2.8345809373269395,0.00458858329276339,0.0362892345968819
7326,SLC39A4_16539,9.83074635604661,-5.733803895249599,1.6543219508761697,-3.46595406789643,0.000528353533834521,0.00727916365403865
7348,PLEKHA2_16562,88.8509663916374,-0.848269957598874,0.29284960344127003,-2.89660613376584,0.003772230207472,0.0317212768250769
7357,WDR19_16575,98.4005084283242,1.4638544469136598,0.41022930383097606,3.5683809841064,0.000359193949552781,0.005477813251816679
7359,BCL7C_16578,710.531608645467,-0.8388123395131999,0.232059691968073,-3.6146404073853797,0.000300764783079956,0.004731303460377779
7375,ADAMTS16_16598,18.715064571792702,-2.1960279581853603,0.636781267290737,-3.4486378148789196,0.000563421872548542,0.00766466358693394
7387,DNA2_16614,53.0202050304988,-2.11260991717571,0.501487577488391,-4.2126864393258305,2.5235126803011398e-05,0.000672487629670395
7396,TEAD2_16623,12.432687789301902,-6.07133217726092,1.3403619138698102,-4.5296215256759504,5.9089439289731904e-06,0.000199185128078478
7398,ARSG_16625,52.402589490475705,1.62654833920645,0.44496065142067703,3.65548803925287,0.000256693176927435,0.0041746416668725
7414,SMTN_16646,14.6490382999682,-6.295614708688411,1.26801669584775,-4.96493045344279,6.872569320813851e-07,3.27912517079126e-05
7422,TMPPE_16657,5.93001205206576,-5.00703465586142,1.80646808320607,-2.77172605616983,0.0055759940629645606,0.0418538177843575
7435,PLD3_16672,374.520090254525,1.33027816127325,0.286395984802089,4.644891101362781,3.4025588617850496e-06,0.00012509464279956498
7439,SMG6_16677,7.165112854630611,-5.26864113711688,1.8831799620474101,-2.7977364050692004,0.0051462091840738895,0.0395192324206574
7455,KCTD18_16699,41.3962681264637,1.16643213232474,0.423292862621591,2.75561493076127,0.00585819192674639,0.0432220664157559
7471,FERMT1_16721,116.208151439756,0.836597209705241,0.26996743405573,3.0988819545269304,0.0019425240032470102,0.0195426949722013
7474,NCAPD3_16724,197.44646524559502,-1.48189470587708,0.23735709985886302,-6.24331316298625,4.28397963903947e-10,5.8523671321530795e-08
7495,ME1_16747,313.371106514744,0.989793873316001,0.250155463712742,3.9567149908530497,7.598750094946541e-05,0.00158802864303086
7520,DOCK6_16776,186.851979578024,1.26271785864213,0.17307337877439902,7.2958525891384,2.96773694727265e-13,9.17030716707248e-11
7531,ETV5_16789,433.984985105317,-0.5762223344981241,0.17551044657260298,-3.2831227186226704,0.00102663963286789,0.0120576734437642
7539,RITA1_16798,378.84724267533,0.587258750781369,0.16831943435232002,3.4889539228853397,0.000484914728580579,0.0068553631236587705
7547,IFFO2_16810,100.097543346462,-0.7549496826805359,0.278623700961518,-2.7095673486327203,0.0067371025761502395,0.0479950099602832
7548,ZCCHC14_16811,165.06401078539102,0.934464716265741,0.212576127815401,4.3959061907328705,1.1031157048806698e-05,0.000329867180136898
7556,GMPS_16827,9.29636161770024,-5.65305743537638,1.8675830320837,-3.0269376719862207,0.00247044891820789,0.0231825640350702
7557,WDR76_16828,355.19676946388097,-1.19821953751886,0.18468737710711103,-6.48782584000823,8.70838591641834e-11,1.46775886263996e-08
7578,ATP7A_16851,90.3934503605825,1.49988252693304,0.23735483452863498,6.3191572647410705,2.6299353394579503e-10,3.9231380270672705e-08
7590,PPP1R10_16865,932.086463729395,-0.450164193190358,0.11264268277509698,-3.9963909070699,6.43154995153623e-05,0.00140143147760606
7596,VRK1_16871,985.466406580711,-0.6844598170551122,0.157283776709838,-4.35175090128861,1.35054652815083e-05,0.000391236447373692
7603,CCDC96_16879,10.298181524249001,-5.795055387486269,1.4973947845821798,-3.87009187366928,0.000108794345945733,0.00209485611525775
7618,PAK1IP1_16895,99.76443439446051,-1.3098421009388201,0.314975414055037,-4.158553469541411,3.2026927036912e-05,0.000810225066442581
7619,CCDC6_16896,785.9233677471781,0.513349412432646,0.0929032735206371,5.5256331986903895,3.28299390943481e-08,2.56666837088222e-06
7629,TMEM63B_16910,222.043420455797,0.6671133719566259,0.19993552355425,3.3366425340398105,0.0008479693542963669,0.0104114912772547
7638,BMF_16921,31.560275093763,1.7088262924885902,0.629195234007911,2.7158919841199904,0.00660974791449859,0.0473929880852833
7668,NUDT15_16958,932.3373039912179,-0.775101250137017,0.137575544719655,-5.63400458792647,1.76072333241689e-08,1.53360183947023e-06
7679,ABCA2_16971,110.27926823584801,0.7955361990216729,0.21981069878431198,3.61918779850788,0.000295529116271897,0.004671591803869279
7700,SRSF4_16993,721.7124428497909,-0.985723770862476,0.17772559836546398,-5.546324108221571,2.9173782045066805e-08,2.3228057876127398e-06
7706,USP8_16999,158.525569631883,0.9990776281151821,0.339381387288813,2.94381974243322,0.00324188757028242,0.0284855903094958
7713,EXO1_17006,303.536913674181,-2.16914532044844,0.299190222939883,-7.250054159972639,4.1660501010283097e-13,1.22879541388967e-10
7728,SIK1_17023,270.033015954362,1.1199430590061499,0.20762054548495001,5.3941822394804,6.88363271166833e-08,4.75190347510806e-06
7729,TMEM120A_17024,434.133550831938,0.754464515292622,0.194392712214143,3.8811358033911496,0.000103969760589536,0.00202296784547376
7759,FNIP1_17062,495.054528535747,0.918218387469376,0.191833073190933,4.78654891044501,1.69673604002907e-06,7.01281539092269e-05
7762,IQGAP2_17066,11.6827068317768,-5.98083397483618,1.5111174714717999,-3.95788817729105,7.561534029397841e-05,0.00158279981666976
7763,ZNF234_17067,46.43141486586371,1.2071033681846899,0.43180929687373204,2.7954547920205295,0.0051826749756944705,0.0397052867972626
7809,GNPTG_17123,97.94099147568942,0.8071962051827191,0.273328999975985,2.95320366757146,0.00314494394262233,0.0277696949274406
7810,AP3D1_17124,1725.5981091810002,0.7802919094375351,0.19581928293199397,3.9847552179451298,6.75497216875582e-05,0.00145624632568294
7830,TOMM5_17155,545.15188385767,-0.92551206491898,0.28960527597153496,-3.19577073247087,0.0013945787855556401,0.0150447576716052
7850,MICAL3_17179,50.9773704711845,-1.2639830614553,0.3387436754267669,-3.7313849767464196,0.00019042995435245,0.00327337741402132
7853,MNS1_17182,21.226144213427602,-2.51007280548381,0.61388417559561,-4.0888377731002095,4.33539908729809e-05,0.00103735644674445
7857,OTULINL_17189,117.255498520743,-0.8409930010789691,0.24869033712308197,-3.38168748656585,0.000720420523005418,0.00922647053789922
7874,SNRPD3_17215,1167.41665368932,-0.415176904514141,0.14578394723471802,-2.84789177676531,0.00440098877392775,0.0353878762751142
7887,ERRFI1_17232,6828.64412435936,0.890161963881553,0.282244266766943,3.1538708441386496,0.00161120375007971,0.0168766765686316
7892,KANSL1_17237,387.227119713943,0.6006065951120351,0.168750079489347,3.55914851672678,0.000372059100996318,0.005621167651606761
7897,H2AC14_17243,3572.2688414566496,-1.43787030493005,0.208374546869457,-6.9004123897667995,5.185179183869441e-12,1.16022854221134e-09
7925,ZXDB_17274,94.4402438387099,0.8684758918055941,0.257987443503761,3.3663494626354997,0.000761701440459462,0.00963485506265389
7946,RAB3D_17303,54.72202443222421,1.2008035607200902,0.276187259963529,4.34778766000524,1.3751764401610098e-05,0.000395721504221942
7959,ZNF865_17319,32.6339847342784,1.50879663769497,0.479473091408734,3.14678063217686,0.0016507876206942802,0.0172218020429023
7966,APLF_17330,201.48455675614497,1.5078960608524201,0.287658426677365,5.241967281367581,1.58873546336642e-07,9.50166306155273e-06
7974,ACAD10_17339,87.00660040279942,0.551078625160494,0.17770847770667703,3.10102608649935,0.00192851300084913,0.0194167895461753
7978,TACC1_17343,73.5050894526335,-1.34414143321752,0.303124079636018,-4.43429448043695,9.23742915333296e-06,0.000284083780928804
7980,TFPI_17345,828.015806149121,1.01226400343882,0.34902217422729104,2.9002856499874197,0.0037282273273405797,0.0314782099713196
8002,UFD1_17373,1005.5066115758999,-0.536383503892927,0.124141963565715,-4.3207267589979,1.55516150168577e-05,0.000437806637068935
8005,SPAG5_17378,1062.77342182732,-0.968108385263654,0.140205177908229,-6.90494031466748,5.02245397308945e-12,1.14353346776763e-09
8016,STK3_17392,338.425124962799,-0.47911947293698104,0.141178898179338,-3.3937045770704297,0.000689540341391186,0.00892208828571766
8030,VMA21_17406,7.176965985533401,-5.278118970023611,1.63196281566812,-3.2342152157815898,0.00121977501092621,0.0137296097934088
8042,POLG_17422,510.12513573707,-0.585849036372479,0.179880824411162,-3.2568732008553396,0.00112646740995933,0.0128690968718769
8047,ZNF337_17427,151.824994982065,0.8496723973796191,0.27757537062980897,3.0610511136191203,0.00220561438463201,0.0213774932664333
8061,ARHGAP19_17445,91.25947145128241,-0.9347443534920491,0.271015896234564,-3.44903884413861,0.000562585766481716,0.00766459912613135
8065,RAB2B_17449,87.41214788327422,0.660311481190583,0.16833246133835997,3.92266278257115,8.75756853564272e-05,0.00175394636505511
8078,ZNF550_17465,79.0309943888327,1.02576192585065,0.314448471764326,3.2620986201499105,0.0011059066229627,0.0127238086461081
8087,TXNDC5_17478,2803.38795703889,-0.6033132390317,0.11562604315984801,-5.21779715489916,1.81063595697205e-07,1.05374141029521e-05
8102,RAB27B_17500,443.213466333147,1.50840772490145,0.174721158251164,8.633228740008098,5.96439947221282e-18,4.07399875528305e-15
8120,ISCU_17526,886.981233432818,0.612172316143126,0.170462384653944,3.5912457600889303,0.00032910111927291803,0.00509674740563715
8123,HPS1_17529,115.29779726162901,1.11506206180178,0.206797939530031,5.3920366147548,6.96635680466115e-08,4.7835650058673205e-06
8127,DEPDC4_17536,8.11215033756821,-5.4507257808625695,1.6573094802567898,-3.2889003808860298,0.00100579616203602,0.0119098746267368
8138,ZNF778_17549,153.46096000321998,1.28576041710673,0.444219407031947,2.8944264855458397,0.00379851844337614,0.0318327797871936
8155,EIF4A2_17571,2828.0512722919298,0.7619049444970619,0.259826156595609,2.93236429495774,0.0033639190060570302,0.0292376522070867
8160,HAUS7_17576,24.797971104325104,-2.5102547591999,0.675247945251523,-3.71753039287644,0.00020117979024907801,0.0034219021203834
8183,FAM72C_17605,243.7552997132,-1.7985176597611001,0.38541131409700297,-4.66648900532389,3.06390031914395e-06,0.00011592798350393701
8205,KIF18A_17633,72.57898440365909,-0.916834120827533,0.301918940377791,-3.0366896481562202,0.00239191588821163,0.0226879113453641
8214,TSPAN33_17645,18.4160334141529,-6.62288914398785,1.23372186493296,-5.36821899022412,7.95179664177934e-08,5.37491754255272e-06
8216,NRBP2_17647,65.9568948574009,0.6948377225649589,0.25731862886478196,2.70030089010808,0.00692767904041727,0.0489425250879343
8231,ARHGAP11B_17669,174.905858284962,-0.90332263814863,0.327691348489177,-2.75662644837407,0.00584010272141476,0.0431376511773026
8246,ANKRD28_17687,737.045836602913,0.58107892599716,0.16690446908068698,3.48150609266338,0.000498602438312901,0.00699660588214892
8249,CDKN3_17690,281.854065575299,-1.1361476210426,0.303308332489924,-3.74585034217725,0.000179783751746881,0.00313623287530886
8259,UHRF1_17708,145.226340332258,-1.8800043056016102,0.33581578633128195,-5.59832021639087,2.16438697189614e-08,1.83590941969072e-06
8261,SMCHD1_17711,536.5321557204161,-0.46046460555301794,0.10553252917662802,-4.3632480823268,1.28145485984638e-05,0.00037288612491225
8263,CALHM3_17713,35.2277580107573,0.793097025793341,0.284388168045576,2.7887834829550298,0.00529064223129464,0.0403182353950333
8270,SAFB_17720,891.3285380162041,-0.634572751551919,0.164802341190307,-3.8505081115270197,0.00011787302597804499,0.00221350415527132
8283,MAP3K20_17739,24.6466899022574,-2.5061993347039597,0.657057174605572,-3.8142789266526402,0.000136581138948981,0.00248604491063097
8293,CUL2_17752,14.5285904899249,-6.30721077676646,1.3553168630908101,-4.65367985046894,3.26062939389091e-06,0.000120904137925475
8326,PPM1H_17798,71.32764856852741,1.22753887604721,0.31037687997720803,3.9549945734919305,7.653638894006809e-05,0.00159436477634704
8356,SNIP1_17835,46.33940425682779,1.1837433689824701,0.33840493979317204,3.4980085388409305,0.0004687461247941,0.00669976564711215
8388,SNPH_17872,125.08566568661699,-0.884803587542646,0.21932769456074103,-4.0341626228036995,5.47973592576853e-05,0.00123895492760669
8389,ASAP1_17873,2276.86462329299,0.553951089813385,0.172628416284727,3.2089218086767297,0.00133233719735878,0.0146286566390205
8412,ERLIN2_17898,273.78861364216,0.6447703679469771,0.19759205147287398,3.2631391958369904,0.00110185386593395,0.0126996975773452
8421,TRPC4AP_17910,1371.15674333384,0.920766640977211,0.278064933967806,3.31133677245264,0.000928513910672167,0.0111370180524061
8437,MCMBP_17931,1357.40394081242,-0.7193555752502471,0.1777409930441,-4.04721253623109,5.18311757141584e-05,0.00119055751932451
8442,E2F8_17938,385.492577148296,-1.8922976339927,0.320014655142086,-5.913159299384331,3.3560731091324298e-09,3.5700915418295604e-07
8454,RRP36_17957,1529.5236374526598,-0.791087279056567,0.21832642088352497,-3.6234152323625697,0.000290738515771206,0.0046127193859153
8456,SIRT5_17960,255.909960412421,1.26703233840468,0.28532249620921996,4.440702556715309,8.966565993600661e-06,0.00027772814669439
8463,PDCD6IP_17968,2014.7332205378,0.774888048632226,0.252734911774575,3.06601111493208,0.00216935250349488,0.0211365291218893
8467,BCAS3_17973,72.7154144607318,0.8316664386884319,0.259714852068062,3.2022290295145694,0.00136368529433691,0.0148223682997525
8477,GLS_17985,63.6954056915356,1.22334564431219,0.31682164535174895,3.8613070232432403,0.00011278207274864399,0.00215247902960574
8489,PAQR6_18002,60.636478867825794,1.19849058702494,0.394264347539489,3.03981477022825,0.00236723689565593,0.0225069600233133
8490,SLC48A1_18003,6.62069885296761,-5.1601339009839,1.8401252167326798,-2.80422976331264,0.00504369484528217,0.0388930907320689
8505,DCAKD_18023,28.5022271102217,-1.6197169123294601,0.569824208287635,-2.8424852590886402,0.00447633010874272,0.0357940925146414
8508,NKAPD1_18026,767.9740869197051,0.607623745414566,0.188986196466658,3.2151752708657004,0.00130364898103055,0.0144234923067472
8515,C12orf66_18038,27.5166571540096,1.36820943566529,0.406890416124707,3.36259931776312,0.0007721234563813129,0.00970990137298128
8519,BAG1_18045,108.047461183188,1.0626540863171998,0.343933035008142,3.08971217694178,0.00200350546019725,0.0200319675365485
8521,TTYH3_18047,14.5826118295631,-2.0909605881736697,0.738350590426713,-2.8319346057070898,0.004626730996423621,0.0364677648542469
8529,TMEM135_18056,39.121193377200896,1.055977113603,0.32345476552400804,3.26468250326217,0.00109586839118155,0.0126531850362582
8536,CTDSP2_18064,139.932184805252,0.651824082358079,0.184861396159519,3.52601514377622,0.000421862845388647,0.006177050319715999
8540,TMEM138_18069,276.31931306580503,-0.872312951826494,0.182172096860924,-4.78840045680786,1.6811591785446998e-06,6.99297558306192e-05
8565,SDHAF4_18099,195.04215150663399,0.724331170514217,0.25412423962318104,2.85030334606515,0.00436775505831482,0.0351860491289942
8566,NUDCD2_18100,387.62509321323995,-0.751853580814886,0.27205581686026997,-2.76360046071371,0.00571674913532982,0.0425412673614165
8580,DHX40_18118,246.584255448201,0.5514298241639269,0.201302031890512,2.73931573857064,0.00615672152291128,0.0449392193050296
8584,C17orf67_18122,38.195120842333104,1.63307387794631,0.45063445097119303,3.62394369633027,0.000290144793138559,0.0046127193859153
8592,H2AC21_18134,421.97443182223503,-1.486191182311,0.2920775590579339,-5.08834429835883,3.6120316139158297e-07,1.9055669221707198e-05
8613,MAP3K8_18158,105.42490872125201,2.10417497480423,0.44048691821432,4.77692954727078,1.77992099836404e-06,7.31006794834447e-05
8624,CHMP7_18176,207.42717055494703,-0.494833399131639,0.174186724006429,-2.84082154914042,0.0044997484077352705,0.0358520812078567
8628,ZNF585B_18183,336.566138741322,0.708827148716857,0.247423483788925,2.8648337573387,0.0041722821621249,0.0340124861181263
8630,VIM_18185,8303.320067955,0.7850308937646371,0.20289238941537802,3.86919832738258,0.000109193794877342,0.00209943269617504
8640,AEN_18198,40.966489946411,-1.4145975316321,0.38072821162539505,-3.71550488888895,0.00020279834396310902,0.0034404142587623897
8650,DNAH2_18209,201.944682675998,1.64254696224792,0.294903280238511,5.569781932976349,2.55058358723163e-08,2.06884211219325e-06
8658,ROBO4_18219,130.446682681931,0.8155821332894879,0.20207642860031103,4.03600825162362,5.4368304661476e-05,0.0012357125357209
8659,CCHCR1_18220,329.690465368844,-0.905398893634688,0.217517963952205,-4.16240974852831,3.14906620448902e-05,0.000798214476598799
8665,ABI1_18228,872.652629200307,0.271142960276894,0.10064707294541499,2.69399747396476,0.007060069977552491,0.0495005878815106
8668,SRPK2_18234,10.0793822427301,-5.77341690489934,1.64692298438631,-3.5055779533313705,0.00045561705863825095,0.00654817074973115
8669,POLR1A_18236,313.109489201496,0.752135186767914,0.24805147775271502,3.03217377933835,0.0024279937916720697,0.0228834447554976
8672,CSTF2_18242,477.977347819189,-0.7768136457340358,0.14225384461216198,-5.46075677498858,4.74109218908821e-08,3.5159939674278098e-06
8694,ANKRD54_18266,93.5108820947822,-0.883478583557206,0.262558141078842,-3.3648874109445797,0.000765748990752276,0.00967662161828923
8699,RABGAP1_18273,536.455876852106,0.6525308447591489,0.20409656664668102,3.1971671815958,0.0013878446432429301,0.0150220581985044
8708,FH_18285,266.741721305592,-0.7940774518160809,0.23673566071822602,-3.3542789852908097,0.000795720915069334,0.00992014028412086
8718,H3C14_18296,302.549401550587,-1.19330881069948,0.40407923302733706,-2.9531555030910295,0.00314543470051917,0.0277696949274406
8719,SCD_18299,66.8156732786475,1.8822657740483,0.610044687160724,3.0854555636059398,0.0020324059095334,0.0202378704842134
8737,DIAPH3_18325,224.41903420707,-1.76416040188191,0.39231731049152396,-4.49676920876022,6.899380754129739e-06,0.00022668395804327997
8761,SIVA1_18355,25.646322980020003,-2.34978267244213,0.698786518199544,-3.36266171605092,0.000771948967718973,0.00970990137298128
8762,SLU7_18356,522.0131381843651,0.77478437337471,0.256525308813898,3.02030383262025,0.0025252122781442,0.023543250679422003
8763,TASOR_18357,38.8276857831601,-1.12217960810301,0.37437029551708295,-2.9975124136198996,0.0027219277309119302,0.0249295540520643
8768,POLR2A_18363,2266.31306309017,-0.583356595220376,0.18930794227426997,-3.0815220334242897,0.00205945234210299,0.0203871643751431
8785,MON2_18384,27.007250600758,1.2196963600064499,0.428462511990092,2.84668162528687,0.00441775202612899,0.0354567630149054
8815,RNF111_18424,461.583667616183,1.12026770211728,0.284561534253031,3.9368205722462304,8.25682959630207e-05,0.00167171816693929
8824,PGAM5_18437,234.420723367854,-0.7864614114505101,0.211031510462215,-3.7267487197904803,0.00019396566056220201,0.0033253452348431397
8830,U2AF1_18446,1251.3911745016499,-0.508417390506376,0.138249022359066,-3.6775478179216003,0.000235486939979642,0.00387544707638535
8838,GCH1_18455,39.7071362546144,-1.49162387698605,0.533547510371832,-2.7956720779121103,0.005179192180596611,0.0397020414174736
8850,MIGA1_18470,7.11361262061131,-5.2661254339129195,1.84222982060298,-2.85856051998402,0.0042556792177098,0.0345159378287708
8860,ZNF789_18484,53.699011304329005,1.06782954985614,0.36712210869998296,2.90864953254228,0.00362993535631124,0.030931911394752005
8872,COL6A1_18500,336.106514516811,0.8962497109024871,0.18750706811252899,4.779818275248269,1.7545371155517398e-06,7.22869291607317e-05
8932,DTL_18569,445.178787497732,-1.40380627706209,0.203258841174636,-6.90649552535805,4.967725970876071e-12,1.14353346776763e-09
8935,GAL_18576,16.9183107608359,-6.517605929790361,1.2092972401413602,-5.389581414267111,7.06219812844842e-08,4.81642977475848e-06
8937,CRYL1_18579,404.22944836304004,0.82342658583273,0.277031416086938,2.9723220473100493,0.00295556487319117,0.0264898625167645
8940,FOXK1_18582,241.88424962838297,1.03848714745901,0.323855417698259,3.20663818082731,0.0013429578985375199,0.0147006404572874
8947,SPINDOC_18589,315.395677283939,-0.623133404868426,0.20643369440277398,-3.01856441929788,0.00253975399603491,0.0236448546345345
8975,PPME1_18626,1429.5234625960998,-0.751480145863541,0.22616020589392602,-3.3227779524396097,0.000891258289536833,0.0107597675177758
9040,EPB41_18705,378.715046888967,0.893494170280193,0.329812819705396,2.7090947255425095,0.00674670743973384,0.0480037111583694
9043,PYROXD2_18709,149.293013823522,0.979294134983644,0.313723376727153,3.12152108395589,0.0017991936408610102,0.018477489670276
9065,CIP2A_18736,432.802270658032,-1.1738261280794,0.25137649407588003,-4.6695938392914105,3.01795819482573e-06,0.000114859417749115
9066,OSBPL5_18737,144.216422291944,0.849383074447195,0.26574169857513397,3.19627321945127,0.00139215216338075,0.0150447576716052
9069,CALCOCO1_18741,28.771968120237002,1.14603724833336,0.380233865276821,3.01403255467267,0.0025780014137286,0.0238980731052641
9094,CFAP36_18775,443.645554247808,0.677543533987016,0.225064997529268,3.01043494734852,0.00260873823073865,0.024131293484337995
9099,KLHL15_18782,112.07207851928001,-1.20652984603816,0.29724713281053006,-4.05901256180398,4.92806628500239e-05,0.0011502957598338302
9101,APLP1_18784,28.8529727696585,-1.8626776231774802,0.438816330366851,-4.244777357351951,2.1881056860942898e-05,0.000590379118381118
9103,SPRY1_18786,237.260724645812,0.8916140353357941,0.24482570716339896,3.6418317572374903,0.000270704975231886,0.00434265657423909
9105,ZNF77_18788,6.06821045784833,-5.03878366226892,1.81967527434966,-2.7690565087607504,0.00562188836302955,0.0421104773485647
9110,INIP_18794,635.209948538905,-0.7234299039930759,0.19599992754851003,-3.69097026229271,0.00022340025739872599,0.00372659195439674
9136,RAD51_18827,76.646839188379,-0.6696034500403311,0.23973447278369103,-2.79310456383344,0.0052204813778804395,0.0399021616478
9140,TBC1D8_18831,77.67824544771159,1.9639656889954098,0.500522264199169,3.92383282317668,8.715122363912021e-05,0.00174814309179058
9167,BBS9_18861,122.611478881536,1.0055509916385201,0.254282232433983,3.9544681593102697,7.67050856228019e-05,0.00159531827117424
9176,IPMK_18870,346.502970140073,1.00890323375437,0.372756751695889,2.70659948924944,0.0067976210877728205,0.0482073915175495
9187,TRIP11_18884,179.558455981513,0.678786594686465,0.24524456801991396,2.76779461484891,0.00564370096816563,0.0422398795645061
9190,UBR2_18890,546.094510662456,1.06272489698139,0.373294719245836,2.84687899986479,0.0044150140119129395,0.0354567630149054
9204,UCKL1_18908,537.5108979135,0.935020064502233,0.286052762332844,3.2686979034108,0.00108043590180139,0.0125083828131832
9218,NFIA_18923,118.079840881385,-0.748399297198174,0.197685119908993,-3.78581502514053,0.00015320560964086598,0.00275007247844974
9219,TRMT1_18924,478.77314768126297,0.665536703144457,0.229354642247875,2.90177995361951,0.0037104907458416297,0.031391622489917004
9232,EMP1_18941,1279.68697215715,1.0979784156004102,0.331800863616106,3.3091487575836096,0.0009358010205065859,0.0112082564082365
9252,BCL2L13_18967,47.295146688665,1.2821260399531,0.46498413830237,2.7573543575788797,0.00582711652377031,0.0431281527968085
9275,TOGARAM1_18993,70.7942999530332,1.22053659698764,0.27759436554426303,4.3968349090753405,1.0984082471833699e-05,0.000329218065402904
9279,JDP2_18999,200.005869559866,-1.50897080478268,0.271847761229625,-5.5507935690082,2.8437572743281902e-08,2.27816554976736e-06
9297,ARG2_19025,43.5663752334247,-1.5510291398176101,0.45564373981649503,-3.40403917420717,0.000663972302680633,0.00869529015558957
9300,MAP3K6_19029,48.597184334632594,-1.09746357990485,0.36295740806796095,-3.02367042388444,0.00249728328295323,0.0233331479094075
9310,DUS2_19040,65.8858309284469,0.843702632880193,0.28500279259805894,2.9603311082992403,0.0030730856625332,0.0273355076959259
9336,CCDC159_19080,90.21818734617331,0.95426757350365,0.270688508089229,3.5253346373651295,0.000422948143161211,0.00618132995714661
9346,PIGG_19093,547.953730783979,0.512245267134887,0.190076406298118,2.6949439812717997,0.0070400465829370705,0.0494403271392626
9357,BTBD8_19106,28.5161379058979,1.46838407252756,0.349076113677529,4.20648682334085,2.59371198725621e-05,0.0006884208381726129
9395,H3C12_19153,1089.6686817389698,-1.92780193743514,0.253337684024749,-7.60961380402768,2.7491614840792197e-14,1.08117023455697e-11
9398,FKBP5_19156,409.152166111846,-1.6656193685918603,0.252370159182279,-6.599906161603039,4.11418110141702e-11,7.633912056347109e-09
9399,H3C3_19157,858.517081035798,-1.1413786871918001,0.32501737465845504,-3.5117466824387997,0.00044517210384601905,0.00642652231781272
9401,H4C1_19159,2584.89471080295,-1.4351571090337198,0.212839447605603,-6.74290938629527,1.55246038137159e-11,3.24965013378072e-09
9403,CD3EAP_19161,8.71817171094051,-5.56382026772951,2.05439148747058,-2.70825706865628,0.00676376092927327,0.0480197425274117
9409,RNF40_19167,29.370951645356197,-2.28661693604087,0.707884695233182,-3.2302110095594703,0.00123698886964766,0.013887233174988998
9426,BCOR_19187,95.8500182033004,1.25633581511141,0.3787567272147371,3.31699934242786,0.000909898306616942,0.0109339446511803
9435,BUD13_19200,121.339250381719,-1.8432350359992098,0.36581089368974795,-5.038764749205339,4.685459646083e-07,2.37530840964317e-05
9461,POC1A_19228,87.09288345104,-0.8012042339889051,0.250139904789363,-3.20302446210483,0.0013599242902721,0.0148062897979458
9462,EFR3A_19229,659.821417536514,0.5332097093841179,0.18043647368206603,2.9551104524667697,0.0031255713047385397,0.0276507596406931
9478,SUN3_19252,87.03236591234041,1.19154722076929,0.33765960522934696,3.5288414791575597,0.000417383067606731,0.00614149370907047
9500,CDC7_19277,70.00651725590221,-1.94385710794621,0.335853820061218,-5.78780705126978,7.131125544170951e-09,7.11905748555774e-07
9506,ACOX2_19283,44.5148090282891,-1.13427272725732,0.34124892555621994,-3.3238865892647302,0.000887722887848673,0.0107285801292156
9516,NTMT1_19298,139.5290510186,-0.805242330382984,0.289174602867363,-2.7846232774194504,0.00535899454554466,0.0406802392791262
9533,TSC1_19318,438.333392887851,0.42144920909888794,0.15606848420806196,2.7004120097497304,0.00692536532729603,0.0489425250879343
9551,CREBRF_19339,495.126884606983,2.2404613261539303,0.265968959401794,8.423769943654639,3.64559769833163e-17,1.9713569553728297e-14
9559,ZNF114_19347,201.276450506179,1.24941773562296,0.31202347344175496,4.004242763665641,6.221644904419179e-05,0.00137554527375728
9564,LDLR_19353,776.3511854511701,0.412023157895291,0.14340030960187197,2.8732375755617703,0.0040628846081741206,0.0333511172959417
9582,ZNF34_19374,9.71144347178339,-5.7133488717732,1.47180015578356,-3.88187815398858,0.000103652812605766,0.00201982913212858
9587,MDFIC_19381,741.974146706545,-0.472187763265451,0.103669486306294,-4.55474199872429,5.24499123579622e-06,0.000181035894303626
9593,ANXA8L1_19389,131.931761504013,1.1913910658754598,0.30204660335129196,3.94439484720781,8.00017481670227e-05,0.0016372121804172
9601,NAGLU_19399,223.63205402348203,1.27855212075704,0.29857641847025396,4.28216041744911,1.85087465961383e-05,0.000509992597292321
9617,SIGMAR1_19417,11.4511754252115,-5.958235814182269,1.44634377245141,-4.119515655730759,3.7966962871603496e-05,0.000940334435396317
9629,MCM8_19432,43.2075525068899,-1.4886719946999898,0.38015816820829207,-3.91592794577108,9.00571440474942e-05,0.00179387935517183
9654,ASTE1_19460,9.169103351402331,-5.63139780605304,1.46094143473566,-3.85463624493065,0.00011590182516778898,0.00219155282110215
9661,MAGI2_19471,41.651498197493204,1.3270623766374998,0.4404037334059989,3.0132859373698904,0.00258435291084294,0.0239398515895215
9666,KDM2A_19476,11.525117146807899,-5.96214351012772,1.49929116469637,-3.97664152935574,6.98954066683666e-05,0.00149934312023481
9700,MSH2_19521,191.224497583587,-1.15082574421745,0.29013188040169896,-3.9665608020190097,7.29171803979362e-05,0.00154342484307195
9701,NUP188_19522,265.994713634845,-0.772040579614187,0.200153186653091,-3.85724850312926,0.00011467056628119099,0.00217572311286154
9703,SNX30_19524,41.929881945142604,0.800667190523659,0.259312637622305,3.0876520244641803,0.00201744552250842,0.0201311497727206
9705,SELENBP1_19526,7.73281142071666,-5.37784489289892,1.91197640034015,-2.8127151004281097,0.00491251548917821,0.0381079653428301
9720,MAP9_19549,97.3272166142758,1.1042335991287702,0.31434545329629304,3.51280283379174,0.00044340638309133494,0.00641129067159134
9749,AKAP13_19586,553.2801004195,0.6272018561098011,0.0995033211624281,6.3033258466414805,2.91325520551761e-10,4.20091400635639e-08
9750,SLC27A1_19587,169.100852194679,0.990848372286443,0.266021922026534,3.7246869157934,0.000195557771716149,0.00334380600966032
9751,ZC3H6_19588,106.058872678701,1.5106941973326498,0.37779761057673206,3.99868647932019,6.36949863314263e-05,0.00139163894378662
9761,RUNX2_19601,1201.8626527608199,1.2295796849334097,0.276954666218451,4.43964242134692,9.01084677797074e-06,0.000278435165439296
9772,PGGHG_19617,79.0651984273327,0.932166688055365,0.254480529733435,3.66301771311069,0.00024926129497073997,0.00406396116348023
9781,C19orf57_19627,9.37410929448744,-5.6574722675684,1.50094813459919,-3.7692656642523996,0.000163728546180919,0.00290679763657451
9789,SPA17_19637,136.32884763494698,-0.6522088728556589,0.168738993792697,-3.8651935643098803,0.000111001133576024,0.0021228710467223197
9792,ABHD12_19640,471.6966498360201,-0.44923824511758204,0.162812826292423,-2.7592312924457203,0.005793751261785629,0.0429910256577781
9793,HAUS8_19641,293.469861437803,-1.4876800128315202,0.24846702528716103,-5.98743439340557,2.1317688604098e-09,2.4701871669998496e-07
9803,ENSA_19659,105.556466220994,-0.714969388901085,0.22081920549270603,-3.2378043717067,0.00120453374863694,0.0135816151084364
9805,WASHC2A_19661,778.459292746323,1.29058917553049,0.141305386897406,9.13333315783293,6.642207288852379e-20,8.620256619472621e-17
9817,PXDC1_19674,1431.23190132936,1.00182406587097,0.20996500818287198,4.7713858349121505,1.82962675025765e-06,7.45325155209146e-05
9845,GSN_19706,156.41936271698,1.32422174405942,0.15570620082877099,8.50461790867055,1.82194642297818e-17,1.07478275806413e-14
9848,IGFBPL1_19709,54.396038598692506,-1.18919892735427,0.318204504909799,-3.7372158753420903,0.000186069162971825,0.00321640193124733
9860,AHCTF1_19723,316.10152819525797,-0.649937322042402,0.183531262178117,-3.5412894475255,0.000398176511929358,0.00592462693326287
9872,HNRNPH3_19739,2680.10558267941,-0.484658029044671,0.137008488931419,-3.5374306572147702,0.000404040266037348,0.00597905880573855
9881,AMIGO2_19750,1030.00043338316,1.23497376372722,0.25154313976168496,4.90959031877098,9.126685814657471e-07,4.18537556546377e-05
9882,DAB2_19751,236.257971622509,1.2801830217704,0.20538290507130702,6.23315276081975,4.5713998925139595e-10,6.053839571943491e-08
9889,GPATCH3_19758,7.76799028666459,-5.394880434007981,1.62443632365627,-3.32107842914102,0.0008967033533768189,0.0108054002972371
9891,SENP1_19761,148.58789508340098,-1.17726538742254,0.36070012971787796,-3.2638341115744596,0.00109915501293046,0.0126798522291658
9894,TNRC6B_19766,518.81791588325,0.7936888761763969,0.242174439521897,3.2773437103573198,0.0010478872472447901,0.0122849870774551
9898,DCP1A_19771,87.9448605151737,0.671511488222256,0.212030358203334,3.16705350079297,0.00153991984874075,0.0163276795726777
9906,ATP6V0A2_19782,423.900499226985,-0.5877810347717279,0.173743279479701,-3.38304328392973,0.000716873329716292,0.00920691475410256
9928,PPP1CC_19813,1547.10235924602,-0.590083155191532,0.141724936677645,-4.16358030579814,3.13295763847621e-05,0.000795685405717107
9944,C2orf88_19831,18.6089499118356,-2.3193388355896603,0.699097370898617,-3.3176191645641397,0.000907881791109141,0.0109299535111451
9955,CKAP4_19845,3803.56796846182,-0.487640438462546,0.16858788508323003,-2.8924998864645697,0.00382189320264775,0.0319797098542634
9965,ABL2_19856,358.103724386491,0.663357093854033,0.18749150283911198,3.5380648392544196,0.000403071066417933,0.005971525456588971
9969,SRM_19860,65.959687111958,-1.35807257918246,0.498916902885639,-2.72204162923252,0.00648799689608438,0.0467265392438308
9973,USP30_19866,159.018866895249,1.1449581599953,0.296233843668211,3.865048455698,0.000111067147536173,0.0021228710467223197
9982,SRPK1_19879,1110.2113628017,-0.5929727365182271,0.11734996891987501,-5.05302849226233,4.3485899611397705e-07,2.22188978408157e-05
9996,OIP5_19896,333.834194657242,-1.25245731097626,0.146235393631819,-8.5646660488336,1.08389528337361e-17,7.033396493811361e-15
9998,PDCD1LG2_19899,44.1314615400203,-1.43847802464997,0.454374616112516,-3.1658415185186297,0.00154635018495655,0.0163606605809123
10014,CD22_19920,235.507067172657,1.4491857997411002,0.217904798573659,6.65054560168957,2.92008507807801e-11,5.835206988741159e-09
10015,PBK_19921,512.791132590718,-0.9297100036421322,0.17833264258438603,-5.213347316390481,1.8546318746201898e-07,1.0650182508327802e-05
10024,CHURC1_19932,991.1813360118041,0.7068653597247891,0.17913791702399398,3.9459282069809403,7.94914311407589e-05,0.00163234144516577
10060,BRI3BP_19979,94.23151643425551,-1.0883798591883,0.265053673359583,-4.10626212190523,4.0211315516896e-05,0.000984646137317501
10070,RCC1_19989,313.432144765053,-1.06264074502756,0.34955983624684006,-3.0399394748462405,0.00236625696152469,0.0225069600233133
10083,CEP131_20005,28.5910391646172,-2.08280494489955,0.60943322286132,-3.4176097835964305,0.000631736101285763,0.00836878174741316
10093,PATJ_20019,53.3359017123402,1.24052801459894,0.282777754684578,4.38693636273714,1.1495840576003599e-05,0.000339847423679669
10102,PSD3_20028,338.806639514591,1.273222751801,0.41786506234816,3.04697105961964,0.0023115996454564397,0.022091266714826
10142,MPP2_20075,35.1519229009565,-1.80514046262946,0.503174010423817,-3.58750735378604,0.000333854319917477,0.00514579734428625
10146,CBFB_20079,1506.04780662919,-1.0687533376244498,0.137349318261229,-7.78127879449505,7.17950793870914e-15,3.00566625898604e-12
10151,CPA4_20086,238.083245678517,0.9487069114844151,0.254877870154405,3.72220197426197,0.00019749294543411,0.00336802029677251
10157,TXNDC11_20092,316.568351615486,0.777515569812147,0.190600112309761,4.07930278943664,4.51709709360636e-05,0.00107171638173352
10162,ZNF227_20099,64.5521473886136,0.6744364317442789,0.248078782448605,2.71863810797283,0.0065551283754786,0.0470793890741346
10198,CAPG_20144,2258.76441191284,0.7918752073371992,0.26608127465657505,2.9760651453555096,0.00291972832200951,0.0262593445343309
10214,SLC3A2_20164,2363.72807180286,-0.799604575432963,0.188863446567727,-4.23377095973,2.2980499762469896e-05,0.000616200260159781
10216,H2AC4_20166,600.2256916460469,-1.5610110084620499,0.385068361806873,-4.05385423288803,5.03806162118156e-05,0.00116965945831296
10229,ANO6_20182,460.4922474604,1.2945678334430402,0.284002872086291,4.5582913437921295,5.15714652643261e-06,0.000178955742299579
10240,SEMA6B_20194,128.699470812323,-0.9811478377490122,0.343976946654703,-2.8523650997284,0.0043395227028435205,0.0350020668971431
10256,ZNF532_20212,295.289035418698,0.46134109147472596,0.169537559298607,2.72117336938987,0.00650506354470861,0.0468234690422786
10277,PTPN23_20238,69.4234937132335,0.6102638841529721,0.21288797651044,2.86659629236057,0.0041491191504011106,0.0338662064993117
10279,KNL1_20242,369.48371476208,-1.09308476714257,0.23677849998458603,-4.616486578020099,3.90291252355125e-06,0.000140310245791269
10285,ADAM19_20248,467.49248226626406,-0.885665928907989,0.28027348200427005,-3.16000615746621,0.00157765804669456,0.0166326938505296
10287,ABCB8_20250,9.450195044329972,-5.67909844205834,1.6679353353650501,-3.4048672761137904,0.000661962182943037,0.00868649667364483
10293,ACER3_20257,274.976180699723,-1.0977106184133,0.206251183978261,-5.32220274928942,1.02518217271891e-07,6.6524071187730106e-06
10302,ZNF622_20270,1111.4733639344302,0.9626748470311679,0.20376743863426502,4.72438017321815,2.30818264509593e-06,9.05002850998641e-05
10345,BCL9L_20322,1351.5404822215198,0.9829284966643042,0.233779090084804,4.20451844648614,2.61638600942906e-05,0.00069155718188127
10350,MCCC1_20328,237.30364332499298,0.776781117090352,0.21811178300099104,3.56138997353858,0.00036889669275687797,0.00559292205443781
10367,RICTOR_20349,905.8657889811169,0.6633147709654871,0.23057241837092002,2.87681751205132,0.0040170783291956,0.0331007254325717
10379,GK_20361,100.86978489140499,-1.5130966623583302,0.313289901349866,-4.82970135915292,1.36737976130045e-06,5.87611077554875e-05
10382,PSPH_20364,74.18835143367109,-1.05816601829658,0.36047668678330896,-2.93546311618389,0.00333050203307545,0.0290478866836379
10397,EIF2B3_20384,323.09019410763403,-0.45177425514720393,0.156609412274352,-2.88471968948952,0.00391762311863976,0.0324460196769029
10406,L3HYPDH_20394,1182.59072986324,0.8577462878114741,0.29401462729825606,2.91735923376817,0.0035300894754029797,0.0302999346638756
10421,RGS4_20411,69.9477983485287,-0.932469743109487,0.230809002832465,-4.040005942863201,5.34498470601035e-05,0.0012191074079895
10430,C6orf163_20422,38.4067236697587,1.36276024352579,0.43484645013193196,3.1338883946559304,0.0017250645395539802,0.0177988440300037
10436,FOXO1_20428,45.1456699319133,1.89603694214292,0.366688784685976,5.170697936034901,2.3322129378013897e-07,1.2944247229708699e-05
10441,FLRT2_20435,64.401473019656,0.8405728796937321,0.20547209250489498,4.09093453736889,4.29638401877454e-05,0.00103447999620883
10453,ARNTL2_20448,404.165860074944,-0.989741541735821,0.177396117570132,-5.579273973369429,2.4152456433566298e-08,1.9965005069733897e-06
10462,PCMTD1_20457,117.971874047934,1.00200983997292,0.289845967371499,3.45704254249164,0.000546138623282075,0.007484463625084241
10473,H4C9_20469,923.0020991032401,-1.22581049441846,0.23364111732208398,-5.24655295466947,1.54971319878021e-07,9.31119346933778e-06
10508,H4C8_20514,2299.77989500621,-1.44020876550119,0.158662515891413,-9.07718346333832,1.1142070074234698e-19,1.20501487852848e-16
10529,RNF4_20538,308.084583959555,-0.48875548144963205,0.16909027131824803,-2.8905003087359,0.00384629153461606,0.0321217320053071
10549,CTC1_20567,235.93475888765,0.716742957087491,0.25847816991958106,2.77293419908725,0.00555533525908987,0.0417954440536048
10572,CHAC2_20593,266.09557027829703,-2.43927701501704,0.281326853857259,-8.67061562581826,4.29790261813677e-18,3.0987877876766098e-15
10578,MAPK8IP3_20600,92.213825379575,0.861732105459826,0.20958032076361702,4.11170334275689,3.92750747159413e-05,0.000963538600498085
10593,NDOR1_20619,222.72843513761399,-1.1803181802717602,0.21541788377288099,-5.47920237447041,4.27247467198882e-08,3.2050968955532297e-06
10617,THSD4_20649,122.834129595475,0.8272901612658721,0.268088930170244,3.0858796024905497,0.00202950981923423,0.0202296301336574
10633,RGL2_20670,237.493537305178,0.451100004646263,0.110164424352385,4.09478837926225,4.22554167154848e-05,0.00102121191458764
10634,HMGN1_20671,2483.01186108297,-1.12354921254421,0.275017515293021,-4.08537329466855,4.4006009632127295e-05,0.00104790824404724
10644,SLC39A8_20682,294.687945438125,-0.6045100108517061,0.169464942117788,-3.56716854410829,0.00036085939249190296,0.00549603516221167
10645,GCNT2_20683,319.02392763517,-0.6085793205487939,0.182912783626643,-3.32715575413805,0.0008773731888618,0.0106416348084565
10649,USP3_20687,106.283047467755,0.862639155115473,0.31248331131181895,2.7605927225171603,0.00576965774085609,0.0428686481816545
10663,GPR63_20706,9.60601865794417,-5.70461488089743,1.42504312747036,-4.00311735899802,6.25132719419891e-05,0.00137741467447052
10664,CEP55_20707,1737.95119697857,-0.8189001978369541,0.142159632339094,-5.760427094265599,8.39013644123828e-09,8.125909756297791e-07
10680,NADSYN1_20730,142.362725241159,0.79430704124363,0.285440111657614,2.78274499204374,0.00539011531934111,0.0408603484897249
10689,TACSTD2_20739,707.714697239412,1.7061289155423898,0.18708436923548602,9.11956954241785,7.5423302603097e-20,8.89857837439085e-17
10726,NR2F1_20784,47.97053888622379,-1.29289719395369,0.35187321410373607,-3.67432683742881,0.000238477311191473,0.00391766904385182
10727,PAAF1_20785,85.56041545611801,0.525841593283327,0.18634888057252802,2.8218124609483097,0.00477530933615082,0.0372216003390783
10730,BCORL1_20788,29.1016522198741,1.28499776240917,0.43028161167239504,2.98641105627244,0.00282272937149793,0.0255819705190643
10737,HSF2BP_20798,69.3489047988733,1.60713966204358,0.39925385803051794,4.02535787624307,5.6888731181332496e-05,0.00127513290720438
10741,MTMR14_20802,272.650969729544,0.612066542190082,0.205610074899358,2.97683147331023,0.0029124405579322604,0.0262119650213903
10743,RAB23_20804,67.220149379063,-1.37344762627697,0.363300080934505,-3.7804770721330296,0.000156528134407915,0.0027981021051596802
10748,RAB8A_20812,513.166253467888,-0.47672573619026504,0.114247229087785,-4.1727553481753,3.0093803177907698e-05,0.000770330133417922
10756,ST6GAL1_20820,42.369265416655004,1.61264815410153,0.35298225418433793,4.56863804053831,4.90903708352315e-06,0.00017126205180097702
10766,SRA1_20834,153.343689118702,-0.7891069085127479,0.241336251299166,-3.2697404731564905,0.00107646197037122,0.0124735030816766
10773,H2AC16_20843,256.040395419873,-1.17747734178906,0.319640066499805,-3.6837601577391,0.00022981849502963397,0.0038015620868774797
10784,ADRM1_20859,168.581148809889,-1.3334142138022,0.414209211815338,-3.21918049084013,0.00128557538805148,0.0143323005016288
10794,AK1_20871,239.18181634069,-1.08742075013549,0.31680601820166804,-3.4324497883852403,0.0005981546310723809,0.008044404976225241
10799,C14orf28_20879,28.8121211308594,1.1341763617109,0.283071026058899,4.006684744467299,6.15769644600677e-05,0.00136840041911431
10802,ITPR1_20884,182.67971939703702,0.631899371502528,0.156396944136603,4.04035625498285,5.3370068334203604e-05,0.0012191074079895
10819,APOL6_20904,341.171907133981,0.431135374026826,0.144880693360508,2.97579590507639,0.00292229274022799,0.0262642071902208
10825,ANXA4_20911,264.750554591117,1.13509026497465,0.34891886158090396,3.2531639586112004,0.0011412762463885,0.0130216655006478
10827,EVI2A_20914,336.04955238877005,0.9814561706708579,0.32201371864788103,3.04787067703806,0.00230469087603894,0.022041472504962002
10835,LRRC28_20923,293.599324333995,1.2239726063720802,0.3604063275254729,3.3960907811352796,0.000683556844606853,0.00887120072930774
10844,MCM5_20934,1099.85854300285,-0.984176585855062,0.0824409903311518,-11.937952005450098,7.504833757749531e-33,2.43494331270184e-29
10862,SVIP_20956,63.5683786509966,-2.24665031150042,0.6073805206401199,-3.6989172934500294,0.000216521136415232,0.00362582104309275
10863,MCM6_20957,145.828236895271,-1.22460335905086,0.19639406954553398,-6.235439603062639,4.50511146603127e-10,6.02756047486122e-08
10895,LIMK2_21003,68.5735027537695,-0.6037568644469571,0.21955857168987603,-2.74986697080429,0.0059619463313156295,0.0437884207627698
10899,FANCA_21007,11.517156659298902,-5.96080612435807,1.47135927650532,-4.05122407527535,5.09503849900602e-05,0.00117657312526869
10903,IRS2_21012,511.632532703394,1.19852207549414,0.24460174017413003,4.89989185948114,9.588941939237172e-07,4.36650135043579e-05
10906,FAM214B_21015,166.100551899641,1.34198761545749,0.25954387516794897,5.17056168090693,2.3339142023053197e-07,1.2944247229708699e-05
10907,UBP1_21016,168.688724782416,-1.4604650191630302,0.425078301869185,-3.43575527788873,0.000590904472735063,0.00797869533728183
10908,LAMB1_21017,237.72376523290401,1.2130226211283999,0.31888421323342203,3.80395946487473,0.000142401492164902,0.00258112648787165
10925,PRADC1_21038,27.194995342088,-2.33789158612848,0.610854025308014,-3.82725084761394,0.000129582440479604,0.0023956138355332
10932,SEC31A_21049,1974.41346761022,0.523994478002471,0.175245987741323,2.99005121176256,0.00278930678055179,0.0254032444898254
10936,ATAD5_21054,120.045506602896,-0.9783495198265592,0.21764287935191895,-4.4952057367547,6.95027136668798e-06,0.000227779347971911
10938,RRAGC_21056,276.391378321517,1.1469612389593402,0.23801448405924105,4.81887160561985,1.44372421003051e-06,6.16337263084734e-05
10943,ZGRF1_21063,17.0711444171873,-1.9401781022151898,0.6661735001864311,-2.91242161639907,0.00358638197743211,0.0306816514852432
10980,GSR_21104,721.941789779542,0.48069032979760706,0.109786667928378,4.3784034880373195,1.1955186200007598e-05,0.000351824051028796
10998,C15orf48_21127,157.888168442223,0.614903821652565,0.18940756612922302,3.24645859834896,0.00116850442488616,0.0132908417407297
11013,GATAD2A_21149,106.501532662336,-0.8547975842799631,0.22236575781968304,-3.8441061819109703,0.00012099261354261101,0.00225934120655541
11014,ERCC6L_21151,83.2609960861719,-1.9574839675010702,0.438206913418915,-4.46703123012979,7.93125551877093e-06,0.000251667076094399
11015,NDE1_21152,318.627579157622,-0.748741117531833,0.194861225353043,-3.84243256284204,0.00012182089205623401,0.00226503085545245
11019,ZBTB40_21158,35.5790543470205,0.8645958760757829,0.259969783922695,3.32575525905303,0.0008817931788744279,0.0106752909285749
11040,IFI16_21185,2300.5022566757,1.16102639286829,0.255605293932131,4.54226270124348,5.56536272153604e-06,0.00019007178263182801
11046,TEX9_21191,13.3628296391121,-6.15870094750107,1.2732723495121299,-4.8369077910636,1.3187456588789e-06,5.68594058502671e-05
11063,APBB3_21212,153.60537585341999,1.9483771441108602,0.380944570558485,5.11459486416734,3.14415047315019e-07,1.68614813390674e-05
11090,POU2F2_21241,184.84062697682702,0.8207114138060171,0.24311689167505302,3.3757893503466296,0.000736042501176396,0.00936190125060688
11109,DPP7_21261,254.366859293099,0.69209307894146,0.253286857016307,2.73244765675663,0.00628656597293471,0.0456814407596566
11112,DSP_21266,831.4564274013969,1.72126871190101,0.24387985822774802,7.057855143960261,1.69092188221412e-12,4.30289886026959e-10
11128,MAN2A1_21283,113.217371923572,0.838201366372979,0.268746767110349,3.11892632378647,0.0018151134228791398,0.018506030251499998
11155,LDAH_21320,231.41777744309502,0.8086997510990679,0.257440855066349,3.1413030806266002,0.0016819787469718199,0.017449016929016996
11159,TYMS_21327,5488.2776421994895,-1.4819987053366501,0.198769692150155,-7.455858533086211,8.928450586253889e-14,2.9711136335487897e-11
11169,YPEL2_21341,41.619914785779294,1.25774737438751,0.274321724848728,4.584935353118981,4.54126922170906e-06,0.000159719761407426
11178,FBXL2_21353,554.938712169173,1.3985303395875701,0.279336152378436,5.006621333041361,5.53937491204994e-07,2.7128304757956303e-05
11183,FREM2_21359,7.64353756610175,-5.37627721773486,1.8078391062413401,-2.97386930019045,0.00294070303415776,0.0263775476697765
11186,RELN_21362,3.45991279206128,6.65416529050841,2.03725610959094,3.2662389668054503,0.0010898623592623,0.0125950433646537
11188,EPB41L1_21364,121.86662277294701,1.2819553549507199,0.216511790839483,5.92094938562093,3.2008836997841904e-09,3.43314616990076e-07
11193,AGTPBP1_21370,70.5610591291843,1.23720500576602,0.354509228164308,3.4899091687187402,0.000483184745652342,0.006845820555759921
11221,THAP10_21408,203.447067858086,-0.796920026917993,0.259521707750026,-3.0707258896646694,0.00213539091195333,0.0208852076861031
11222,HSDL1_21409,240.347909108482,0.5499027034149909,0.200207082134495,2.74666958607178,0.00602037523287533,0.0441426156905402
11252,NR3C2_21445,40.202805054616704,1.02001604847499,0.369046642123483,2.76392177044572,0.00571112297909934,0.042523783145583
11260,SASS6_21460,98.6064704910368,-1.1186202868188202,0.24445847082581698,-4.5759113318510005,4.74151350774461e-06,0.000166311790009485
11267,ILDR2_21468,34.2064039735466,-1.500706037822,0.48501818748899295,-3.09412322369057,0.0019739548216518897,0.0197822283207708
11269,PUSL1_21470,10.164142754858698,-5.78363021297353,1.6378417849076496,-3.53125086090024,0.000413599286155164,0.00609964947241105
11281,H2BC1_21483,8.715492788133039,-5.56573986469237,1.63769269374129,-3.3985251848303197,0.000677502248920718,0.00881024467584477
11282,PASK_21484,33.550544199962694,-1.59200175527518,0.49053002404116497,-3.24547260565152,0.00117255845565314,0.0133138716352822
11284,RTTN_21486,106.036183246447,-0.879996025014693,0.286577472623344,-3.0707090022086,0.00213551168126512,0.0208852076861031
11319,NAP1L1_21536,21.443696507324,-6.864523038462781,1.3509125874819299,-5.08139690315426,3.74669343016623e-07,1.9449834934678896e-05
11344,DUSP10_21565,99.7050039293148,1.3889266114424101,0.400627008992565,3.4668821129535603,0.000526532759009693,0.007261787615757491
11352,EIF4H_21573,465.68332060888804,-1.2493269267653602,0.225381752797401,-5.54315915667049,2.97062617377805e-08,2.35077966361533e-06
11353,DYNC2LI1_21574,97.5498404142842,0.986957203670048,0.238276820919041,4.14206132121171,3.4419828104345096e-05,0.000864024234309846
11354,TBC1D10B_21575,31.9945316167663,-1.5973592769433897,0.48272658053951206,-3.30903526206932,0.000936180455118535,0.0112082564082365
11355,DOCK9_21576,732.502132843813,1.4802272403153403,0.27087961086370105,5.4645206983118095,4.6415922250744905e-08,3.46198758028832e-06
11370,HSBP1L1_21598,43.7081022773526,1.43171695421487,0.401829774863161,3.5629936947863703,0.000366649489253099,0.00556535330003125
11406,SPART_21636,1657.9530067367002,1.1374873241726497,0.253825401008341,4.48137703970483,7.41629571476063e-06,0.00024062171446540898
11420,USP10_21653,190.38211156238498,-0.47569403464359095,0.171665731455645,-2.7710483077194703,0.0055876136419749705,0.0419167918182376
11424,ILF3_21658,401.610537635838,-0.9515196270429541,0.321544584767142,-2.95921521344243,0.00308423625232091,0.0273475918186635
11425,GLIPR2_21659,13.6028196171237,-6.20533719124238,1.3329818767784298,-4.65522997674923,3.23619278428393e-06,0.00012068767228286399
11428,MLYCD_21663,161.217034934846,0.858387023636312,0.31695053775605997,2.7082680777685497,0.00676353654857368,0.0480197425274117
11434,EZH1_21671,49.8156542117103,0.949219795177136,0.265427312999608,3.57619487026393,0.000348631811158963,0.00532926224407659
11438,MAP1LC3A_21677,76.596592422885,1.05121046985369,0.298940638963709,3.5164522076950098,0.00043735538918379197,0.00635610105355795
11449,TFAP2C_21692,139.743160816789,0.543645539056579,0.172260234020853,3.1559549547039802,0.00159973564143008,0.0168244482613287
11475,AGFG2_21721,6.9529623763230095,-5.23200631063375,1.84254189819608,-2.83955893527093,0.00451759492113745,0.0359028456133018
11488,SCLY_21741,62.48596892472629,-1.21028257247192,0.26147503371097,-4.6286735498033895,3.6801537351874098e-06,0.000133039095195717
11490,RSPH3_21744,58.6800530335369,0.8900921873589199,0.217331592715983,4.095549000656,4.21169130585085e-05,0.00101976361506217
11497,HELLS_21751,315.83543653761603,-1.6548237920221,0.18045324101230104,-9.170374456778509,4.71378738433233e-20,7.64694158423313e-17
11502,PKN3_21759,14.138298561287902,-6.261265150099661,1.32056126658073,-4.74136665109954,2.12281359334284e-06,8.471354845551129e-05
11508,GGT7_21765,207.685352531963,1.19236515499835,0.382393119476129,3.1181658201168996,0.00181980385630495,0.0185234623114711
11526,GINS3_21786,105.522510833601,-0.8483516517471741,0.23619503473723102,-3.59174210707253,0.000328474822111719,0.00509312573639891
11535,ALG6_21797,305.235493106561,-0.896842219412503,0.28065794385748805,-3.19549914421058,0.0013958919692850802,0.0150464169247357
11540,TSC22D1_21802,1709.0579402672502,1.2727641277983899,0.46105681601663,2.7605364102295096,0.00577065251759519,0.0428686481816545
11555,TMEM106B_21819,441.840187996866,1.1269361589480902,0.23058128846187398,4.887370377993309,1.02191733876716e-06,4.59926093428371e-05
11556,FAM86B2_21820,264.500799394622,0.7526920343147409,0.21543066780381198,3.49389454151533,0.000476029019411385,0.00679637471278433
11557,PPP6R2_21821,9.27823695369076,-5.649386790861571,1.6474465745068798,-3.42917753952207,0.000605413361980229,0.00812518574124034
11558,C9orf40_21822,428.006296162919,-1.0344104354491601,0.352871143877442,-2.9314112343752003,0.0033742578129461,0.0292917176564645
11570,RFWD3_21836,474.070461169532,-1.2565111798097,0.211346844741412,-5.94525639286016,2.7602446679250897e-09,3.06174831626767e-07
11576,TCHP_21844,569.628312160291,-1.3202850647134499,0.185395892329132,-7.12143644676636,1.06807982817389e-12,2.88782083542514e-10
11585,HCFC1_21854,222.776186496919,-0.890933643319221,0.279587443974645,-3.1866010527998503,0.00143955189545174,0.0154400863629526
11595,DNAJC9_21868,53.3039443993272,-1.80927857920665,0.564480147115847,-3.2052120671576803,0.00134963003283439,0.014731285589676001
11607,SLC25A10_21880,611.791951390114,-0.7446615702950409,0.17724089261765,-4.201409501482529,2.65258282625517e-05,0.0006996995918524309
11617,SCN1B_21896,56.757599057999705,0.946412952671201,0.33594574807971395,2.81716008635607,0.00484503695722338,0.0377197898205429
11631,NABP1_21915,78.5481679625712,0.500771717045377,0.17116726021434803,2.9256279291861897,0.0034376180421774602,0.0297026677439274
11633,ERGIC1_21917,916.3930524731579,0.894254993934412,0.208928930253365,4.2801874917464104,1.8673593035542398e-05,0.0005134446830831969
11645,KIF24_21930,105.210368055688,-1.47127962958949,0.19781322399989298,-7.43772130012039,1.02436888011269e-13,3.32356483152562e-11
11647,NOL4L_21933,56.7211096514166,1.52618255737979,0.366130343911089,4.16841319699632,3.06727527537585e-05,0.0007805313436044651
11651,LRP1_21937,193.02112321605,1.30407691197026,0.39697976263389095,3.2849959487051406,0.0010198383805401,0.0120031291384054
11662,CSPG5_21952,11.8899895154034,-6.0121745710656205,1.46669587090794,-4.09912831304546,4.14709086612016e-05,0.00100977383227969
11667,PLIN2_21957,113.120624979998,1.03101392066828,0.31481427444445503,3.27499101648961,0.0010566533372797198,0.0123320566647628
11668,LRP4_21958,14.9567010202228,-2.02307944785242,0.6689947994828779,-3.02405855683217,0.00249408159421867,0.0233200222836959
11671,RBPMS2_21961,113.87138295212401,-2.42743546484594,0.258622493230525,-9.38601834095779,6.23113567642016e-21,1.1552525544083e-17
11692,EHMT1_21985,64.07992914589971,-0.8149988432761991,0.26157482535445603,-3.11573884134991,0.0018348469249104301,0.0186181730973319
11699,PDE3B_21993,40.868937221774395,-1.4626641028477299,0.517472222219072,-2.82655578414508,0.0047051547996192706,0.0368783544943805
11718,UAP1L1_22018,242.68022325384499,1.1984738184711798,0.25592392364057104,4.682929995065099,2.82803117253992e-06,0.00010826604294166099
11732,ATAD2_22038,261.83077158416,-1.2984214262007299,0.22965412077239603,-5.653812881013191,1.56927048720415e-08,1.3854416587031e-06
11738,NRF1_22045,121.64551979364799,-0.525930483650625,0.17867018683473396,-2.94358277095831,0.00324437055138507,0.0284881197671688
11744,SPCS3_22051,218.00835538403302,-0.816032152633037,0.264775376465124,-3.0819790100101,0.00205629336669427,0.0203869941275464
11746,ZNF573_22054,110.336048743105,0.9184693526174681,0.322678756874246,2.84638927431908,0.00442181039713944,0.0354598978022118
11749,CCDC77_22062,380.982932936002,-0.917626796816798,0.24986596798393104,-3.67247610477235,0.00024021161854998502,0.00393619493123952
11750,CMSS1_22063,571.856872056906,-0.927184506547295,0.29494456411875897,-3.1435890650080496,0.00166889620154541,0.017327147922924998
11787,OTUD1_22116,106.440762593871,1.0940145218506099,0.18796279026582502,5.820378173272519,5.87146264436822e-09,5.95311267176647e-07
11815,KMT5A_22149,203.230687318442,-1.1837862103761498,0.37997795708064,-3.1154075869851603,0.0018369089674478102,0.0186245348277638
11830,CCDC167_22168,894.2909426008059,-0.524351110633404,0.12716107807457,-4.123518914537,3.7312780449293e-05,0.000928455179466467
11853,VPS41_22196,88.3998409826182,1.50837099397688,0.511820957054054,2.9470676672928304,0.0032080299437238,0.0282646385673099
11863,CDC42EP1_22209,6.28783930585133,-5.08701412378437,1.8384676960363102,-2.76698586260278,0.005657720858860679,0.0422960260980955
11878,GALK2_22226,101.16664351143801,1.47912528482221,0.3825034198343329,3.8669596351918596,0.000110200659522869,0.00211565704036655
11882,PGPEP1_22230,121.33009296716699,0.587405744094529,0.20637811080637802,2.84625991486871,0.004423607223129979,0.0354598978022118
11884,ZDHHC20_22234,518.695329744968,-0.7337874505123859,0.262776674200745,-2.7924375431885395,0.0052312565508858605,0.0399595335593859
11889,CHST3_22239,178.226807351288,-0.7095647046412858,0.19477325129645898,-3.6430295223715197,0.000269447920325914,0.00432784048266053
11899,PABPC1L_22251,506.545086143719,0.7377838743035601,0.224695043093609,3.28348976526462,0.0010253036761299198,0.0120528904971142
11904,NRROS_22256,134.34478595334102,0.708469755606227,0.23063766869872898,3.0717868403867103,0.00212781615015069,0.0208852076861031
11915,KNTC1_22269,124.68252592150101,-1.00150195942245,0.230759901249998,-4.34001728202101,1.4247151082683401e-05,0.000403710757098396
11917,NHLRC3_22271,36.26281123316,0.7290427603299201,0.27045004623128305,2.69566513479705,0.0070248247998280795,0.0494403271392626
11924,RAB8B_22281,273.66089632476,0.603603736544355,0.21304540935566,2.83321634749094,0.00460821856614604,0.0363559030707862
11957,LIMS4_22317,21.8642225079993,-2.32063264844836,0.6819886254785861,-3.40274391940167,0.000667127765226531,0.00872780658982855
12007,INTS6_22373,33.7685684294736,-1.50211671999886,0.525985316766671,-2.8558149288893597,0.00429265272795193,0.0346671108297201
12031,STK40_22411,153.33474766795499,-0.744678091557367,0.21402401499712803,-3.47941370769706,0.000502512174666147,0.0070275894426910105
12044,TGFBR1_22430,860.910582889279,0.539828059982258,0.179827793963594,3.00191671200474,0.00268285567099527,0.0246565450745077
12098,RAB22A_22506,111.616014535322,0.9775969320328001,0.33766014387253396,2.8952097242541,0.00378905287892046,0.0317894718430576
12150,HLCS_22576,10.2494952623786,-5.79416399675222,1.49100506110019,-3.88607936211619,0.000101876213500368,0.0019932741461195303
12152,CCNE1_22579,8.39064187623288,-5.5013042944477,1.87199916519427,-2.93873223702896,0.00329557653956938,0.0288013416367215
12159,TADA3_22587,8.92449748828896,-5.595784003903919,1.85184056336212,-3.02174178199469,0.00251324838417206,0.02344855322055
12165,MBOAT2_22597,11.7982659477494,-6.011407335569491,1.28754722745459,-4.66888297950337,3.0284180635562902e-06,0.000114920495990741
12169,CENPX_22601,21.1197940833541,-6.837713259066651,1.3444868343185499,-5.08574207238879,3.66191431912811e-07,1.9211562403588397e-05
12171,C11orf91_22603,59.0167641379119,1.27834456560887,0.471664922849533,2.7102811841207797,0.0067226189823873,0.0479374445897925
12175,GTPBP4_22608,2573.75314002685,-0.7344679867322241,0.18479906736331198,-3.9744139254137703,7.0552771032895e-05,0.00150597674747518
12181,SLC35E2B_22615,202.37843356742098,1.1204223901433898,0.345309807971865,3.24468742062109,0.00117579613280391,0.0133347194455011
12185,ZBTB33_22620,226.78347240232202,0.7846964053117199,0.282653609139379,2.7761768466391,0.0055002281996793,0.0414938441090616
12231,CRY2_22678,256.29628546512697,1.10595218497319,0.344284827129172,3.21231752846967,0.00131668760570151,0.0145194609696118
12232,RECK_22679,176.71390410232,0.595981219003819,0.206004699822973,2.89304670969141,0.00381524553778975,0.0319446816706035
12237,XYLB_22684,221.66764761186002,0.71820841893971,0.265828477892149,2.70177380781264,0.00689706654165513,0.0487793621676296
12238,ZNF488_22687,22.408422484471195,-6.91768468545962,1.19997219129008,-5.764870832566951,8.1720404203438e-09,8.03460155872893e-07
12258,PRKDC_22715,122.35305421276001,-1.1234896747728502,0.318646664968921,-3.52581651806218,0.000422179352256749,0.006177050319715999
12275,NCEH1_22738,926.907574970405,-0.703066259004922,0.203095269491162,-3.4617559570264502,0.0005366635442343651,0.00737017934081861
12289,CDKN2D_22758,44.6898434495339,-2.43430305133189,0.726753326359486,-3.3495588709941,0.000809403532030104,0.0100461930978909
12328,DDX60_22807,26.7806804089418,1.19527128471607,0.366324280619062,3.2628775867549598,0.00110287146717204,0.0127001472058196
12329,DCTPP1_22808,369.295290501217,-0.7167078124126559,0.179111110727254,-4.00147042527161,6.29500642937371e-05,0.00138234506667364
12344,RAB6A_22828,720.097550764389,0.667281818546411,0.16918569199443304,3.94407949443129,8.010708387770999e-05,0.0016372121804172
12351,AKR1A1_22837,111.353621642659,0.828730110638735,0.20584317321012102,4.02602669651221,5.67272513283594e-05,0.0012737132659852
12352,CEP97_22838,395.721999733016,-0.71304025718617,0.18996620496747602,-3.75351109060819,0.000174374813534215,0.0030622954398471396
12382,ST3GAL6_22872,265.413243135322,1.1086337634238501,0.373156119020244,2.9709649846682598,0.00296865625944304,0.0265704971965874
12393,PPFIBP2_22885,3.9128390980895604,6.83146386785691,1.96171794287845,3.48238843033317,0.000496962259167979,0.00699114905779262
12396,ABCA1_22891,53.2850295629729,1.04911326120975,0.32745959223557203,3.2037945630098505,0.00135629217871479,0.0147791434889677
12397,RGMB_22892,25.163959529533702,-2.64678144629125,0.666991693303023,-3.9682374951089305,7.24061564854105e-05,0.00153794942531531
12413,PHF19_22914,254.068853913924,-1.31203525441119,0.43907502546019705,-2.9881801021045096,0.00280644122158566,0.0254720746914314
12456,WAPL_22964,239.866125178363,-0.41981498670198103,0.152749083254491,-2.7483961131376295,0.00598876097320004,0.0439356359017468
12463,TRMT10A_22971,107.95971045528299,-0.7573327348381059,0.257580445550433,-2.94017945818727,0.0032802220251734898,0.0286864699748663
12467,BARD1_22977,148.886711773129,-0.922025014560595,0.290343002506811,-3.17564055823583,0.0014950607299876301,0.0159694635010531
12472,SPG7_22984,116.236282853223,0.8046053034998679,0.27675734725057,2.90725905379992,0.00364611111182816,0.0309869936210566
12477,DEPDC7_22989,8.45841451111733,-5.517771353963081,1.8469172646837602,-2.98755740685974,0.00281216475390881,0.0255040350637516
12478,FBXO33_22990,122.290430486719,-1.25941466788079,0.462184492093644,-2.7249176236437203,0.00643175319822261,0.0463754577706181
12481,ARRB1_22993,134.583311490527,0.625004322817326,0.18524605279242298,3.3739143878961597,0.000741074118720397,0.00941001970531074
12483,INPP4A_22995,221.07235358148603,-0.7819051382264101,0.22010236990604198,-3.55246124137688,0.000381645237805292,0.00571939018041233
12498,CCDC34_23016,131.568210321126,-0.89991530259051,0.28158013696511897,-3.1959473856708502,0.00139372524345844,0.0150447576716052
12500,SPDL1_23018,697.3231010510741,-1.14002536675331,0.17646716371077303,-6.460269110585309,1.04516947529456e-10,1.73900121158625e-08
12523,NAGK_23047,557.418234289281,0.612068509089652,0.11816471768340402,5.17979072847743,2.22134960249895e-07,1.25526103722936e-05
12529,PPP1R3B_23053,37.7081213319005,1.4421576980863797,0.33158287505080103,4.34931296697825,1.3656469938385e-05,0.000393936503167745
12542,USP13_23070,239.08422202177002,-0.6520879211214581,0.19066272655638397,-3.42011222066846,0.0006259530784661191,0.00834904321925312
12547,KDM1B_23075,460.73921721137805,0.7217000132550259,0.21125764731586802,3.4162077559064903,0.000634997811192072,0.00840056542425631
12549,ATP6V0E1_23077,3267.0586852934102,0.7229749194446121,0.22477811938680897,3.2163936659710197,0.0012981262961372,0.0143869197875906
12572,TMCC2_23103,83.35072499508941,-0.865315045120616,0.235534231010429,-3.67383985507526,0.000238932516124433,0.00392018482207698
12575,ACTN4_23107,2173.25453493135,-0.7357595763853121,0.25137598639781894,-2.92692864950483,0.00342327406208511,0.0296379258023619
12592,LRIG1_23124,277.160435265784,-0.5903767146222071,0.124337175421432,-4.7481914610105,2.0524369597037602e-06,8.22115026636897e-05
12596,TDP1_23129,511.52407410112295,-1.0522788607199498,0.19852213240410801,-5.30056194730946,1.15446784835339e-07,7.34445281173054e-06
12603,MYL5_23137,107.261299168115,1.13924651681084,0.30877458258341195,3.68957349817837,0.000224630325938796,0.00374230086012027
12614,MAOA_23149,93.9750162029665,1.12630685433768,0.309675416489818,3.6370560734346,0.000275771913408603,0.00441303069323902
12648,EFHD1_23189,133.749562884662,-0.7466693361425669,0.20738579441638,-3.60038805089725,0.00031774261369895,0.0049563264910877
12652,PPP1R13L_23195,247.13905083030602,0.691124598972186,0.246429097543821,2.80455760241255,0.0050385683632879295,0.0388930907320689
12657,CLEC2B_23200,185.99345159887002,1.77664931200127,0.35563861522584006,4.9956591774294505,5.863513620432939e-07,2.83942834947682e-05
12678,UCHL1_23226,9.545561456745268,-5.69420998545918,2.08643537671519,-2.7291571303895004,0.00634964406561661,0.045934047203775
12688,GALNS_23239,293.391332353143,0.9246907821409731,0.229176414129867,4.03484270251729,5.463888877126789e-05,0.00123752792054715
12710,RPEL1_23264,305.557479722142,0.705579999521414,0.24903585703710898,2.8332466172382405,0.00460778218659916,0.0363559030707862
12723,PHC1_23278,230.32614702344299,1.31359336267054,0.29484936775375203,4.45513372702094,8.38409186586085e-06,0.000264741470158497
12732,APOBEC3F_23287,141.386091910562,1.29240759228634,0.367905166631451,3.5128824205423794,0.000443273591635363,0.00641129067159134
12735,PPP4R2_23291,28.2511300651493,-1.77377633309486,0.524334896328241,-3.38290727074639,0.0007172284494065099,0.00920691475410256
12743,ERGIC2_23300,53.901155947015106,1.76940677583696,0.3649515071361621,4.84833393269643,1.24502693799178e-06,5.40399986664124e-05
12770,SPNS2_23332,110.698307157589,0.99773216378017,0.244208322605288,4.08557805539166,4.39672162254508e-05,0.00104790824404724
12782,PSMD3_23346,50.5555991908286,-0.969685862344114,0.32437225042448,-2.98942298878885,0.0027950489665322,0.0254376896827874
12804,NCAPH2_23370,124.025440702443,-1.1908938788936598,0.304128954580945,-3.9157530414510298,9.01224641371577e-05,0.00179387935517183
12817,MDM2_23384,865.2876977319941,-0.493448921206943,0.183157865396894,-2.69411810482538,0.0070575151873473905,0.0495005878815106
12822,HIRIP3_23392,6.48701774191491,-5.127408416399111,1.8539450701573,-2.7656743983057006,0.00568052215778595,0.0423688600941069
12830,PISD_23405,115.54144781855801,-0.5538612494905041,0.19970048793079503,-2.77345967067663,0.00554637145922291,0.0417522092794634
12833,EID1_23409,650.676670990043,-0.40459299248629205,0.0999262614450797,-4.04891553666961,5.14555093191373e-05,0.00118402411337547
12848,COA7_23427,511.887896699876,-0.5707993410168709,0.171849058736062,-3.32151566738311,0.000895299557499066,0.0107985108338503
12868,ZNF248_23448,279.491610025701,1.1567373567780401,0.36350030552462104,3.18221838935893,0.00146151568651975,0.0156368924811651
12869,UHRF2_23449,8.3967937552188,-5.50743476168732,1.83997119948931,-2.99321791733258,0.00276052563917651,0.0252296491163611
12900,TICRR_23483,174.900423625722,-1.1522379970545902,0.414114162431901,-2.78241630348509,0.00539557801194576,0.0408778817507485
12937,MTMR10_23533,111.218439737836,1.02556579139672,0.2986724543412,3.4337474932493297,0.000595298469089995,0.008014298269553891
12939,PNRC2_23536,907.3844739475369,-0.5511122079166829,0.14256767016216101,-3.86561839223319,0.000110808080232249,0.0021228710467223197
12949,NCBP3_23549,147.27199491896002,-0.787089397935825,0.255131806670564,-3.0850304719244397,0.0020353129959232302,0.0202408368284227
12957,RBBP8_23561,29.6159191256402,-2.29570334790692,0.6131406542048911,-3.74417082306171,0.000180990489729378,0.00315287862511123
12968,RTKN2_23573,44.8729339433826,-2.11973902758273,0.726176082372388,-2.91904274877469,0.00351108071066805,0.0301966901676938
12977,DGKZ_23584,438.453243881923,-0.956031435025348,0.277798383305544,-3.4414578790900694,0.000578588544369191,0.00782995008219329
13020,AAGAB_23638,984.496117732807,-0.696489483621202,0.16476139676039903,-4.2272613446829395,2.36552859653668e-05,0.000632986188161918
13021,CDK2AP2_23639,31.113495871863798,-1.58816895871101,0.529735390568078,-2.9980420168036903,0.00271720209261572,0.0249038479929144
13058,HNRNPR_23683,383.371446899228,-1.14224045655269,0.40225670734320595,-2.8395808838014798,0.00451728414107019,0.0359028456133018
13064,ZNF839_23689,45.78274430933251,1.16353814506288,0.371280939267661,3.1338483127033503,0.00172530018413813,0.0177988440300037
13105,TMEM64_23740,7.69628485977467,-5.3767567746394,1.8637232643339199,-2.88495447662988,0.00391470264594708,0.0324460196769029
13110,ENAH_23745,254.984280576312,-0.479601036189498,0.172086787640994,-2.7869718690434104,0.005320309726119589,0.0404939597385502
13116,COG6_23751,90.0586442234681,0.95881643053208,0.24358239349318303,3.9363125420594596,8.27431981386753e-05,0.0016726498838687401
13130,BCLAF3_23768,55.703659148682206,0.6079765174275121,0.21233920566295397,2.86323251294702,0.00419342714937577,0.0341419683466742
13131,SLC37A2_23769,491.792126078122,0.930128624854499,0.259909145226633,3.5786683228997402,0.000345349415555984,0.00528531216401598
13132,LACTB_23770,700.328149342512,0.6334162186013199,0.23356705676911702,2.7119244784056002,0.00668938315948423,0.0477792045370315
13139,WDR89_23778,488.783063329644,-0.3734143486364579,0.132597289308219,-2.8161537131310896,0.00486024066263705,0.0378154696161293
13164,RIMS2_23803,8.57747859843195,-5.52862246029928,1.9059559241731299,-2.9007084530025398,0.00372320108067915,0.0314581403808945
13172,TPP1_23812,312.709090004213,1.25591284420315,0.279811227325891,4.48842906056951,7.175030850727589e-06,0.00023337731924998197
13185,SUCLG1_23826,852.720611261822,0.551375040118853,0.196275026758183,2.8091961021519203,0.00496653839613782,0.0383893599196406
13201,RAD54B_23842,113.446215499207,-1.61783823602975,0.286037042758327,-5.65604447741638,1.54901341775905e-08,1.3854416587031e-06
13217,TSSC4_23858,387.80803724909,-1.0374219426648101,0.18183605358225502,-5.70525988783365,1.16165707660032e-08,1.07685611000849e-06
13228,TUSC3_23872,9.0031018354964,-5.61086758541277,1.61836014294358,-3.4670080141786896,0.000526286198467969,0.007261787615757491
13233,CHAF1B_23877,260.81047471416,-1.02524084412699,0.18102650031888,-5.66348486172474,1.4832926210259802e-08,1.33681747469967e-06
13267,LOXL4_23917,119.46752646716801,0.8595848563957891,0.181313488752179,4.74087649138271,2.12795629499897e-06,8.471354845551129e-05
13282,CERS6_23935,231.69831637429797,-0.806795106061346,0.218324586140783,-3.69539281087241,0.000219547090321505,0.0036717553327222795
13290,IFT172_23946,226.94164340105598,1.0963589516477699,0.296260396290709,3.70065984307925,0.000215039574096723,0.0036103280629072
13317,BUB1_23980,648.221354295505,-1.09238342549669,0.14375143849698999,-7.59911300309918,2.98167332826363e-14,1.1381222486531e-11
13346,EVI2B_24023,647.3788915366299,1.2289130978741298,0.23404597758826104,5.25073368291791,1.51494577875661e-07,9.14463549614108e-06
13350,SMIM13_24029,77.05646783613741,-1.2517111328108999,0.39574847821742104,-3.1628956312075003,0.00156208322578748,0.0165087264692752
13423,CCSAP_24113,181.956768255397,-1.0707220638798498,0.21399123872457798,-5.0035789795018,5.627559410520389e-07,2.73537325954059e-05
13431,LACC1_24125,142.057233748263,0.569876735134171,0.18887945768687803,3.0171451258553796,0.00255167617047793,0.0237218147137984
13437,POU6F1_24133,53.7490330656658,1.17822028909237,0.303111383083635,3.8870869087990405,0.000101454437690493,0.0019919450716296802
13443,MARVELD1_24143,577.070041038493,0.626444762508617,0.22918478837757397,2.73336100071603,0.00626915782476514,0.0455804651259395
13448,KIFC1_24150,371.96017494849195,-1.5873154695574,0.313474649823981,-5.06361669260558,4.1137637703961897e-07,2.11858834175404e-05
13464,CCDC190_24166,96.8653734885491,-1.1306757345301999,0.26944028892753197,-4.19638703265458,2.71206638046992e-05,0.000710948459317354
13472,HSPA4L_24177,181.21587075269298,-0.72815639976593,0.22765103030448802,-3.1985640424820603,0.00138113852731503,0.0149744492961524
13485,UFSP2_24193,245.65714377311002,0.49993234946942205,0.164639896089001,3.03652007408441,0.00239326172228413,0.0226879113453641
13486,C5orf22_24194,348.818632635646,-0.707038645738011,0.19700764795969397,-3.5888893302389104,0.00033208976958766403,0.00513078694012941
13487,MAN2B2_24195,194.272418094197,0.565950000175477,0.20649473050708897,2.7407479057004305,0.00612995194575899,0.0448194458321466
13527,C1orf112_24242,435.86944544919,-1.03251929419617,0.22816362543689198,-4.525345756665129,6.0296844718202304e-06,0.000201683621328049
13539,SNAI2_24257,362.499460605355,0.88357828824613,0.16345800335309102,5.405537019423179,6.46145031367769e-08,4.50842484789834e-06
13557,SHROOM2_24276,85.85908812430979,-0.9314228517841491,0.289106727979673,-3.2217266553881,0.00127420634684617,0.0142311961870651
13575,SLFN5_24296,130.29949364626899,0.92990694303138,0.25723059122191,3.6150713591804506,0.00030026490274948,0.0047291722183043
13586,UBE2E1_24308,462.244333216538,0.984096701862368,0.32907586679422496,2.99048578508413,0.0027853409292217697,0.0253849400136517
13591,ZNF251_24314,98.42229729526692,0.7309854791311601,0.210175549533487,3.47797581951697,0.00050521549764467,0.00704502549148727
13595,TBC1D5_24322,408.279997806855,0.513358598194332,0.15667496018445198,3.27658355610852,0.00105071218103347,0.0122851268472084
13615,CYB5R2_24347,45.4207268900715,1.31815534359601,0.48499303270967997,2.7178851131766004,0.006570064668486321,0.0471344937908322
13639,FBXW8_24377,751.0355958001049,0.855794588887582,0.315491524296107,2.7125755305057595,0.0066762564586657705,0.0477379924631209
13641,ARHGAP12_24380,46.993471192445895,0.7029037223651909,0.24778087746457603,2.8367956783335,0.00455687631595032,0.0361486190882661
13643,RNF19B_24383,269.38107096586003,0.49794940030588897,0.12339298786705499,4.03547566934992,5.44917866015867e-05,0.00123635385754439
13654,MRPS18B_24397,93.392586246091,0.840604123939521,0.296462808126693,2.8354454619491,0.00457618276874131,0.0362479265624883
13708,R3HDM2_24462,466.86322613663805,1.05843589162229,0.30013269944649895,3.52655973032677,0.000420996191746272,0.006177050319715999
13711,PLXNC1_24465,8.60067863676671,-5.547431350909309,1.4304240780506101,-3.87817251962745,0.00010524407573582299,0.0020416406799693802
13735,ARGLU1_24493,537.399914765611,-0.804314231043784,0.250560757130133,-3.2100566754994704,0.001327088031735,0.0146080987920753
13759,SOX6_24527,7.548439785423371,-5.35379886383228,1.8420531197031103,-2.90643022536461,0.0036557842149621297,0.0310119035675048
13766,ATG4A_24538,10.5888663431722,-5.84361882972468,1.4544259001079198,-4.01781818468104,5.8739490498149903e-05,0.0013098300819329698
13823,FBXO38_24608,277.432870173149,1.16155576810902,0.243274035232527,4.7746804010497,1.79992871264665e-06,7.368919505592491e-05
13838,ZNF703_24626,102.110006415052,-0.7382951618340892,0.25971494014860197,-2.84271348198781,0.00447312628232389,0.0357940925146414
13840,POLD3_24628,321.107375237271,-1.3354478283650701,0.294406988440847,-4.53606021867034,5.73148213308179e-06,0.00019421194549121499
13849,MEX3B_24640,9.489187524203599,-5.6872286123325395,1.4551699827381297,-3.9082915946569403,9.29510789721016e-05,0.0018417085540457
13854,FHL3_24646,40.3762204906504,1.1152378448481002,0.34435061968190306,3.2386694871590698,0.00120088646490843,0.0135640596532477
13855,GPR107_24647,386.49324804289597,0.628724334105571,0.201701545921513,3.1171022077848702,0.00182638240652532,0.0185613084353059
13873,RPS6KL1_24670,9.58357355379269,-5.69289653558337,1.68579229816856,-3.3769857305482502,0.000732848518473502,0.00934273877480266
13879,ZNF329_24677,90.46483999724131,0.7519125319359692,0.20390342939432998,3.6875913964244402,0.000226386791398363,0.0037619049664122397
13901,PHC3_24709,555.78408637945,0.922548998005027,0.301925290726774,3.0555538947543197,0.0022464522467439,0.0216923045076208
13906,PGP_24716,134.506136807588,-1.05941850801578,0.22598718621385802,-4.68795831199571,2.75944210590619e-06,0.000105952780030919
13908,TRIOBP_24719,872.9043906260339,0.6423102544015501,0.18860519579531898,3.4055809103934105,0.000660234460684857,0.008672593958267279
13968,SPACA9_24794,28.9981177982871,1.59672061439257,0.5568965866168131,2.86717615579719,0.00414152420414886,0.0338467891192972
13971,CEP76_24797,113.84980104839501,-0.899590777100308,0.21933734614210101,-4.10140267001086,4.10653232745475e-05,0.00100366434172708
13975,AHSA1_24801,607.1934813974201,-0.413351865427065,0.126850721374365,-3.25856929269776,0.00111975526942995,0.012814976972365
13981,JCAD_24807,7.45964639239663,-5.336518699588019,1.6245428828148503,-3.28493556928545,0.00102005695182811,0.0120031291384054
13991,NOCT_24819,52.400268865422106,-0.7731611200806608,0.255113967685774,-3.0306498977467595,0.0024402802365194602,0.022949522063055998
13992,OPTN_24820,1470.5918054912197,1.21572904648856,0.22519450381413603,5.3985733483618,6.717290509686509e-08,4.66187145640169e-06
14029,ARL4D_24864,9.63751686256058,-5.712620694610549,1.4284360576482,-3.99921345027925,6.35533434273606e-05,0.00139113484775664
14041,C11orf24_24882,191.62719790944598,-1.00804096825839,0.34711251718933595,-2.9040755326853995,0.0036833928537009,0.0312030499055681
14045,TMEM37_24886,5.67379903724793,-4.93938929734747,1.82340691180998,-2.7088793320655205,0.00675108884618114,0.0480085649565692
14058,PANK2_24907,424.024414658125,-0.6133078922147359,0.16211978254730403,-3.78305400228242,0.000154915786985423,0.00277309942551286
14063,TNFAIP2_24912,135.592855929602,-0.9320578807672579,0.33360290033438106,-2.7939142010846605,0.0052074292939706,0.0398478876044519
14073,NBEAL1_24925,66.8502883685381,1.7170873941556,0.454366898968125,3.77907677265914,0.000157410891106408,0.00281001175347862
14076,ROCK1_24928,422.09453417132005,1.13629058148374,0.308344625651018,3.68513178747532,0.000228584331457752,0.00379356451874515
14081,SP2_24934,111.07016663661699,-1.1210876150261202,0.261084278627989,-4.2939682960517205,1.75507547785399e-05,0.000488784754325946
14087,RAD51AP1_24940,247.007681888586,-1.32900355223733,0.316733820973719,-4.195963500682169,2.71714005102025e-05,0.000710948459317354
14089,NDUFA6_24942,386.15000362983704,-0.781204555969859,0.28780623660181,-2.71434200034617,0.00664075695793794,0.0475627725166218
14091,FLG_24944,8.68399551444008,-5.55638388672885,1.6486308663859202,-3.37030198816391,0.0007508584772946639,0.00951625128743179
14099,TMEM117_24955,9.314533220361279,-5.66028912462407,1.62904505460101,-3.47460563391869,0.0005116048849496139,0.007116407499331291
14105,TOMM40L_24962,116.364200155294,-1.17852190422891,0.28431246791839304,-4.14516434280042,3.3957008023391305e-05,0.0008540582366813419
14118,PRPF31_24982,253.094583338506,-1.08509936994487,0.35226856984510996,-3.0803184355106605,0.00206779385853047,0.0204230050958968
14136,KIF2A_25003,518.403589693761,-0.9400565000395592,0.246073723976962,-3.8202230000289203,0.000133331070364721,0.0024461178941387
14143,ANKRD1_25010,3956.87296821133,1.25570644310718,0.30354493876880395,4.1368057336102995,3.52174021091603e-05,0.0008813010476566211
14172,IL17RD_25048,99.8207681221105,0.632456540751067,0.20260709965478502,3.1215912069650398,0.0017987651975139899,0.018477489670276
14213,FAM117A_25097,67.6538199154522,0.880731398747932,0.292404329066707,3.0120326930830403,0.00259504647413035,0.0240217640094605
14215,MERTK_25099,158.942316242946,0.917759482453767,0.22541014091385397,4.07150928850408,4.67094993896958e-05,0.00110217433287177
14219,C2CD3_25104,98.51305921304701,-1.11494722272854,0.31586799429037,-3.5297885283799797,0.00041589194696381096,0.0061264990779754105
14227,PTTG1IP_25115,6346.435999553771,0.738018942552537,0.20846230983148298,3.54029917038306,0.000399673689618798,0.00593474272754321
14236,GPT2_25127,377.81139879332494,-0.9584489303700321,0.336676399434591,-2.8467957123802994,0.00441616920265499,0.0354567630149054
14240,PLSCR4_25131,35.5724847280056,1.0287442851688,0.35825908770206705,2.8715092526119306,0.00408516822771841,0.0335128402397785
14243,PBXIP1_25134,248.57223104418802,1.16406910140327,0.24398218868749696,4.7711232843076905,1.83201359617597e-06,7.45325155209146e-05
14276,TYMSOS_25173,20.131941085887497,-6.77148559903662,1.29767718295408,-5.21815879017133,1.8071051082620603e-07,1.05374141029521e-05
14297,ARSA_25202,95.9896260700248,0.9744862859027921,0.24451310241593902,3.9854154083125604,6.73621727242308e-05,0.00145461943030793
14312,EXOC4_25220,69.39319979097161,0.736675726104785,0.220452308507257,3.3416557580776503,0.000832802759873153,0.0102725717617535
14332,DIAPH1_25245,587.030415194851,-0.7771590379432208,0.235576745987309,-3.29896329404724,0.0009704259954901711,0.011552135911909
14347,PARP3_25264,263.815085997473,0.86658731383079,0.27593356638233596,3.1405650468418904,0.00168622257226584,0.017479070721139
14359,CHAF1A_25279,155.035070052604,-1.2407557866233798,0.386008101600485,-3.21432576538913,0.00130751240129125,0.0144539147733883
14362,OSBPL11_25283,79.5979524968704,-0.6459581643993461,0.206016734319424,-3.13546453657403,0.00171582172351982,0.0177292470763059
14363,TBC1D15_25284,819.83343596526,0.683846031787907,0.23114157018947,2.9585592553834,0.00309080812486295,0.0273805514296732
14385,ASNSD1_25310,184.670268573599,-0.5160859707552221,0.186316871125307,-2.76993686958241,0.0056067158603530206,0.0420357934348131
14386,PRIM2_25312,917.074101259435,-1.33186772240731,0.28133717625009996,-4.73406230971523,2.20070117396202e-06,8.73415897115567e-05
14411,NOMO2_25342,311.45953332495,-0.633108347658523,0.19031451990599396,-3.32664238110285,0.000878991014096901,0.0106513028767036
14412,HDGF_25343,2905.2106568069603,-0.4492216573503321,0.155504886506058,-2.88879447741876,0.0038672174080626,0.0321929105335705
14417,CYTH3_25348,965.61526365664,0.9785425645258928,0.270268719020892,3.6206282697860197,0.000293888506111815,0.00465132321014529
14438,SUV39H2_25371,1352.66495169707,-0.8919707799148271,0.19335850594035997,-4.613041332611191,3.968193534682991e-06,0.00014226302677656299
14445,TANGO2_25380,126.109392982787,0.813457138073649,0.137356308283693,5.922240836536959,3.1758405870424496e-09,3.43314616990076e-07
14449,NBR1_25384,1167.35720869321,1.15788566507924,0.314321334681927,3.68376415253817,0.00022981489153033502,0.0038015620868774797
14464,SMIM12_25400,19.6591498935888,-6.73571295521214,1.24566783505051,-5.407310653517049,6.39781208664334e-08,4.505605123282051e-06
14468,TCEAL1_25406,267.18038688024103,0.7903046326704649,0.223610903510761,3.53428486832456,0.000408880138201546,0.00603691289371975
14473,VEGFB_25411,1529.53200131219,1.02176519997695,0.22914083348082698,4.459114442657571,8.229897222987599e-06,0.000260506356487642
14480,GNAO1_25419,13.0080238329197,-6.146642146920309,1.3240201134223402,-4.64240843821655,3.44371259838761e-06,0.000126250005937498
14484,INCENP_25425,104.02985624314002,-1.27621409006751,0.32417186503599604,-3.9368440870888,8.25602088537076e-05,0.00167171816693929
14535,NLRC5_25496,44.341905409774505,1.72391696537853,0.31698291030200604,5.43851705991361,5.3725866266205407e-08,3.90349280266247e-06
14537,SIRPB1_25498,7.20866321062841,-5.27885567024396,1.8676174065868703,-2.82651877821766,0.0047056984930416105,0.0368783544943805
14545,STAT2_25506,854.59800865685,1.62422848985309,0.19302033485793602,8.41480505693107,3.93548832565298e-17,2.04299069961298e-14
14548,POLE_25510,63.807844892682105,-1.27792761480948,0.289440605770171,-4.41516355802617,1.00933646760354e-05,0.000304631829687412
14554,TGM2_25516,1658.12664508891,-0.561598856840688,0.16541354789641,-3.39512007319007,0.000685985084322533,0.00889157382809244
14559,AZIN2_25522,105.139042406826,0.850109532009418,0.22059032123072603,3.85379343602409,0.000116301726788172,0.00219384274746642
14585,BBC3_25556,71.2124932833931,0.974989511838603,0.268336645818471,3.63345643255218,0.00027964968475866403,0.0044695734098496795
14656,DHRS12_25640,92.18215788190392,1.3566153498399198,0.286643115336237,4.73276795170395,2.2147863954707697e-06,8.76326153671332e-05
14660,PSG4_25648,26.056403496082698,3.02619937992739,1.10224214564725,2.7454941655767997,0.0060419841794057795,0.0442510556886728
14690,INPP5K_25684,54.70732080794029,1.23442149684523,0.323005964062157,3.82166781480137,0.00013255216495505702,0.00243663172349395
14745,ZBED9_25756,49.2502867085575,1.3995113285478702,0.41983158147624894,3.33350655428727,0.000857586510544878,0.0104931285385644
14752,PNMA2_25763,222.28532864991902,0.985027763403967,0.361094347071476,2.72789582942152,0.0063739733241354605,0.0460587003344265
14757,GTF2IRD2B_25770,41.8613814204919,1.59573371575817,0.251253139616738,6.35109960493352,2.1378122322984e-10,3.22610780822891e-08
14774,MOAP1_25790,108.113662820393,0.848633177437968,0.258999646223011,3.27658045025766,0.00105072373763487,0.0122851268472084
14793,CBX5_25813,173.700255911555,-0.759250508335501,0.276032457114482,-2.7505841750363795,0.00594891053573619,0.0437264419274538
14811,EXO5_25834,6.79880516612892,-5.19652791799731,1.8604923940676101,-2.7930928041237997,0.00522067117259704,0.0399021616478
14822,ITGA3_25846,4634.26938374524,0.6536284294686989,0.168721080556526,3.87401756385572,0.000107055692001843,0.00207059429329347
14830,CCDC68_25855,102.010896528755,0.483656468386626,0.17444768832256,2.7725014474959804,0.0055627272012297,0.0418025903981234
14844,UROS_25872,386.052721535532,0.548532152736087,0.162259185627047,3.3805922950759197,0.0007232977880097981,0.009239132571644841
14846,HMBS_25874,317.840094077384,-0.765391043501355,0.21529912923121802,-3.55501225775684,0.000377961468494867,0.0056903314144685
14851,KIAA1109_25881,246.344893154627,1.0003211873308102,0.3552858414438979,2.81553912552625,0.00486954671248011,0.0378198547184721
14859,LIFR_25894,226.550323944434,0.816056395549206,0.180412986352031,4.52326859640178,6.089188659693229e-06,0.000203150360990999
14867,AGPAT4_25903,8.19143916489367,-5.468570573158099,1.85970202224172,-2.940562793262,0.00327616590460777,0.0286758734045363
14871,GCLM_25908,1224.48744716739,-0.650103621375599,0.15058170864000597,-4.31728147626345,1.57962667310814e-05,0.00044373149271855996
14885,LRP12_25924,533.620634977415,-0.6231446756780811,0.21326607350713603,-2.92191188889324,0.0034788994280449603,0.0299596262622213
14888,DNPEP_25927,565.138682898547,0.402064528869589,0.145906873867722,2.7556243116695,0.00585802393400677,0.0432220664157559
14893,TIGAR_25932,332.708326558657,-1.91527701288735,0.30524905592656204,-6.2744731742860305,3.50820107739187e-10,4.8956380196120097e-08
14904,CD83_25945,99.8375484355904,-1.60420592614609,0.326944557379682,-4.906660441155839,9.2640211772519e-07,4.2333967196611e-05
14915,TLCD5_25961,318.820864346765,0.32327152082789196,0.110455314548217,2.9267176699476405,0.0034255969774060397,0.0296382650485171
14920,RNASE4_25972,38.8491686724919,2.47182800481071,0.49217381153621204,5.02226641660483,5.10652824032437e-07,2.54894321165114e-05
14945,TOR3A_26001,442.452326507435,-1.2559659618939198,0.18975436057686101,-6.61890434599624,3.61870902024137e-11,7.009493382789929e-09
14954,MCTP1_26012,155.13174824784,0.950926150568245,0.334694482648598,2.8411766547303396,0.00449474066171581,0.0358520812078567
14959,PDP1_26021,387.390655277485,1.0172564565573001,0.23609809005781,4.30861789821433,1.64277898534353e-05,0.00046047485252242597
14970,ASF1B_26041,1768.9619447390698,-1.3256116963062199,0.23987120739732298,-5.526347704209781,3.2696582684007504e-08,2.56666837088222e-06
14978,GOLIM4_26052,1225.23289660002,-0.8237315058883942,0.21137908638597197,-3.8969394748177004,9.74159522239033e-05,0.0019242986726968302
15000,CCDC125_26083,29.194166036581002,1.45600458414355,0.468656927873315,3.10675997205598,0.00189149911282992,0.0191034050477095
15001,SEC14L1_26084,63.3228412543657,1.0523553364049398,0.375847733432913,2.7999512642871403,0.00511103224385051,0.0392723365664251
15015,PIMREG_26103,266.189605821507,-1.2255420958998602,0.221973730900315,-5.52111320077886,3.36858663433321e-08,2.6022331750224e-06
15039,RAD51D_26137,13.266914084736,-6.1705189027844,1.4920390415934899,-4.135628311839819,3.5398475353449103e-05,0.000883464256032811
15084,CST7_26199,122.10523076925699,1.1908002833811202,0.390657737075622,3.0481932657860202,0.0023022181096490897,0.0220340609343849
15090,TMEM185B_26207,773.933595041545,0.619993409166889,0.218276700325954,2.8404012349510896,0.0045056822661438106,0.0358520812078567
15091,CLPTM1L_26208,278.989801209514,-0.695761590300975,0.13463852894877,-5.16762620427701,2.37085872032722e-07,1.30931933925135e-05
15132,CACFD1_26265,73.88288798548459,1.1618679761217199,0.20816006085434102,5.581608553308049,2.38304244206633e-08,1.98250800084211e-06
15136,VANGL1_26269,129.549667710261,-1.00233613218378,0.312330996500537,-3.2092112003429003,0.00133099684064684,0.0146263141387931
15140,DCAF10_26274,133.847047229611,0.541653932024658,0.197686164608299,2.73996884454664,0.00614450085967151,0.0448752572632621
15157,ZNF517_26298,20.1716711222453,1.69499449555879,0.4900900901497521,3.45853656220812,0.000543118550488662,0.00745094349708442
15172,C5orf51_26316,151.787347717663,0.6196077136546739,0.20853027439430397,2.9713081971161497,0.00296534034975422,0.0265591353064943
15181,SPC24_26328,858.506085315977,-1.46808793242984,0.274574535827216,-5.34677379315933,8.95358003765607e-08,5.92854906779084e-06
15185,AJUBA_26334,469.73862794437,0.676662349613218,0.18557802296163198,3.64624182763881,0.000266103566706523,0.00429005228412081
15199,SLTM_26354,432.33648080695997,-0.6553203934857801,0.224740182528345,-2.9159022036619104,0.0035466165084356,0.0304216715442678
15202,OSBPL6_26357,100.49626283549101,-1.01757928374773,0.31626820506898196,-3.21745678964405,0.00129332506754475,0.0143582315881914
15227,RP1L1_26386,10.073122518689901,-5.77113241992471,1.45594014163715,-3.9638528088354503,7.37497351907617e-05,0.0015537728300417301
15247,PBX1_26409,53.2679526595325,1.0183667047529399,0.36515782195024,2.7888399030151896,0.0052897206846723895,0.0403182353950333
15265,CCNJ_26431,49.43171953839521,-1.16491935458475,0.290906135107182,-4.004450968885711,6.21616818554523e-05,0.00137554527375728
15277,TAPBP_26444,865.850300053492,0.5764267329992421,0.158187938698547,3.64393605316343,0.000268500155941414,0.0043179616156229
15282,EIF4A3_26449,371.42723575619203,-0.638735566103116,0.18444470561016602,-3.4630192500787698,0.0005341501791065411,0.007343433288606671
15284,RNF214_26451,232.634150002791,0.9883500727391792,0.201297959191719,4.90988620405168,9.11292594967932e-07,4.18537556546377e-05
15299,RMDN3_26467,163.83631778833998,-0.9836701526200551,0.36352183556569606,-2.7059451630720095,0.00681102919817644,0.0482760988170037
15300,PSMC3IP_26468,1322.04448654732,-0.7826295926532991,0.278084791019775,-2.81435597316663,0.00488750733717781,0.0379366448695536
15306,NXPH4_26474,41.2980531502034,-1.3516378069850001,0.37029803309995,-3.65013498902429,0.00026210252844942203,0.0042466499553265894
15311,RSPRY1_26480,377.518756420531,1.22144217506361,0.356922326270743,3.42215122215999,0.000621277490719329,0.00831215548460989
15314,MAGI1_26483,225.80077372584,0.685252730432649,0.20502757710259803,3.3422466388009,0.000831031831233758,0.0102715534340492
15323,BANK1_26493,5.8301125331781,-4.98512735842833,1.78841810891843,-2.7874507273040097,0.00531245323606766,0.0404606913718815
15373,MRPL18_26551,346.061619208003,-0.6545716009895429,0.231749976482568,-2.82447321429946,0.00473584065247956,0.0370028536952918
15383,ZSCAN23_26562,28.7232110297382,0.951222506350646,0.32026984786345397,2.97006575141659,0.00297736015414783,0.0266116942703378
15392,WDR62_26572,97.9080999555805,-1.84522932149275,0.34929405131885805,-5.282739040431901,1.27266614679212e-07,8.01779672479039e-06
15398,SLC1A5_26579,41.4696712625402,-2.38129442872711,0.658348216714672,-3.61707432065417,0.000297951773236046,0.00469844242169795
15419,LHX4_26613,9.581743563406462,-5.695957241622901,1.66085821657783,-3.4295264850237,0.00060463541986211,0.008123145423364859
15440,RIC1_26646,32.3817983976187,-2.42636269716985,0.658785978504333,-3.6830818753588397,0.00023043110757064598,0.00380475179904815
15443,ZNF175_26651,634.0147340335569,1.1324598624826998,0.364514104731199,3.10676554839436,0.0018914634357359102,0.0191034050477095
15445,DNAJC28_26653,40.5078963345971,0.744078521390597,0.26286734249759597,2.8306236686567496,0.00464573473713863,0.0365338564307152
15453,MYO9A_26663,181.43521083856498,0.7162255559064041,0.22668495368498,3.1595637216474803,0.0015800554440171901,0.0166444476886811
15459,IP6K1_26669,379.09583240042195,-0.49557193301147295,0.16777846560004,-2.95372788897025,0.0031396070541720197,0.0277560084121557
15471,UTRN_26683,7.63503791615895,-5.36825707205775,1.8470421146419298,-2.9064075093374,0.0036560496577502204,0.0310119035675048
15472,SIGIRR_26685,333.462746002334,0.660102659370565,0.175222041909469,3.7672352871656205,0.000165065417306344,0.00292652866912805
15484,BRWD3_26699,356.811536997641,0.887716106394316,0.219702481536238,4.04053745859897,5.33288460126094e-05,0.0012191074079895
15497,ABCB6_26787,7.080815328742791,-5.26098441099064,1.6214966499950099,-3.2445237620483702,0.00117647201148858,0.0133347194455011
15498,ABCC3_26788,89.5317216463473,1.37991406600014,0.34530394978587897,3.99623018171619,6.435915862638411e-05,0.00140143147760606
15501,ABHD14B_26791,545.112376128998,0.69016917453758,0.143744565466444,4.8013583838666705,1.57592938675708e-06,6.66202331639526e-05
15532,ANG_26827,50.6132968746079,1.5868630799998,0.265351331508443,5.98023409560055,2.22817172577429e-09,2.53659760149989e-07
15544,APOBEC3F_26841,100.99832927649099,1.0379236034089,0.313943972606864,3.3060790904517,0.000946113781126153,0.0113167416142444
15546,ARHGAP11A_26843,1093.55395944788,-0.891037415688899,0.292986168136818,-3.04122689939685,0.00235616201265109,0.0224510063143802
15552,ARL13B_26850,79.89962745051159,-1.62953561650518,0.32528580531918,-5.00955033960437,5.45573554199938e-07,2.6819899948510602e-05
15557,ARL17B_26855,44.786975762982294,-1.1134487883431399,0.28301085672385196,-3.9342970839793097,8.34405263394058e-05,0.001684123096163
15563,ASCC3_26863,80.07992689550849,-1.27070965599512,0.288975775021263,-4.39728782075806,1.0961195063493e-05,0.000329218065402904
15564,ASCC3_26864,104.765620572127,-0.671284204248479,0.17551803599504,-3.82458817091282,0.000130990862305058,0.00241477189061796
15579,BCL2L11_26886,209.09154657422297,1.0268681665689101,0.31891687354551895,3.2198615117250897,0.0012825253805099999,0.0143117922512974
15589,BID_26898,87.21413711295759,0.8436032722024749,0.28048378961298304,3.00767211312459,0.00263257005782124,0.024299782510956
15593,BRCA1_26902,39.7641354348946,-1.18697827207437,0.435502989128233,-2.7255341563794904,0.006419753372891621,0.0463379083834191
15598,BTN3A1_26907,220.616783439435,1.2171815814678,0.304746698306932,3.9940763533454002,6.49469336007042e-05,0.00140950050881261
15618,C18orf32_26930,183.73782433831798,0.7317159605213779,0.22737758257167898,3.2180655289125095,0.0012905832928813,0.014352347879188999
15640,CAMK2D_26958,66.5331965631044,1.00760035591756,0.366486204538616,2.7493541187616404,0.0059712836303981,0.0438321939792458
15645,CASP1_26966,17.1779616634412,0.9828958294105691,0.350879740285698,2.80123277739051,0.00509077832997217,0.0391398822075704
15655,CCDC7_26976,10.8214582861075,-5.8672255453361295,1.4929161484128401,-3.93004359392439,8.4930461907888e-05,0.00170623457374701
15659,CCP110_26981,441.87896165180496,-0.505061536525419,0.183179029783342,-2.7572017229417,0.0058298374290039106,0.0431281527968085
15662,CDC45_26987,250.96027784537202,-1.40555717471877,0.31623616995157106,-4.444643934734031,8.80375516561049e-06,0.00027399312839159
15663,CDCA3_26988,115.327568545809,-1.49539541889871,0.30735233957086894,-4.865410886367759,1.14219266618151e-06,5.02487336328937e-05
15671,CDK10_26996,50.0835832073734,-1.0530244010369398,0.341303504315862,-3.08530204853218,0.00203345531756929,0.0202378704842134
15672,CDK10_26997,73.5335494108511,-0.75722177557127,0.26110188658336,-2.90010074411897,0.00373042741068651,0.0314782099713196
15674,CDK2AP2_26999,56.6985688402291,-0.658567042759967,0.230853355716063,-2.85275057283538,0.004334262671339821,0.0349813811869702
15685,CHCHD3_27012,432.661133804751,-0.903628860217292,0.136917917445275,-6.599785309899,4.11753616847201e-11,7.633912056347109e-09
15723,CREM_27058,9.17685938778144,-5.63868469468938,1.62404165501371,-3.4720074311405402,0.000516582037103088,0.00716587423749409
15747,CYBRD1_27086,296.397625868158,1.26494310403036,0.292312441051661,4.32736663372738,1.50902659754697e-05,0.000426669873267203
15748,CYC1_27087,53.0328476872546,-0.9054197330534829,0.308771257992012,-2.93233165205067,0.00336427263889657,0.0292376522070867
15764,DEPDC1_27104,50.75941414587871,-2.13303831457036,0.57650854334467,-3.6999248999768994,0.000215663277836134,0.00361612147255472
15767,DHRS12_27110,56.294767185017996,1.48032441879384,0.352379748238821,4.2009350031959505,2.65814902767325e-05,0.000699745600023194
15779,DMKN_27123,38.1971472135442,1.35072399931894,0.254798302736108,5.3011499088275595,1.1507554648467901e-07,7.34445281173054e-06
15780,DMKN_27125,28.698404560697604,2.5691407371191897,0.417596892894069,6.15220271231975,7.64141193141194e-10,9.81883604414496e-08
15797,DUSP4_27145,4889.28726066,0.553420744245818,0.0964112940936298,5.74020657484759,9.456113146524342e-09,9.0904767715254e-07
15813,EIF4EBP3_27164,515.872259753147,1.3311830641112,0.34574477870073994,3.85018992655101,0.00011802626563783001,0.00221350415527132
15817,ELP2_27168,1638.26303139414,0.852266931037255,0.305042153359494,2.7939316637096203,0.00520714810578896,0.0398478876044519
15824,ERI2_27177,11.1950013735693,-5.92591393070479,1.4633954660638402,-4.04942755948533,5.13430672477926e-05,0.00118353521623775
15834,EXOSC5_27191,166.406958346066,1.1394779857686201,0.272360167161096,4.1837174563586,2.8678050628521302e-05,0.000747356909752911
15848,FANCC_27209,233.732008016538,-0.99652882156287,0.148826744782608,-6.69589879842167,2.14350032121495e-11,4.4156106617027904e-09
15867,FN1_27231,148.18867173013902,1.10234539226445,0.353307423141385,3.12007424713327,0.0018080546027655,0.0184929950547821
15876,FOXP2_27240,334.235350137415,0.9349134620121949,0.26591260701436703,3.51586738406006,0.00043831986480531097,0.00636299239982475
15880,FRMD5_27244,121.53082782964898,1.18281170655247,0.23797468186220602,4.97032582330482,6.684048301498701e-07,3.20257864890079e-05
15927,H2AZ2_27300,165.51195915434,-1.06502339917691,0.38420079832260495,-2.7720488968964303,0.00557046682802145,0.0418365269062861
15931,HDAC9_27304,198.509828417114,0.681027659816618,0.175006482518839,3.89144247695687,9.965001585125699e-05,0.00196245509213598
15945,HNMT_27321,58.189142207256495,1.1026447644023603,0.216279922647707,5.098229881459821,3.4284431565764104e-07,1.82353833139543e-05
15958,HUS1B_27338,25.5723567020467,-1.57637427090556,0.556330531478908,-2.8335210485662903,0.00460382759333209,0.0363559030707862
15962,IDS_27342,245.796654530241,1.3274452400393701,0.288744672041974,4.597297780948849,4.28005698324714e-06,0.000152600493210388
15971,IP6K2_27355,98.4915466993164,0.9865221546742791,0.31313848458676197,3.15043408342529,0.00163028040098057,0.0170215438808735
15978,ITGA10_27364,18.183683063199002,1.71611129552011,0.49803783237471705,3.44574484901568,0.000569487790651051,0.00773097546764575
16004,KIAA1217_27395,697.0829106950309,0.955014204570377,0.173590205605794,5.50154429069069,3.7647900893499397e-08,2.87408504585785e-06
16041,LEPR_27437,38.81872663765321,1.4972364807755199,0.321189685691862,4.66153350332649,3.1386196189925097e-06,0.000118066682363144
16044,LMNB1_27441,1440.58459690867,-1.5990480599135601,0.22492142236115303,-7.109363097242,1.16579674696398e-12,3.08769595553031e-10
16105,MOSPD3_27523,107.720283949822,0.8491367225369829,0.27797101203885904,3.05476717269453,0.0022523530054725897,0.0217331132379355
16109,MROH1_27528,58.24966749440561,1.34409476161299,0.487246666211823,2.75855096570054,0.00580582511030407,0.0430454470001568
16119,MYO10_27545,672.991876974077,1.1334562792430902,0.324457893373464,3.4933848193930097,0.000476938679188469,0.00680187931704171
16143,NFAT5_27581,50.7338792786161,1.23594365527671,0.344509674200521,3.58754411801315,0.000333807264840926,0.00514579734428625
16146,NICN1_27584,68.0869451878797,1.57957720459662,0.46161145874374704,3.42187607061437,0.00062190653225121,0.00831215548460989
16160,NRG1_27601,433.82078066195396,-1.02912485587816,0.19379826248533102,-5.310289383817639,1.09451304622401e-07,7.03197540291841e-06
16165,NRP2_27608,6.0906096901756905,-5.04701960371054,1.80504719645331,-2.7960596341343904,0.00517298543515178,0.0396778989228131
16171,NUP98_27615,141.773207467393,-1.00691144870084,0.32326562278844606,-3.1148114049844198,0.00184062553737777,0.0186476488868764
16200,PCDHGB2_27651,342.00194223869096,1.33198704106429,0.35936324410017295,3.7065199708988397,0.000210126673903646,0.00355081246604365
16219,PEX11B_27675,215.709854692806,1.18588474150227,0.30939394181401897,3.83292812570687,0.000126626959353694,0.0023443148052671
16233,PNN_27692,548.646916972948,-1.17295717675541,0.373522399510791,-3.1402592676949306,0.0016879837407893,0.0174833623208009
16235,POC1B_27694,731.082724233635,0.493123933093087,0.15130739855285,3.259086718888,0.0011177149718772,0.0128029169505933
16237,POLE2_27697,219.54392477142602,-0.992540997475052,0.233258171600326,-4.25511779786954,2.0893898489700302e-05,0.000567282457320774
16238,POLR1D_27698,161.475244282573,1.2477147945388603,0.29907042410587703,4.1719765445517405,3.01968727762473e-05,0.000771446879704996
16264,PRR5L_27731,99.55702032056809,0.917414382955622,0.33217491272655697,2.76184127038765,0.0057476413794272105,0.0427466417319234
16281,RBM14_27759,252.767817824011,-0.5362653857797679,0.18750979845240698,-2.8599326019535,0.00423731051433274,0.034434449502198
16290,RDM1_27773,37.850635292328,-0.9737062172496851,0.36128468069289504,-2.69512179531734,0.00703629061570424,0.0494403271392626
16291,RDM1_27774,6.4689492437194405,-5.13537645859821,1.80773967673076,-2.84077211154948,0.00450044598389443,0.0358520812078567
16293,REEP1_27776,68.9031031442697,-1.7794210100069698,0.34118219510249503,-5.21545683083611,1.83364761820123e-07,1.06236958879534e-05
16294,RERE_27778,231.958547050512,0.681637939665824,0.18169971706408802,3.75145295039398,0.000175812748948067,0.0030833754808756897
16299,RGS3_27783,143.06870044073202,-1.3159535125655601,0.274228028589251,-4.798756419376231,1.59653815496351e-06,6.70546025084675e-05
16310,RNF135_27795,163.219164567453,0.840618843061748,0.273523980017636,3.07329120835236,0.0021171177998964897,0.0208151172780733
16326,RUSC1_27816,106.57733749253599,-0.9063098359779429,0.320857089593372,-2.8246526736452204,0.0047331892746495,0.0370028536952918
16327,RWDD3_27817,79.1844068096693,0.5330573477329461,0.191815012952568,2.77901786480478,0.00545235263959271,0.0412357998581785
16333,SCAMP5_27823,77.8407057290588,1.00830101893295,0.265325841719272,3.8002367669855,0.000144557903237115,0.0026092802061352897
16336,SCP2_27826,319.240966596183,0.9384152011092379,0.23163668025248396,4.0512374814142795,5.0947465405747e-05,0.00117657312526869
16341,SEPHS1_27836,416.969147566734,-0.9972726621070659,0.14726766479728398,-6.7718372765659405,1.27157114881236e-11,2.7053197326699696e-09
16346,SERPINE2_27842,195.225350974362,0.72445682284713,0.16884275558924,4.29071902030303,1.78095538449807e-05,0.000494930170878286
16352,SHB_27848,778.338538441211,-0.555077625036384,0.189813605621906,-2.92433001953535,0.00345198553864948,0.029787146489756
16360,SLC12A4_27859,119.427031538577,-0.72649052834944,0.252756203129472,-2.8742737838062102,0.00404957752411308,0.0332835485283623
16364,SLC22A3_27866,306.857127106297,1.4926763954356501,0.368139458451457,4.0546492943583194,5.0209574905577205e-05,0.0011677775324813301
16380,SMOX_27884,63.09677321918279,1.08858227177641,0.383097039989848,2.84153140887034,0.00448974291425244,0.0358379919985422
16391,SOX13_27895,310.320448846989,0.663272845305509,0.228140847702168,2.9072954360693597,0.00364568703485046,0.0309869936210566
16447,TK2_27960,119.605612443424,2.2804101635609304,0.478336840627377,4.76737305152994,1.8664352492786998e-06,7.54598026951368e-05
16448,TKT_27961,565.585432587868,0.783750394868616,0.203437156635827,3.85254300556121,0.000116897437580131,0.0022018794556094897
16449,TMED7_27963,143.988245678384,0.952205174208087,0.288392444260625,3.3017687985874,0.000960772283097752,0.0114498647291484
16506,TXNIP_28030,242.639972247714,1.1126365092268502,0.286989622662516,3.8769224437611496,0.000105786060085184,0.00204909177281421
16522,VGLL4_28054,305.410643760067,0.7629769305839258,0.170427247997589,4.47684827132057,7.57530465487686e-06,0.000244274279607977
16587,ZNF616_28128,116.84643023260901,2.00045232549694,0.4498769034222221,4.446665988583691,8.72132824128773e-06,0.00027273589859140297
16622,GTF2H2_28175,18.253115146992897,-2.36992964889048,0.697217844059222,-3.39912362984384,0.000676021512159087,0.00880864175180786
16640,BPHL_28205,281.92297256645804,1.0283663355924202,0.173521053698056,5.9264643319990595,3.09526577059094e-09,3.37566043451506e-07
16652,TBP_28217,388.64528734867304,-0.632505166836059,0.21925529287136603,-2.88478858846587,0.00391676589226856,0.0324460196769029
16655,BAX_28222,2235.99430620781,-0.5238724053246899,0.14017996847379302,-3.7371416974075697,0.00018612404456516798,0.00321640193124733
16664,CXCL2_28232,91.90351159520179,0.594231813085279,0.19796324855928,3.00172793389647,0.00268451981740479,0.0246565450745077
16671,RGS2_28241,9.32086037958085,-5.6611971807424295,1.8566302017066898,-3.04917865471456,0.00229467976695993,0.0219943530395908
16672,CBLB_28242,30.3701868727533,1.09777572699295,0.29955701301272397,3.66466375115817,0.000247663743556759,0.0040480857227703
16705,GNPDA1_28283,258.285922446475,1.4696040503706003,0.234598761370969,6.26432996398787,3.74431875365769e-10,5.169549870741441e-08
16708,PPARG_28287,1941.31955032151,1.07638860014188,0.31905635883708505,3.37366289788163,0.0007417514377047991,0.00941001970531074
16718,CD55_28297,404.41033202879305,1.8831353865377598,0.585557377685473,3.21597072857525,0.00130004091566235,0.0143958455660972
16732,DTL_28312,292.24293804807303,-0.8388421016420708,0.164730899513719,-5.0921964495933,3.5393909252441397e-07,1.8748659358293202e-05
16737,DERA_28317,519.356671088667,-0.622849635029706,0.201726776537963,-3.0875902828521697,0.00201786466874063,0.0201311497727206
16754,NUF2_28336,124.07185184705901,-1.61653860629045,0.39295365857655296,-4.113814876151681,3.8917357481418104e-05,0.00095838608234126
16761,GSR_28346,586.718712162205,0.929731318374959,0.24985462523299898,3.72108908333376,0.000198365441562727,0.00337846023700928
16763,TUBG1_28348,331.709771828602,-1.05419279602511,0.189125410906088,-5.57404100789278,2.4889710507280498e-08,2.03156391800935e-06
16769,MKI67_28355,1591.48887318475,-1.37301269539632,0.291964614709969,-4.70266815298916,2.56783585458088e-06,9.918265988318671e-05
16782,NEIL3_28372,44.484601247921894,-2.26426050085596,0.500284302778369,-4.5259475228009505,6.01254996526324e-06,0.000201630163951386
16783,PARP2_28373,719.496385118503,-0.6046696238304909,0.198187777576894,-3.0509935134415,0.0022808550215232697,0.0219210449066877
16789,STXBP2_28380,71.9111819821782,1.13135804972723,0.377946969221882,2.99343067112424,0.0027586017493524896,0.0252296491163611
16794,SERTAD1_28385,253.794280734143,-0.78480572812161,0.29071121228000896,-2.69960598343106,0.00694216401754838,0.0490181744394684
16839,CENPM_28447,67.3769396248874,-2.2512222396973702,0.4556570618545949,-4.94060649589091,7.78799416681538e-07,3.64882990241625e-05
16841,TBC1D30_28455,8.309349404059041,-5.4937733814011205,1.6401984111841499,-3.3494565925319,0.0008097024179684,0.0100461930978909
16844,FBXO32_28461,171.202119285864,2.03527722867848,0.419190966386242,4.85525068973738,1.20234538365127e-06,5.2716345908872294e-05
16850,PLPP3_28473,309.03938377005403,0.9402023917748872,0.25954677188246,3.62247769431196,0.000291794629521622,0.00462382259088109
16975,KLHL23_28717,72.29798994829929,-0.9936991231431909,0.24602484306914396,-4.0390194370082995,5.36751176771342e-05,0.00122209767932254
16981,ATAD3A_28727,48.582992328538296,-1.93427442226686,0.541971007611421,-3.5689629059525,0.00035839716005955696,0.00547209216853286
17004,NIN_28767,162.397712969559,-0.579163728070395,0.179141758144041,-3.2329912024460095,0.00122501335136893,0.0137766232877521
17068,PDK4_28868,23.9433720893573,2.0496259671524,0.340980118317128,6.01098379948988,1.8440083493335396e-09,2.1755945779682397e-07
17080,GOT2_28889,513.90500140563,-0.83089623521699,0.11108614300535301,-7.47974691296059,7.446587826750841e-14,2.61194099501547e-11
17117,MAPK3_28956,428.816545877091,1.03304689600504,0.157660579079421,6.55234746717913,5.6639561416146207e-11,9.80090970744993e-09
17158,LAMC2_29024,78.7688996420155,0.7107160638536321,0.225337893496673,3.15400154330512,0.00161048234167505,0.0168766765686316
17175,FGF7P6_32284,17.779268704243698,-1.99743750646918,0.6583267527673001,-3.03411261667992,0.00241244357043766,0.0227982836495479
17186,STBD1_33467,44.047215552699605,1.03410798508875,0.31457788227330497,3.2872876427794098,0.00101157450695865,0.0119564790084785
17194,MSH4_33476,31.536007378007803,2.90824759857249,0.9590529967329999,3.0324159441442697,0.00242604653584422,0.0228834447554976
17197,THOC3_33479,727.2803071955631,-0.8536870509740129,0.30768927182212297,-2.77451029058802,0.0055284884996614206,0.0416417433247858
17259,H2AC7_33549,451.36252960379403,-1.37438131672961,0.260983019255105,-5.26617141855571,1.3929822327441599e-07,8.527416705921539e-06
17262,FAM111B_33552,622.112926487619,-1.39040634824608,0.43379295313035793,-3.20523037133858,0.00134954420255139,0.014731285589676001
17275,ARPIN_33565,85.75345508020709,-1.31055551029864,0.324282813965819,-4.04139674955693,5.3133774853298604e-05,0.0012183217845337599
17279,H2AC17_33569,128.460254111143,-2.31711437854795,0.67832570124209,-3.41593186621863,0.0006356414891832099,0.00840056542425631
17290,H2AC18_33584,2288.97653484095,-1.37464456962647,0.206700369160269,-6.65042145406432,2.9225493471118496e-11,5.835206988741159e-09
17309,APEX2_33605,544.660666753816,-0.542712786741948,0.17602734691830102,-3.0831163239302497,0.00204845066329103,0.0203403157675524
17351,H3C15_33652,155.346880671302,-1.74826766919429,0.536256431923229,-3.26013370678709,0.00111359703462824,0.0127670161796866
17371,SRGAP2_33672,506.597460792622,-0.5235866624408679,0.14737596505158598,-3.55272762595717,0.00038125900457489103,0.00571939018041233
17388,NDUFAF8_33692,56.344308973714504,-1.7598971830983898,0.5212145938746781,-3.3765309025893098,0.000734061255254402,0.00934901567290641
17393,GNB1_33698,1452.93717753448,1.1153387317508001,0.332751779645182,3.35186406197466,0.000802694222440796,0.009987886499364
17418,CRYZL1_33731,190.41831964695098,0.708856651316742,0.124883299052334,5.676152509549639,1.37757971356419e-08,1.25903024807297e-06
17431,CLSPN_33745,305.84847151023,-2.10643341821634,0.201925384482877,-10.431741524775699,1.77602880492648e-25,4.60986036606717e-22
17452,MSH5_33768,257.318502451898,0.6635955605647199,0.22128782738195002,2.99878926200189,0.00271054718855825,0.0248604108926565
17461,PLEKHG5_33778,68.0794782807619,1.17444899108361,0.257199817441215,4.56629014269045,4.964315362619901e-06,0.000172726232643649
17471,KLHL23_33788,80.25178915193159,-1.00382041619057,0.229394455565517,-4.37595762162554,1.2090050400223e-05,0.000354987950439127
17484,PPIP5K2_33805,153.698540614392,1.0624564008064499,0.25622069926671504,4.14664546559712,3.3738186290281e-05,0.00085020229451508
17491,TCF7_33813,13.7683399953083,-6.21180890654593,1.2274126127928602,-5.060897078783911,4.17288436842964e-07,2.14054123847746e-05
17498,HSF4_33821,73.76647756308591,0.948570671339734,0.298782139087735,3.17479041496919,0.00149944760491497,0.0160031505070613
17518,GPRASP1_33843,25.6017692935948,1.6148022514400602,0.59260979424621,2.72489970148749,0.006432102326021921,0.0463754577706181
17522,RASA3_33850,588.158185875718,0.44536878068351293,0.158526374451266,2.8094301798368995,0.004962928274204421,0.0383893599196406
17525,RNASEK_33854,225.075902633382,0.9298658934109358,0.12838365501927199,7.24286820835058,4.39293748614992e-13,1.2669231710056398e-10
17541,MTHFS_33871,383.375271980768,0.572706433809554,0.160561606803094,3.56689525729459,0.00036123578312271203,0.00549603516221167
17549,TEDC2_33881,33.4682399506559,-2.03178786123488,0.438114025184858,-4.63757776386545,3.52515998530908e-06,0.000128509905307138
17555,PCDHGA9_33887,47.6270863844981,1.76665009648473,0.6560600039365179,2.69281786099504,0.00708509630203705,0.0496224391839378
17558,LRRC37A3_33891,89.04175743588492,1.91946445677748,0.539176068950624,3.5599956439336298,0.000370860945644409,0.00561265411140652
17563,ABCA5_33898,98.72888201416531,1.4778982492963502,0.43409106854167895,3.40458110382533,0.000662656191710901,0.00868682025861018
17602,H2BC17_33950,3869.2997168688003,-1.27527675995498,0.270574896143535,-4.71321167680858,2.43842659592486e-06,9.47482046763859e-05
17605,PCDHGB5_33954,147.644669974097,1.9146625392084098,0.6608285196599061,2.8973666877963797,0.00376309632499018,0.0316913039094969
17628,LIMS3_33995,161.925746626553,0.8838503320671329,0.21736672426133896,4.06617128298112,4.77918160989471e-05,0.00111957073886667
17642,RAB5IF_34010,189.316522010927,-1.2774649566896399,0.421948114435829,-3.02754038466954,0.00246552767438513,0.0231531245717585
17644,TEDC2_34012,16.9810724716889,-6.517186559608151,1.23980176365963,-5.2566359805545195,1.46714306264681e-07,8.93924068874662e-06
17710,CRKL_87359,412.840003001353,-0.503424210832056,0.184034671809191,-2.73548568801215,0.0062288294919954,0.0453380533634977
17731,CEP85_87386,233.072027956687,-0.884909472954324,0.24882369060694198,-3.55637146445265,0.000376012317803783,0.00566769786348141
17742,PTPN3_87397,107.962712701771,-1.0038074178565501,0.284884056485034,-3.52356474504668,0.00042578305633987797,0.00620180977012226
17809,CDCA2_87479,391.016413596269,-1.40155693228943,0.157085259030082,-8.92226897000582,4.5683113792647e-19,4.2348246485783803e-16
17820,PNP_87491,318.470247787833,-0.6222771030150239,0.230835592526793,-2.6957589001046096,0.00702284781683582,0.0494403271392626
17835,RELT_87508,223.82750049170102,-1.55484402475072,0.274226690619248,-5.6699222867023895,1.428623063278e-08,1.29655035770783e-06
17855,PPOX_87531,136.197703064228,0.851058268864879,0.16971738171693002,5.0145616215335505,5.31545157308437e-07,2.63297444715607e-05
17859,TREX2_87535,11.9494961807042,-6.0155611169773495,1.3395606323398899,-4.49069715229658,7.09904298264339e-06,0.000231485878966698
17866,SDF2L1_87542,35.018962526454395,-2.06243198453207,0.708849324157291,-2.90954920071903,0.00361950411433293,0.0308835794844266
17892,WRAP53_87571,405.658011865298,-0.644100033055835,0.19047701451875698,-3.38151054437283,0.000720884660612561,0.00922647053789922
17924,METAP1D_87606,284.828652530917,0.833239538306185,0.26742550752140803,3.1157818340850802,0.0018345794531913,0.0186181730973319
17944,RDH10_87628,65.6315421845401,0.889036508289896,0.270612104196164,3.2852799061990297,0.0010188110459859,0.0120031291384054
17947,LYPLAL1_87632,551.876499728229,1.24299903616267,0.24019808562820003,5.17489151885538,2.2804343871595603e-07,1.28118950114964e-05
17958,CDR2L_87648,78.6995217417845,-1.19272506298237,0.314779577373513,-3.78908019679784,0.00015120609896655801,0.0027217097813980397
18037,PTDSS1_87738,643.6880913651789,-0.7156705252783381,0.16305367799647597,-4.38917130893426,1.13783413288416e-05,0.000337141812250472
18054,ZNF101_87755,13.5949765902386,-6.2110375847107395,1.36983007111509,-4.534166474864111,5.78314045556215e-06,0.000195452075084077
18069,EIF2AK2_87770,83.330266016216,-1.64567214492263,0.5275227283536,-3.11962320573139,0.00181082513603833,0.0184929950547821
18083,FOXO6_87786,73.8733385111137,0.8520561295673349,0.31157213566451003,2.73469939072087,0.00624372676488956,0.0454210123064668
18133,FAT4_87855,217.03628857396998,1.39471241158067,0.274265591377703,5.085262079631231,3.6711877608953e-07,1.9211562403588397e-05
18164,LRIG2_87894,100.57237815364,0.787775690589178,0.22008259965379504,3.57945467669141,0.00034431195583445095,0.0052756559183229105
18240,HPRT1_87980,663.717043459582,-1.21554004454992,0.25382230891428104,-4.788940931746151,1.67663819778504e-06,6.99297558306192e-05
18293,CHKB_88047,1334.43897084088,0.8620978199334091,0.316111337936194,2.7271967704854,0.00638749358578038,0.0461307132756025
18295,NAIF1_88049,159.79296722035602,0.6830058798819271,0.236938088967267,2.8826343744854106,0.0039436489241229606,0.0326199335482905
18321,BCLAF1_88078,426.023221914785,-0.686610066514408,0.212944494069506,-3.22436167938813,0.0012625383231835,0.0141373790839305
18323,POLR2M_88080,674.537646956202,0.5788742125642579,0.179960156870302,3.21667986198442,0.00129683217573295,0.0143848615185147
18332,TMEM19_88089,149.72755522331101,-1.40492879456242,0.26636030612482997,-5.27454264864824,1.3308756684100802e-07,8.30389635799328e-06
18340,KIF21B_88098,5.91748653909701,-5.00243359827111,1.80965658713794,-2.76429994167164,0.00570450757194179,0.0424989088798281
18400,ZNF44_88170,37.1452217598181,1.03765964307146,0.340228275781862,3.0498924308594604,0.00228923342218147,0.0219583675928094
18486,TRAPPC6A_88267,27.0855882084344,1.28323570071748,0.403401258020698,3.18104040382451,0.00146747161704774,0.0156876825749964
18494,PRKAA2_88278,58.861236371681,-0.869308314419972,0.309242521609419,-2.8110892056362404,0.00493740947231972,0.0382553433622479
18518,ZNF792_88309,724.728954701209,1.39443224974958,0.391987470314706,3.5573388318511,0.000374630806304889,0.00565344023747075
18520,CDKN2AIP_88311,353.74244971022796,-0.48840836048146896,0.16474386367379598,-2.96465282281197,0.00303024692154303,0.0270099893872153
18563,NINL_88359,42.712134999482004,1.74374710076812,0.537629810280483,3.2433973478115,0.00118113363478544,0.0133758746180152
18617,PLAG1_88418,43.7258377367066,1.03554279223921,0.358080268226463,2.89192922404844,0.00382884189888425,0.0320172101570359
18655,CEP68_88462,166.975766074578,0.568102331041525,0.183427040974828,3.09715692965622,0.0019538640931786,0.0196263530969597
18660,ZDHHC24_88467,8.37601861537269,-5.5065147807832595,1.62820451745875,-3.3819552284363104,0.00071971873634386,0.00922647053789922
18665,HBP1_88473,325.115418236565,1.39838980882552,0.244805798209728,5.71224137276153,1.11497789381269e-08,1.04102036733101e-06
18690,PSORS1C1_88499,66.7657057991556,1.18495281180996,0.189954521643463,6.238086893420019,4.4295460025604096e-10,5.98819250221135e-08
18745,KCP_88561,7.74874896570785,5.92248032169264,2.05582990815343,2.8808221430207097,0.00396639391606129,0.0327871721290723
18761,JPT2_88578,213.023894611804,-0.823392454193934,0.22624297459932302,-3.63941667427316,0.000273256339452304,0.00437817379433581
18787,FBXO45_88608,70.6673685972085,-1.4202261374865999,0.4355271315558089,-3.2609360808664305,0.00111045069441286,0.0127534770903452
18816,BOD1_88638,114.699815639001,0.4941250204510821,0.158336227778393,3.12073255365575,0.00180401793001105,0.0184929950547821
18841,MMP15_88664,71.5733757210905,0.879771643521889,0.234866502750349,3.7458370317586,0.00017979328550083202,0.00313623287530886
18851,CHCHD4_88676,227.365201671563,-0.819679764284733,0.25061484158909003,-3.2706752684211997,0.0010729103399262198,0.0124545889012187
18908,MICALL1_88739,218.246588064814,-0.9627577420095341,0.24396976462217998,-3.94621744829935,7.939551445594649e-05,0.00163234144516577
18911,TP73_88743,17.3446195565874,-6.552871369126151,1.20863086947255,-5.421730930954849,5.9024681255927804e-08,4.20891380955731e-06
18950,FUT4_88787,6.937956133921761,-5.23133926541797,1.6255687530936997,-3.2181593398999304,0.00129016124359669,0.014352347879188999
18956,UFC1_88793,128.226941949625,0.5305275272948621,0.187433052499729,2.8304907817452802,0.00464766504600946,0.0365338564307152
18977,SENP3-EIF4A1_88815,8.13630267791535,-5.46110355116049,1.83835040595627,-2.97065430696262,0.00297166075522702,0.0265790580850009
18979,CENPE_88817,241.942033535687,-1.19608245947998,0.28199663768850897,-4.24147773279892,2.2205292303831698e-05,0.000596646549729042
18985,LIN9_88825,200.67873312318198,-0.933190694097513,0.171601031654695,-5.43814151406345,5.3839205707858e-08,3.90349280266247e-06
19039,FAM53B_88890,9.7136569640535,-5.720490698020639,1.4353072578223798,-3.9855512935256,6.732363122067529e-05,0.00145461943030793
19073,XXYLT1_88934,60.743881023938506,-0.878586867626549,0.25266916136567397,-3.47722239974913,0.000506637382933416,0.0070548711971136
19086,KRI1_88948,528.320490539206,-0.7862622868718291,0.282356805936297,-2.78464081736786,0.0053587046973983,0.0406802392791262
19117,MAPRE3_88984,103.811775633141,0.874829572993473,0.21434916349869895,4.08132954061555,4.47788124783418e-05,0.00106435792736982
19147,GDPD2_89019,11.9480018840026,-6.00997986653381,1.35714018745087,-4.42841492876458,9.492814687777631e-06,0.000290560728815986
19148,SLC9A1_89020,15.0661980520716,-6.3406684754949705,1.36192302377851,-4.65567316565621,3.22923858607969e-06,0.00012068767228286399
19163,PCDHGA6_89038,117.307281708864,1.4004759948718999,0.511593814920799,2.7374764002741303,0.00619125620895043,0.0451151729813356
19166,MRPS26_89041,671.466350730507,-0.615244708091463,0.174406556956384,-3.52764665978312,0.00041927142344442403,0.006162292789877379
19168,PHF7_89044,9.1666589253108,-5.63376060631784,1.6454803384818601,-3.4237787438503395,0.00061756880005342,0.00827121556975572
19224,THEMIS2_89104,64.6581694842714,1.3198775584576599,0.41091445725498793,3.2120494549517,0.00131791686101115,0.0145194609696118
19239,RAVER1_89120,274.948615627393,-1.1571828283536298,0.39886319813970605,-2.9012023013171397,0.00371733805330379,0.0314290640102779
19260,GLG1_89143,487.57786379752196,0.779111850729137,0.20916304983891099,3.7249019429061496,0.000195391157458418,0.00334380600966032
19300,KBTBD6_89188,124.55289916698798,-0.713739586108414,0.18976773448979,-3.7611219211072795,0.000169152950604668,0.00298314486966853
19353,DAGLB_89253,172.47745070332803,0.7543219817642159,0.23827557065378502,3.1657545911840295,0.0015468123387871301,0.0163606605809123
19358,HNRNPUL1_89260,638.3264328991211,-0.8569766996969851,0.183293900117459,-4.67542400018667,2.93346901262754e-06,0.000111972237782001
19370,DESI2_89273,140.22295327964,-1.2824632220563401,0.225293851865699,-5.69240221797454,1.2526433839213202e-08,1.15296495294546e-06
19379,WARS2_89285,319.436773717062,0.498395980540202,0.18015511601595,2.76648252662488,0.00566646214698122,0.042336986611124
19404,TLCD2_89313,119.50082579207199,1.19498091937674,0.341608553612414,3.49810011119497,0.00046858520576490196,0.00669976564711215
19423,SMARCD1_89334,535.943516584424,-0.52273173914185,0.108440707994493,-4.820438272760049,1.4324317512933998e-06,6.135346293163609e-05
19490,MVP_89413,520.1184585923789,0.727868910055058,0.132248820920952,5.503783738761059,3.7172549450017795e-08,2.8545878506646802e-06
19544,PARD3_89470,327.353522300044,-0.6745983918282211,0.21443200739784699,-3.14597806556277,0.0016553241953332302,0.0172552589614736
19571,PPP5D1_89502,358.477040344084,-0.5896362195176751,0.20311083908185298,-2.90302685067463,0.00369574949472559,0.0312873039416495
19572,PTAR1_89503,229.90586282094299,-0.424035845195087,0.13816433626208302,-3.0690687384821005,0.00214727178860924,0.0209686524787739
19583,KLF9_89514,36.9682620252642,0.9795690154256059,0.335714769632513,2.91786094635599,0.00352441480871167,0.0302712477746261
19595,CCDC124_89531,4992.385444378329,-0.49816306092162604,0.164137947155336,-3.0350267537474305,0.00240514350822339,0.0227672884388936
19601,RAD54L2_89539,107.97072999354401,-0.968633402121353,0.35326818292937895,-2.74192086615111,0.00610810550432584,0.0447100920671972
19610,GALNT6_89550,7.01191245559196,-5.24447804569807,1.8477156485687802,-2.83835775800264,0.0045346325478890295,0.0359941658755375
19618,CLYBL_89561,68.9389763044276,1.20763327138577,0.376394926286275,3.20842069605177,0.001334661114112,0.0146417852400215
19629,NLRP3_89574,71.62128056573421,-0.9718329744704629,0.27994162633986897,-3.4715557924586298,0.0005174517931131509,0.00716587423749409
19636,TRAPPC13_89583,234.96577785465303,-0.532616419949177,0.19657602765207702,-2.7094678141114104,0.00673912434019525,0.0479950099602832
19637,NHSL1_89584,26.143348820197396,-2.7309194827993704,0.9428448814923741,-2.89646742153041,0.0037738982445614704,0.0317212768250769
19681,LSM4_89631,1545.09481330724,-0.784726561620947,0.271555297019637,-2.88974868188338,0.0038554992247155397,0.032139950853713
19683,TPP2_89633,942.563052164119,0.40554896841002597,0.141742502992338,2.8611669742557595,0.00422084687255696,0.03432214956895
19726,KPNA6_89688,419.960117513815,-0.719020157384083,0.25232611745506,-2.8495669201272595,0.00437787949877395,0.0352457320937272
19744,SUMF1_89708,204.585602494243,1.16878095125055,0.274048198860257,4.26487368321125,2.0001532742091e-05,0.00054648398300391
19803,DYRK1B_89773,163.441098164603,1.50071227549968,0.37992879467245,3.9499829877161603,7.81567481109422e-05,0.0016151564920124301
19811,AOX1_89782,408.040562042983,-0.7502930118602851,0.17920891147828602,-4.18669476685704,2.83046056864794e-05,0.00073910899919342
19887,ATP2B4_89868,122.95283175211,0.802793201087792,0.23237923544735503,3.45466839815669,0.0005509700174471191,0.00754270979581088
19889,CABLES2_89871,146.599321663199,-1.1894541050466398,0.203787255226633,-5.8367443230139004,5.32306838153259e-09,5.43958909098661e-07
19909,STRN4_89893,1031.50818049235,-0.7168511398166959,0.213675760498362,-3.3548547488248803,0.0007940666672735321,0.00991857286609807
19918,TSPAN31_89904,85.8434772480094,0.9639985988208921,0.31697370111455797,3.0412573517337,0.00235592370801741,0.0224510063143802
19924,GON4L_89911,321.778175606505,-0.5859083363555799,0.150760431009484,-3.8863535506788303,0.000101761269983267,0.0019932741461195303
19964,ARL4C_89956,2004.6386414270498,0.516017338302752,0.105924042487687,4.871578974742549,1.1070989280845801e-06,4.9037303374340296e-05
20015,SART3_90022,847.820990822908,-0.9384790012923381,0.17946119893535603,-5.22942567451801,1.7003744413901e-07,1.0030663409254901e-05
20020,TMEM19_90027,106.42203582702801,-0.86880715613648,0.217503629890781,-3.9944489964271,6.48448779835537e-05,0.00140950050881261
20038,IFT88_90048,92.46620949652241,0.825770765091437,0.24671325743740696,3.34708711509329,0.000816655420271149,0.0101043000033784
20040,CLIP4_90050,1535.48955318889,0.547183366825407,0.19843397473882002,2.75750847376622,0.00582437036965582,0.0431281527968085
20044,RTN2_90057,98.90095490894021,1.07356116675604,0.297535357234041,3.6081801394500297,0.000308352369747917,0.00482725820818874
20057,PRPF8_90071,1003.92957371369,-0.7172726577115859,0.24524366684874,-2.92473468093258,0.0034475001971899103,0.0297682352356158
20067,ATPSCKMT_90082,52.6025781866422,-1.1904078426177902,0.301115812997722,-3.9533222475659104,7.70735252887648e-05,0.00160041633791614
20070,RFC1_90086,486.269283385041,-0.899847618073578,0.290009358835615,-3.1028226871245,0.0019168444883685101,0.0193292989666251
20072,SEC24D_90088,436.58628476301806,-0.654266005324255,0.159739498637099,-4.09583109316398,4.2065655629791497e-05,0.00101976361506217
20085,CABIN1_90104,41.574209156227106,-1.6773185762434302,0.456041714589465,-3.67799375053525,0.000235075718105095,0.00387544707638535
20089,ANGPT1_90108,36.141482465079704,0.87737223347505,0.28107839038816496,3.12145032659185,0.00179962605511087,0.018477489670276
20110,RPS6KB1_90135,55.5421729470061,-1.14507126926798,0.42483763679094894,-2.69531503356761,0.0070322108833317295,0.0494403271392626
20141,GSDMB_90181,27.3716566307297,2.4123611682262998,0.838933738788708,2.8755085851111204,0.00403377175832006,0.03319612547842601
20161,ALDH16A1_90208,200.58984224718202,-1.01765301424099,0.234239345598837,-4.34450075686193,1.3959276230662e-05,0.000399919397177772
20164,TRRAP_90211,10.8510709410464,-5.87205724800483,1.4880468443396397,-3.9461508018658704,7.941760569017391e-05,0.00163234144516577
20180,STRN4_90231,9.6778394790886,-5.70703799877032,1.88994834077279,-3.01967936141406,0.0025304241515907,0.0235749064173324
20189,SLFN13_90241,8.45513157026781,-5.51436585235435,1.64130699716652,-3.3597406590443506,0.000780156697899522,0.0097919474132882
20190,SLC47A1_90244,53.117186098160495,0.9306976939848229,0.274528120902903,3.39017252922516,0.00069848649469766,0.0090198584360062
20192,G2E3_90246,233.024649111261,-0.9840485407494891,0.18380192004006699,-5.35385343382144,8.61006106100104e-08,5.73032679229085e-06
20206,WRAP53_90266,7.380329469009861,-5.31676721797624,1.85193468366869,-2.87092588354343,0.00409271472579785,0.033544317676291
20211,FCHSD1_90272,44.2568774676202,0.9607213310560558,0.31511629370326394,3.04878341822825,0.0022977006533840398,0.0220070546713048
20213,RPA1_90274,592.4228190249121,-0.6313565268297829,0.137575962650642,-4.58914853049611,4.45057676153064e-06,0.00015781307434738998
20214,HBP1_90275,779.839028881336,1.50170065985778,0.23037592703614604,6.518479075386031,7.102384267963709e-11,1.2128255661793798e-08
20225,PMS1_90293,387.027511617756,-0.7620640231650708,0.168927575833375,-4.51118782357208,6.44656057616486e-06,0.000213427201932315
20264,PRTG_90342,185.14661785133598,1.2607326931669498,0.37861470007695003,3.32985669312553,0.000868906922236487,0.0105784934679035
20278,ZNF414_90362,262.042510732427,0.46909004268994703,0.134447181571789,3.4890284586551297,0.000484779534239615,0.0068553631236587705
20295,HNRNPUL1_90382,254.889954967488,-1.02988233744633,0.36576413408563396,-2.81570072478786,0.0048670982250699395,0.0378198547184721
20307,PLEK2_90397,330.341828938156,0.7636980349397059,0.250241833082834,3.05183999626038,0.00227443304015578,0.0218810911750495
20332,SCN9A_90433,41.784270401801706,1.1930039380484199,0.43881423683867,2.7186992533403798,0.006553916846652821,0.0470793890741346
20336,GMPR2_90439,434.832075784605,0.607788041834824,0.18685407989756,3.2527416161747005,0.0011429737763759302,0.0130232780244133
20338,NT5C2_90441,976.0172381030529,0.989454218919646,0.321165598000182,3.0808225572126298,0.0020642962860291103,0.0204195405488459
20341,FN3KRP_90446,470.12709911571295,-0.591355377178556,0.217389601006732,-2.72025604923136,0.0065231383890337795,0.0469015457135071
20358,NPC2_90469,815.694816530364,0.9742569250665541,0.19670036170042998,4.95300017063683,7.30779106577054e-07,3.44874590732982e-05
20390,PHKG2_90506,53.056846427442295,-0.8936888426862042,0.297125870098125,-3.0077786306223198,0.00263164757639327,0.024299782510956
20473,MAD1L1_90612,36.152172308924996,-1.21160656451976,0.406457747729044,-2.98089179327798,0.0028741032775819802,0.0259388820142274
20482,HEXD_90622,165.325626427457,0.8022994061278801,0.21598823217663998,3.7145514736735294,0.000203564432479028,0.00344890235602196
20497,CMTM3_90644,219.251256459212,1.35503459716428,0.176223462385003,7.68929732071588,1.47945297634256e-14,6.00010647717931e-12
20507,PYCR2_90658,292.745156167412,-0.7864245981623371,0.287911894160356,-2.7314765875019003,0.0063051220654347295,0.0457879587730029
20512,LMF1_90666,55.520535952871704,1.5566984869689098,0.438585553836005,3.54936106160712,0.00038616718941381897,0.00578048187337088
20532,YIPF4_90696,612.145181448306,0.5129576035743211,0.189444780832788,2.70768928718643,0.006775342162639329,0.0480756646182248
20562,SRRT_90735,547.777764093955,-0.789504894479334,0.22795793566475897,-3.46337973353295,0.0005334349988023219,0.007341377958066309
20593,CLIC3_90770,110.954338508412,1.53805533825937,0.26819026549388697,5.7349409585279,9.75463203077021e-09,9.24055580257925e-07
20606,SRCAP_90788,623.707820454638,-0.9718886414242829,0.281911801215324,-3.4474918653084505,0.000565817445819787,0.00768919247314052
20622,NAA40_90807,214.68167270512402,-0.8034888656425799,0.24632951576126397,-3.26184567512932,0.00110689385485774,0.0127238870224479
20627,ABCB9_90815,150.186973406121,1.1587870784603898,0.260305128860685,4.45164904561128,8.52133553274864e-06,0.00026777213691044
20636,ENDOV_90828,86.16349385197559,0.72665559324586,0.261692092494494,2.7767579307393397,0.00549040527743735,0.0414511225657836
20646,TCTEX1D2_90839,166.858156888989,-0.738614115845184,0.202553909572625,-3.64650634195908,0.000265829920140217,0.00429005228412081
20653,FBXO17_90847,20.878172724619397,-2.03892785207242,0.733909547404585,-2.77817322214015,0.0054665467327871895,0.0412950194983191
20671,ABHD4_90868,288.528627760769,0.9271252306988491,0.23586072874834899,3.9308164424779903,8.465788867269091e-05,0.0017033954716188901
20689,ZCWPW1_90889,45.10369607968121,1.77121146294089,0.48480142967606105,3.6534782171009503,0.000258711745787656,0.00420220405110412
20696,SP140_90899,129.87838747765,1.22667368840581,0.387075673646974,3.16907977411304,0.0015292241607836,0.0162275316096889
20710,SRSF1_90916,1607.7679834600399,-0.718562896042851,0.138930124109433,-5.17211728305122,2.31456224481361e-07,1.2944247229708699e-05
20729,DTNBP1_90939,1468.1395003115197,0.8736745421963841,0.32246804531819,2.70933680059462,0.006741786342856861,0.0479950099602832
20730,ZNF589_90940,346.392737676278,0.978637270663417,0.264317336426299,3.7025088247902205,0.000213477932605374,0.0035934067566180897
20753,BTBD10_90965,346.9169246628,-0.626971702733943,0.23131583514439003,-2.7104573378756296,0.00671904916261401,0.0479374445897925
20776,ARMC12_90998,6.6170889475536505,-5.16782099953424,1.79686896715652,-2.87601438613086,0.004027313562370171,0.033164007241396
20778,GSTM4_91003,217.94573445777598,0.353373310560241,0.10943437194842402,3.22908885269414,0.0012418530473993301,0.0139297915722978
20785,CYFIP1_91011,68.8698486217758,1.0248203905239202,0.29436471486035,3.4814647910844503,0.000498679337416224,0.00699660588214892
20831,LEPROT_91068,1103.72935582653,0.565569149767692,0.18410852585402102,3.07193350847929,0.0021267709395993897,0.0208852076861031
20851,IGHMBP2_91093,116.05407211395399,-1.68820992839333,0.440285512363902,-3.83435266658967,0.00012589540567878999,0.00233744002131522
20872,DNM2_91122,266.344644440147,-0.7471266293518349,0.260963561694023,-2.86295383348513,0.0041971171242564,0.0341505868580562
20878,KANSL1L_91131,202.092322436376,0.6784417812305931,0.24639407179272,2.75348256674509,0.00589649104986286,0.0434059335479978
20913,LIN52_91175,97.503321329142,-1.1349266439755,0.22057221773839303,-5.1453744066787195,2.6698777634161703e-07,1.4682065090514902e-05
20922,OPN3_91185,55.480936506371094,0.7513228199088359,0.25913958843223395,2.89929772773915,0.0037399957162147705,0.0315384434080801
20924,SCAPER_91189,77.4654548690912,-1.02524767750818,0.35024925021416403,-2.92719449615175,0.00342034909399499,0.0296323701881622
20931,DNHD1_91200,97.02547830654741,1.1155210724778701,0.24013243290105302,4.64544109681977,3.3935059164169897e-06,0.00012509464279956498
20933,SPATS2_91202,66.42841596422599,-0.8883529667313219,0.32743962924715897,-2.71302825737313,0.00666714210364314,0.0477254110430671
20944,CEP152_91214,112.16727190013901,-1.23549701344263,0.27652969197297195,-4.467863847197219,7.90045613901102e-06,0.000251304215127659
20946,METTL4_91216,13.3541661432982,-6.1767561499889405,1.3290810875486,-4.64738849108264,3.36163705367578e-06,0.000124294375164115
20949,DECR2_91220,54.3303192079459,0.8685148634039129,0.20417317056658202,4.25381484253675,2.10159097816426e-05,0.0005694039188855071
20954,GALT_91226,59.8298029035711,0.895139313097827,0.319234227423251,2.80402048465505,0.00504696984066155,0.0388952343183525
20977,PABPN1_91255,269.860988011253,-0.9126878775634331,0.30543532211756397,-2.98815432097318,0.0028066779787908,0.0254720746914314
20993,BBS4_91274,75.9556212949022,0.7412172978829001,0.19337348558851603,3.8330865042178304,0.00012654542868850702,0.0023443148052671
21003,HAUS5_91284,9.61352165931025,-5.70185833491366,1.8610037977670402,-3.06386174050539,0.0021849986510579103,0.0212093586338292
21005,GNPTAB_91286,405.463872154548,0.921446300745825,0.17671219233861,5.214390068684,1.84423031491358e-07,1.06375204564215e-05
21017,ITSN2_91309,721.455497402846,1.00883579730264,0.335689258408716,3.00526684137847,0.0026534794698656198,0.0244579947158495
21030,SLC38A6_91324,433.62209501803,1.06459671269005,0.34540305781673303,3.08218670506071,0.0020548590878242,0.0203869941275464
21045,CCND3_91346,85.95324915244619,-1.08401117630106,0.38769205049282296,-2.79606242873203,0.0051729407038544105,0.0396778989228131
21046,ADCY3_91347,45.613447384397794,-1.0924591254852398,0.31192289831858,-3.50233705628583,0.00046119578177447596,0.006621016433483571
21048,ZSCAN18_91350,323.07762667959497,0.6154477624166279,0.188009581253794,3.2734914801274706,0.00106227593019002,0.0123532410591453
21062,DCAF8_91367,41.772085743112996,1.71909202491216,0.442400767758943,3.8858251390939396,0.00010198289667309,0.0019932741461195303
21063,MYO18A_91368,442.59856304982003,1.6050873440345401,0.429080492644656,3.7407604669732497,0.000183464306941422,0.00318741603144012
21070,IGFLR1_91376,6.578396811028201,-5.15754990512572,1.8195059102227802,-2.8345881572290295,0.00458847960640675,0.0362892345968819
21074,PANK4_91382,22.141421758933102,-2.39696648231504,0.62825962939527,-3.81524829889552,0.00013604606635038798,0.00248355171297022
21097,KDM5B_91418,169.64007177557198,0.5158138615758739,0.16009447214700698,3.2219342408164198,0.00127328354808604,0.0142311961870651
21102,HDAC5_91427,39.8085457950734,1.3320700196253,0.272577864160511,4.88693395455213,1.02418431962397e-06,4.59926093428371e-05
21104,NBPF3_91430,49.776902029174,1.0788110834108,0.36808220669106295,2.93089713058654,0.0033798468190854303,0.0293206230067452
21113,INF2_91441,10.154065577288302,-5.7758807831762,1.33075566473498,-4.34030148150936,1.42287363934845e-05,0.000403710757098396
21125,DNHD1_91458,26.117851519477302,0.8521196647061651,0.30578355960209197,2.78667586254475,0.00532517146637745,0.0404939597385502
21129,ACACA_91463,352.07768013151497,-0.9913135023725691,0.27300939269134,-3.63106006207388,0.00028225948099590097,0.004505736216930879
21138,CEP152_91479,217.836583209983,-1.07896234311895,0.37102566529557207,-2.90805311880355,0.0036368655631515796,0.0309706307602239
21141,VAC14_91482,451.618983299834,0.9308232394669481,0.227570335067815,4.0902661552507205,4.3087844788249394e-05,0.00103519023024339
21146,RAD50_91490,845.668153269838,1.10581617932978,0.365208691308605,3.0279021437508797,0.00246257816415138,0.0231421719148129
21149,SRCAP_91495,37.2330442641423,-1.1635565536721102,0.34094689500703307,-3.41272078060167,0.000643178046301858,0.00848289093994462
21155,ZNF286B_91502,16.830333862522398,-6.51285104652623,1.70188738807991,-3.82684018469289,0.000129798725713843,0.00239619895066039
21158,PSMD1_91505,266.169872712088,-0.9498694667164059,0.24106304182868,-3.9403363514821406,8.136744259996851e-05,0.00166035639946917
21180,INTS3_91538,770.373794644495,0.557841719495324,0.201576927182388,2.7673887447971,0.0056507328888346295,0.0422681333897959
21200,SPATA7_91570,57.8341418321465,0.9586453773983951,0.21567673093323,4.44482524030455,8.7963341567127e-06,0.00027399312839159
21209,ITSN2_91586,84.4482084122796,0.79743432345295,0.18029275815290302,4.42299697238344,9.73411060464619e-06,0.00029585313214777097
21213,SLC26A11_91591,87.8900139741747,1.77745332602164,0.31844424044006103,5.58167836091291,2.38208596146066e-08,1.98250800084211e-06
21226,TTC12_91608,811.112265806929,1.25862534770314,0.343515309705102,3.6639570701627098,0.000248348428056254,0.00405417094253341
21234,PANK4_91620,35.4202108144278,-1.5502406457101003,0.496759047817345,-3.1207094315071404,0.00180415957235023,0.0184929950547821
21247,ASCC1_91638,9.36687404320296,-5.6629151749357804,1.48971753380959,-3.80133484799246,0.000143918651954347,0.0026013597006455604
21250,CARS2_91643,480.413220330571,0.648463291149776,0.107378503114956,6.03904200876734,1.5503188348748802e-09,1.8458750311014897e-07
21259,METTL4_91658,8.48608902700045,-5.52816484644992,1.4337794834628002,-3.85565905371901,0.000115418257786173,0.00218671262707877
21273,PHKB_91676,79.9112206332976,0.7878839021644459,0.24689886164301297,3.19112002753433,0.00141722390440958,0.0152257713836321
21277,HEXD_91681,80.6431047421629,0.737860119194798,0.21577212424253603,3.4196267093585098,0.0006270712085884831,0.00835536975878987
21288,DCAF8_91694,886.7381215332421,0.253177333646482,0.0894738674836271,2.82962322705914,0.0046602849606302,0.036610158958909
21324,CEBPZOS_91748,497.057220170986,0.7127869679900609,0.229377283082573,3.1074871862243905,0.0018868516502161601,0.0190861735904173
21350,M6PR_92323,1994.6549751420898,0.799534480634021,0.22493452527986602,3.55452094176841,0.000378668354019511,0.0056903314144685
21357,SLC25A5_92330,960.0733824951669,-0.809673572566458,0.252067548620242,-3.2121293557953705,0.0013175503637066698,0.0145194609696118
21368,PTBP1_92341,745.150667543472,-1.31831385141986,0.44883376625719607,-2.93719846974352,0.0033119207127357,0.0289247018909044
21373,HMGB3_92346,98.0709163646743,-0.6976543604057261,0.23454245993068104,-2.9745333131234197,0.00293434592517278,0.0263542847175725
21375,ABCF2_92348,336.543758584496,-0.59433476756372,0.17335561631103102,-3.42841368633466,0.0006071195554341831,0.00813966693225706
21390,MRTO4_92363,9.65904242595362,-5.70594688503394,1.67712425986171,-3.4022207069525296,0.000668406349483217,0.00873572769747552
21395,NCKAP1_92368,769.8601371044341,0.7460945257538979,0.160245568575259,4.65594482510445,3.22498299127225e-06,0.00012068767228286399
21401,MTHFD2_92375,358.53975637326204,-1.2262638673753101,0.23257132971794697,-5.272635577491299,1.3447842486604e-07,8.3107666567213e-06
21407,RHOA_92381,1137.51551627035,-0.500784840699217,0.162770560454186,-3.07663031510031,0.00209354769088753,0.02061461451619
21410,SDHA_92384,565.056027570153,-0.4540757343131471,0.135002075173218,-3.36347225574521,0.0007696857230705809,0.00969804011068932
21441,NUDC_92416,90.43094536584779,-1.70630572555994,0.6162212170759039,-2.7689824340302795,0.0056231666855496,0.0421104773485647
21446,SUPT16H_92421,774.7736600950591,-1.0493909585205001,0.21846511939879198,-4.80347142559133,1.55938151768699e-06,6.635296175915329e-05
21448,GEMIN2_92423,82.75262517584609,-0.8350800413740171,0.270783954626576,-3.0839347276895896,0.0020428240941996103,0.0202999778671689
21459,HNRNPM_92434,876.447268509211,-0.515160321398065,0.182431506690712,-2.8238560912148194,0.00474496844842947,0.0370295854021153
21464,RANBP1_92439,546.340018221378,-1.47949345562488,0.26385495158681,-5.60722263018862,2.05599127531261e-08,1.75543781388204e-06
21478,NOP56_92455,791.3008562310339,-1.01358517472419,0.229157557064916,-4.423092948390339,9.729785662322309e-06,0.00029585313214777097
21480,CHMP4B_92457,2236.4043871421104,0.4884277464020739,0.173344232437778,2.8176752092250603,0.00483727143990816,0.0376819380234862
21489,PSMD7_92466,648.831121162955,-0.791958271014136,0.217287421754971,-3.64474972650375,0.000267652134687187,0.0043096642729160105
21528,BET1_92505,880.3596434837821,0.663416054289625,0.19258683286733802,3.4447633018951804,0.000571559660032789,0.007750994010350609
21540,EXOSC3_92518,9.55353616286019,-5.69135927349425,1.85505845232966,-3.06802153126054,0.0021548109165694,0.0210264181016825
21547,GOSR2_92525,8.47778262269482,-5.51963824362308,1.4572210858808299,-3.7877836775101805,0.00015199709667591398,0.0027321583388642896
21549,PFN1_92527,3153.48303342127,-0.49446609900257604,0.14164163745470001,-3.49096570675212,0.000481278024200201,0.0068262581399674395
21574,PPP6R3_92552,166.81686020978398,-0.825331922878646,0.28356572004053904,-2.9105489999307994,0.00360794388679981,0.0308254744982804
21594,HMGCS1_92572,282.267860378739,1.4378565771464802,0.285974766515848,5.02791415712826,4.95843739702193e-07,2.49420932319964e-05
21599,RAD1_92577,734.695001676874,-1.06071122415757,0.200395027888804,-5.29310150721976,1.2025912353887901e-07,7.61328246481741e-06
21606,ARMC8_92584,26.325825866797103,-2.31560100865057,0.6497917250931751,-3.5636049509841503,0.000365796344479062,0.00555890510380476
21609,ARMC8_92587,172.403299550947,-0.421168261351084,0.151717184039161,-2.77600895388602,0.005503069290757371,0.0414938441090616
21613,ACTR3_92593,1760.5641210033898,-0.521376919492326,0.19331140206941397,-2.69708312034854,0.00699498076527377,0.0493559739426619
21620,PARK7_92600,635.415950166481,-0.532288782674852,0.17983699173379503,-2.95984033953801,0.0030779851374567397,0.0273416092497698
21626,NEK2_92606,604.909667314034,-0.7563643663224681,0.19199270401373603,-3.93954744378389,8.16354574937716e-05,0.0016626027685091099
21632,MFSD1_92612,38.273103175159,1.07302309825385,0.319479041617953,3.3586650717984,0.0007831992883190839,0.0098206380326619
21646,TCP1_92626,365.965690896696,-0.831623843770543,0.20055026554404798,-4.14671025996667,3.3728644186433694e-05,0.00085020229451508
21647,EXOSC8_92627,342.06787955117403,-1.41745424858204,0.408067748059502,-3.47357578569368,0.000513572304325551,0.007136125659033191
21648,TMPO_92628,974.812857037926,-1.42453970347193,0.14099569671081,-10.103426818718699,5.334484437084309e-24,1.15384898374134e-20
21649,TMPO_92629,497.795939128061,-1.22808126583433,0.21218239447309098,-5.787856569740419,7.12902422269802e-09,7.11905748555774e-07
21662,PSPC1_92642,174.924907641845,-0.77474887849972,0.17789360885777203,-4.35512486072021,1.3299109042922198e-05,0.00038612044107168704
21682,H2BC11_92662,1959.6793721762601,-1.33802797661027,0.369744397167871,-3.6187917568437897,0.000295981685127206,0.00467305390459961
21687,EEF1E1_92667,1178.11451244717,-1.06341461068144,0.337538541999977,-3.15049832348186,0.00162992192121065,0.0170215438808735
21694,MSTO1_92674,161.59300249559098,-0.733709468257771,0.25020184344405105,-2.93247027343282,0.00336277113485897,0.0292376522070867
21720,DUT_92700,820.5080903238969,-1.07024361184467,0.190523368472118,-5.61738762246004,1.9386618052023e-08,1.67733019386103e-06
21722,SUMF2_92702,2739.2135629970603,0.995588864184331,0.30941999512364,3.21759705214431,0.0012926928460118099,0.0143582315881914
21727,PHF10_92707,691.9351733898401,-0.48776720366864207,0.137573345771529,-3.54550658729116,0.000391859193291876,0.00584570593746561
21736,GINS2_92716,231.540344113826,-1.32223018269989,0.267973781383402,-4.93417742539566,8.048924863767749e-07,3.75751607489129e-05
21745,SNRPA1_92725,971.2835448876849,-1.22862405655914,0.42572894108018605,-2.88593031387953,0.0039025855680986,0.0324249395024223
21753,NIP7_92733,23.1146165122639,-2.51601067947694,0.630188738785068,-3.99247165908983,6.53881499786501e-05,0.0014167068621417699
21779,CCT7_92759,752.6951367647839,-0.5267446055539461,0.168967674029667,-3.11742828075779,0.00182436329296407,0.0185553188213853
21790,CCDC90B_92771,423.37709253681703,0.659204928528687,0.19619217856691898,3.3599959659138,0.0007794361062234059,0.0097919474132882
21791,SDCBP_92772,695.333346605398,0.674958440295901,0.247131543804151,2.73117073565809,0.0063109767669396605,0.0457879587730029
21799,DUSP5_92780,508.053784067137,1.1845670175140801,0.267221504466148,4.43290303256316,9.29726868961929e-06,0.000285248115966618
21816,HNRNPD_92797,2194.0489618121696,-0.6161660453685269,0.211954458861825,-2.90706809697366,0.00364833766782051,0.0309869936210566
21849,TPM3_92830,1457.8074088876401,-0.8131218682765099,0.24463274638102497,-3.32384719668739,0.0008878482862365211,0.0107285801292156
21852,SRP9_92833,647.150983362998,-0.964501202885395,0.33439021538825603,-2.8843583289825805,0.00392212188012551,0.0324625623471103
21857,HSPD1_92838,11.150869602732598,-5.91273732504544,1.68411117700124,-3.51089488971493,0.000446600947343271,0.00643998566068997
21859,RPL32_92840,9.83912051013019,-5.735320497898929,1.6481446324959799,-3.4798648036205697,0.0005016668681070839,0.0070275894426910105
21871,WTAP_92853,342.896213342673,-0.398554377986725,0.11847785135921199,-3.3639568359351,0.0007683355889938969,0.00969043661220874
21880,MRRF_92863,105.92874932009501,1.36240521417628,0.3138159403349389,4.34141494763512,1.41568078702263e-05,0.000403710757098396
21882,GSTO1_92865,2913.5718152632503,1.02039824592123,0.300124833461056,3.3999127434872403,0.000674073601549772,0.00879208763910848
21886,SERPINH1_92869,28.5172581633698,0.9703534292674291,0.331912957731351,2.9235177677300204,0.00346100472192644,0.0298253116076768
21892,CCT5_92875,3723.4405754791705,-0.782375336300494,0.23503245561832398,-3.32879701334107,0.000872219486272299,0.0106054308087263
21896,EIF4E_92879,296.730676193417,-1.2005885152941398,0.264588647653685,-4.53756624080702,5.6907158337444e-06,0.000193335366728625
21910,EEF1A1_92893,2383.97202927535,1.33482884768752,0.39794034803027206,3.3543440726598,0.000795533749894097,0.00992014028412086
21921,H2BC5_92904,764.1885063616729,-1.82353663177679,0.328291008132965,-5.554634719200781,2.78192889945845e-08,2.24247659982434e-06
21923,DONSON_92906,84.1570704786029,-0.9251346892506179,0.33327904230961497,-2.7758561799729704,0.0055056556908463705,0.0414938441090616
21924,DONSON_92907,362.38851076228104,-1.1653663526462599,0.24281103319878197,-4.79947857926295,1.59079248464511e-06,6.70302106030006e-05
21925,DONSON_92908,285.192435301586,-1.69550612266154,0.528765280966636,-3.2065382953320802,0.00134342422425203,0.0147006404572874
21926,FAM207A_92909,8.01971877053126,-5.438310243242809,1.6497270214515,-3.2964909785244,0.0009790075877877651,0.0116330240856948
21932,LSM12_92915,333.932770565731,-0.8467566799340409,0.18949036315336898,-4.4686002276997,7.873311961779e-06,0.000251056124422526
21933,LARP4_92916,44.0385167035321,-1.7642683921704998,0.606336779121947,-2.9097169311177002,0.0036175623747034297,0.0308835794844266
21935,RPL26_92918,493.52697691123706,-0.6874049433385601,0.254227737060535,-2.70389435585024,0.0068532073797524,0.0485220542140898
21955,H2AZ1_92938,1268.4228763097901,-0.890891930599799,0.21900824039304898,-4.06784662075243,4.7449595719139395e-05,0.00111356392991499
21956,HMGB2_92939,689.4366249909191,-0.8487626862837729,0.147324294949683,-5.761186140912209,8.352486297617411e-09,8.125909756297791e-07
21958,LSM6_92941,2008.0265098047,-0.7555281819156021,0.24065268432243203,-3.13949617492456,0.00169238624016739,0.0175149829544596
21987,CENPN_92970,172.02978258469201,-1.6234569049781697,0.365313552481535,-4.444009519904769,8.82976948823533e-06,0.00027414533114430203
21988,CENPN_92971,335.338053010931,-1.1830350126228202,0.21707300826556697,-5.44994065395496,5.0386630822700306e-08,3.6944502532034105e-06
21997,FN3K_92980,115.386642121309,1.0320964418757,0.34621267555700896,2.9811052995538097,0.00287210017208926,0.0259388420552362
22012,TSR1_92995,638.428723732287,-0.6275918746140781,0.169250016001479,-3.7080757180465698,0.00020884021620811498,0.00353367447972479
22029,MFF_93012,29.9880623360204,1.80164519770708,0.66038445619736,2.72817626278086,0.00636855679920718,0.0460451978496439
22067,TRMT112_93050,4525.9199334647,-1.26597096589276,0.20141862699534901,-6.2852725429510405,3.2727901850206696e-10,4.6167685892606796e-08
22075,RALGAPA1_93058,7.65900201287797,-5.378270679213361,1.82279351394003,-2.95056496420598,0.00317193331854013,0.0279846027246864
22076,RPL4_93060,1920.05936287274,0.53149309582764,0.12291510085165501,4.32406671064033,1.53178942762526e-05,0.000432164417211317
22100,TGIF1_93084,173.391790910545,0.7263369812959158,0.267747001308181,2.71277354273668,0.00667226867386862,0.0477357788585816
22102,POLR2L_93086,769.432291414823,-1.00276709326814,0.35931897881262,-2.7907434686078,0.00525871331583964,0.0401456361252746
22106,C2orf69_93090,314.629371812526,-1.17425214623396,0.178037936628783,-6.59551648636732,4.2377793908521605e-11,7.746183230208359e-09
22112,MRFAP1_93096,1576.6292832646802,-0.985517594992808,0.22349633377880498,-4.409547030727481,1.03587061063873e-05,0.000311914820994651
22120,H2AC6_93104,128.49533433807,1.30847349129817,0.20727746951326198,6.31266627468383,2.74268524936527e-10,3.99938979396208e-08
22132,GLRX5_93116,443.061669987725,-0.648003960133511,0.217078003822485,-2.98512031952999,0.00283466800050399,0.0256543384313394
22146,ALYREF_93130,1821.58493239129,-0.8299113267010508,0.131374718185809,-6.317131166190371,2.6646341399392e-10,3.9297297577421496e-08
22158,H2BC13_93142,354.780124516373,-1.50848749086007,0.25339510858979697,-5.95310422231571,2.63103627298082e-09,2.94358523713319e-07
22186,TOMM7_93170,264.549407065454,0.706488361419913,0.209291902205392,3.3756125008916498,0.000736515732537342,0.00936190125060688
22200,HNRNPAB_93184,1512.79252623668,-1.434504405531,0.16002549593397303,-8.96422408915945,3.12473029538407e-19,3.1194422902687995e-16
22209,SDAD1_93193,961.784016067794,1.1411471239485,0.360381368839402,3.1664986667416697,0.0015428605334342,0.0163455053084972
22215,MDM4_93199,986.204366603759,1.1190773586832299,0.387480460657382,2.88808720002204,0.00387592405289014,0.0322240501975709
22224,TSEN15_93208,826.810053420643,-0.591651890856588,0.122216407999419,-4.84101848959104,1.29175351589946e-06,5.58812570978105e-05
22225,TSEN15_93209,1062.39587563483,-0.6862850062569921,0.177305961967589,-3.8706256610956,0.00010855638102288101,0.00209337995975475
22226,RUNDC1_93210,286.412096763429,-0.46232033032975106,0.162765341041168,-2.84041017192239,0.004505556023172029,0.0358520812078567
22236,MZT1_93220,13.770679239054198,-6.21610293528932,1.72136749283759,-3.6111422814441494,0.000304851351162702,0.0047839913366258206
22253,DHFR_93237,118.831998072971,-1.55030474515845,0.47053325389121203,-3.2947825309640897,0.000984978737047558,0.0116846929153594
22254,DHFR_93238,54.8833374890627,-1.4302046469893799,0.326528478753856,-4.3800303497187505,1.1866278068288001e-05,0.000350001265386913
22274,NBPF15_93259,1177.01666772573,0.586859086919278,0.165511054452163,3.54573952091457,0.000391513000415298,0.00584570593746561
22286,H2AC15_93271,512.78136819132,-1.7132661629681498,0.320004440772579,-5.3538824612304,8.60867921037579e-08,5.73032679229085e-06
22287,H2BC3_93272,519.970971116849,-1.62124641874587,0.20079155865700402,-8.07427577926875,6.787830717581809e-16,3.14615953759917e-13
22296,FNTA_93281,420.426467789189,0.6372829277695029,0.160475863730029,3.97120733895293,7.1509308866872e-05,0.0015213898532365
22317,YBX1_93302,236.311557758141,-0.5915579314968861,0.169433726521257,-3.49138240445104,0.00048052794644086103,0.00682307624607166
22319,HNRNPH1_93304,1722.84772422987,-0.6914380704090699,0.12237651479330999,-5.65008794029546,1.60365775920836e-08,1.40623448641933e-06
22320,HNRNPH1_93305,1310.68225139981,-0.9557604259298169,0.241852805086235,-3.9518269204652405,7.755682772802009e-05,0.00160616449102353
22321,HNRNPH1_93306,2304.6845483533602,-0.6860366046984661,0.201098183128868,-3.4114510336417996,0.0006461810624276861,0.00851384551084925
22322,HNRNPH1_93307,94.0560596237614,-0.9967263006896699,0.36116146812474803,-2.75978028848137,0.00578402466716761,0.0429434051089824
22370,HNRNPC_93356,284.971622250613,-0.8838367548549521,0.323772059650245,-2.72981169471423,0.00633705112933018,0.0458836265897069
22406,HDAC5_93393,124.450392897556,1.36277680641676,0.265355068602664,5.13567279341231,2.8113643264983697e-07,1.52660611838058e-05
22429,SATB2_3824,39.7577155925697,0.8059688803232341,0.226405132239223,3.5598525190305095,0.00037106312433247003,0.00561265411140652
22461,GOLGA5_15814,188.67694873904702,1.27018133309336,0.400171950751,3.17408886532306,0.00150307664069428,0.0160287006104605
22482,HDHD2_20960,98.8916512219126,0.566397343050604,0.198144568144405,2.85850552631763,0.00425641694662015,0.0345159378287708
22532,HDAC5_93392,61.1534776922966,0.9064076584390259,0.22856197667160102,3.9656974954384396,7.318162824316791e-05,0.00154431084770704
